kind,name,slug,file,repo,bytes,chars,lines,nonblank,sloc,comment,tok_o200k,tok_cl100k,tok_code,tok_comment,chars_code,session_total,session_read,session_patch
fw,Angular,angular,src__material__autocomplete__autocomplete-trigger.ts,https://github.com/angular/components,39431,39431,1027,897,661,236,8811,8780,5616,3194,24496,5898,2611,269
fw,Angular,angular,src__material__datepicker__datepicker-base.ts,https://github.com/angular/components,30253,30253,882,767,595,172,6992,6939,4835,2158,20339,5401,2459,248
fw,Angular,angular,src__material__form-field__form-field.ts,https://github.com/angular/components,33748,33748,831,738,535,203,7794,7683,5118,2674,21292,6138,2707,376
fw,Angular,angular,src__material__icon__icon-registry.ts,https://github.com/angular/components,26692,26692,742,638,372,266,6319,6235,3399,2920,13853,6045,2671,355
fw,Angular,angular,src__material__schematics__ng-generate__theme-color__index.ts,https://github.com/angular/components,47713,47713,1162,1074,891,183,12555,12582,10633,1920,38082,5628,2577,263
fw,Angular,angular,src__material__select__select.ts,https://github.com/angular/components,48004,48004,1446,1248,938,310,11218,11110,7513,3705,30976,5308,2356,354
fw,Angular,angular,src__material__sidenav__drawer.ts,https://github.com/angular/components,37797,37797,1102,959,715,244,9027,8940,5884,3140,23613,5476,2408,264
fw,Angular,angular,src__material__slider__slider.ts,https://github.com/angular/components,29515,29515,982,810,691,119,7586,7501,6183,1403,23484,4686,2095,238
fw,Angular,angular,src__material__tabs__paginated-tab-header.ts,https://github.com/angular/components,26046,26046,686,592,394,198,5910,5853,3389,2521,14285,5891,2719,263
fw,Angular,angular,src__material__tooltip__tooltip.ts,https://github.com/angular/components,40330,40330,1181,1006,792,214,9354,9286,6659,2695,27534,5540,2481,288
fw,AngularJS,angularjs,src__Angular.js,https://github.com/angular/angular.js,62846,62846,2097,1875,836,1039,15960,15685,6853,9107,26084,5387,2360,249
fw,AngularJS,angularjs,src__jqLite.js,https://github.com/angular/angular.js,37279,37279,1177,994,760,234,9273,9133,6168,3107,23989,4835,2152,271
fw,AngularJS,angularjs,src__ngAnimate__animateCss.js,https://github.com/angular/angular.js,40658,40658,991,861,548,313,8851,8764,4548,4304,21387,5706,2487,341
fw,AngularJS,angularjs,src__ngMock__angular-mocks.js,https://github.com/angular/angular.js,124495,124475,3443,3105,1276,1829,29865,29664,10789,19068,45008,8081,3488,511
fw,AngularJS,angularjs,src__ngResource__resource.js,https://github.com/angular/angular.js,37978,37906,904,829,308,521,8615,8517,2604,6009,12504,5897,2621,438
fw,AngularJS,angularjs,src__ng__compile.js,https://github.com/angular/angular.js,185336,185310,4355,3983,1834,2149,41506,41205,16847,24654,76753,5450,2475,248
fw,AngularJS,angularjs,src__ng__directive__input.js,https://github.com/angular/angular.js,102537,102537,2373,2156,666,1490,25259,24896,6093,19166,22845,6906,2993,407
fw,AngularJS,angularjs,src__ng__directive__ngModel.js,https://github.com/angular/angular.js,54120,54120,1383,1281,418,863,12905,12851,3487,9413,14226,6040,2669,280
fw,AngularJS,angularjs,src__ng__http.js,https://github.com/angular/angular.js,62670,62598,1557,1432,448,984,14646,14614,3728,10914,16468,8530,3742,568
fw,AngularJS,angularjs,src__ng__parse.js,https://github.com/angular/angular.js,66056,66036,2018,1832,1668,164,15909,15808,14076,1830,57699,5644,2467,318
fw,ASP.NET CORE,asp_net_core,src__Mvc__Mvc.Abstractions__src__ModelBinding__ModelStateDictionary.cs,https://github.com/dotnet/aspnetcore,43687,43687,1267,1082,785,297,9012,8707,5317,3694,27641,4151,1894,178
fw,ASP.NET CORE,asp_net_core,src__Mvc__Mvc.Core__src__ControllerBase.cs,https://github.com/dotnet/aspnetcore,146120,146120,2847,2620,1240,1380,32583,31804,9994,22586,50065,9875,4321,565
fw,ASP.NET CORE,asp_net_core,src__Mvc__Mvc.Core__src__Diagnostics__MvcDiagnostics.cs,https://github.com/dotnet/aspnetcore,52580,52580,1430,1232,590,642,11417,11043,5981,5463,29766,5488,2439,262
fw,ASP.NET CORE,asp_net_core,src__Mvc__Mvc.Core__src__Infrastructure__ResourceInvoker.cs,https://github.com/dotnet/aspnetcore,59432,59432,1605,1362,1309,53,9463,9535,8640,823,54846,3627,1653,225
fw,ASP.NET CORE,asp_net_core,src__Mvc__Mvc.RazorPages__src__PageBase.cs,https://github.com/dotnet/aspnetcore,79300,79300,1584,1441,641,800,17530,17121,5271,12253,27205,7930,3529,408
fw,ASP.NET CORE,asp_net_core,src__Mvc__Mvc.RazorPages__src__PageModel.cs,https://github.com/dotnet/aspnetcore,84279,84279,1720,1561,720,841,18619,18179,5813,12801,29951,8184,3675,439
fw,ASP.NET CORE,asp_net_core,src__Mvc__Mvc.ViewFeatures__src__DefaultHtmlGenerator.cs,https://github.com/dotnet/aspnetcore,61182,61182,1653,1437,1242,195,11823,11272,9085,2738,48557,4588,2023,236
fw,ASP.NET CORE,asp_net_core,src__Mvc__Mvc.ViewFeatures__src__HtmlHelper.cs,https://github.com/dotnet/aspnetcore,49552,49552,1414,1269,885,384,10220,9981,5696,4524,30341,4809,2056,273
fw,ASP.NET CORE,asp_net_core,src__Mvc__Mvc.ViewFeatures__src__Rendering__HtmlHelperInputExtensions.cs,https://github.com/dotnet/aspnetcore,46807,46807,803,746,219,527,11030,10915,1781,9249,8745,9563,4179,519
fw,ASP.NET CORE,asp_net_core,src__Mvc__shared__Mvc.Core.TestCommon__CommonResourceInvokerTest.cs,https://github.com/dotnet/aspnetcore,79918,79916,2077,1693,1492,201,15768,15529,14847,920,75269,4843,2197,270
fw,Astro,astro,packages__astro__astro-jsx.d.ts,https://github.com/withastro/astro,56494,56492,1573,1475,1271,204,14931,15006,12795,2134,47549,5744,2540,316
fw,Astro,astro,packages__astro__src__cli__add__index.ts,https://github.com/withastro/astro,34429,34429,1170,1067,1021,46,9090,9078,8483,608,31976,4475,1999,250
fw,Astro,astro,packages__astro__src__content__runtime.ts,https://github.com/withastro/astro,24141,24135,822,745,695,50,5997,5942,5303,693,21174,5248,2256,359
fw,Astro,astro,packages__astro__src__content__utils.ts,https://github.com/withastro/astro,25501,25499,898,813,779,34,6528,6447,6125,401,23671,5086,2206,366
fw,Astro,astro,packages__astro__src__core__errors__errors-data.ts,https://github.com/withastro/astro,100560,100533,2292,2194,906,1288,24149,24082,12056,12094,50867,7555,3421,393
fw,Astro,astro,packages__astro__src__core__fetch__fetch-state.ts,https://github.com/withastro/astro,46150,46116,1278,1199,835,364,11447,11437,7081,4365,28076,5582,2606,336
fw,Astro,astro,packages__astro__src__core__routing__create-manifest.ts,https://github.com/withastro/astro,31137,31133,1015,905,810,95,7838,7810,6608,1230,25725,5027,2246,312
fw,Astro,astro,packages__astro__src__runtime__client__dev-toolbar__apps__audit__rules__a11y.ts,https://github.com/withastro/astro,27831,27831,793,730,660,70,7210,7157,6070,1142,23329,6753,3029,407
fw,Astro,astro,packages__astro__src__transitions__router.ts,https://github.com/withastro/astro,27421,27417,746,691,547,144,6586,6498,4471,2119,18021,5849,2580,329
fw,Astro,astro,packages__astro__src__types__public__config.ts,https://github.com/withastro/astro,128185,128176,3657,3535,240,3295,33826,33823,1860,31965,7136,6043,2698,331
fw,Blazor,blazor,src__Components__Components__src__BindConverter.cs,https://github.com/dotnet/aspnetcore,93455,93455,2156,1897,1363,534,20059,19362,12831,7227,62964,5650,2631,202
fw,Blazor,blazor,src__Components__Components__src__EventCallbackFactoryBinderExtensions.cs,https://github.com/dotnet/aspnetcore,63724,63724,1528,1452,790,662,13862,13660,7808,6053,38468,6266,2780,329
fw,Blazor,blazor,src__Components__Components__src__NavigationManagerExtensions.cs,https://github.com/dotnet/aspnetcore,36343,36343,827,695,432,263,7632,7375,3995,3637,20558,8667,3796,493
fw,Blazor,blazor,src__Components__Components__src__RenderTree__RenderTreeDiffBuilder.cs,https://github.com/dotnet/aspnetcore,54996,54996,1116,1016,835,181,10066,10030,7300,2766,39793,6272,2797,398
fw,Blazor,blazor,src__Components__Components__src__RenderTree__Renderer.cs,https://github.com/dotnet/aspnetcore,62702,62702,1430,1254,895,359,12195,12071,6917,5278,37114,5958,2599,283
fw,Blazor,blazor,src__Components__Components__src__Rendering__RenderTreeBuilder.cs,https://github.com/dotnet/aspnetcore,40350,40350,924,834,505,329,8321,8214,4024,4296,20318,5833,2648,252
fw,Blazor,blazor,src__Components__QuickGrid__Microsoft.AspNetCore.Components.QuickGrid__src__QuickGrid.razor.cs,https://github.com/dotnet/aspnetcore,32487,32487,681,593,396,197,6906,6788,3896,3008,18479,5936,2720,316
fw,Blazor,blazor,src__Components__Server__src__Circuits__CircuitHost.cs,https://github.com/dotnet/aspnetcore,55217,55217,1203,1021,898,123,10481,10423,8619,1861,45347,5552,2481,274
fw,Blazor,blazor,src__Components__Server__src__ComponentHub.cs,https://github.com/dotnet/aspnetcore,33140,33140,695,610,459,151,6505,6547,4032,2473,20845,7031,3006,474
fw,Blazor,blazor,src__Components__Web__src__Virtualization__Virtualize.cs,https://github.com/dotnet/aspnetcore,47518,47506,1213,1031,843,188,9800,9687,6980,2818,33901,5157,2346,228
fw,CodeIgniter,codeigniter,system__BaseModel.php,https://github.com/codeigniter4/CodeIgniter4,60630,60630,1994,1713,784,929,14109,14012,6797,7312,28736,5225,2354,226
fw,CodeIgniter,codeigniter,system__CLI__CLI.php,https://github.com/codeigniter4/CodeIgniter4,37450,37450,1193,1016,586,430,8755,8728,5350,3403,22071,4850,2149,205
fw,CodeIgniter,codeigniter,system__CodeIgniter.php,https://github.com/codeigniter4/CodeIgniter4,35472,35472,1203,1015,574,441,7961,7873,4810,3150,21544,4803,2156,286
fw,CodeIgniter,codeigniter,system__Common.php,https://github.com/codeigniter4/CodeIgniter4,41401,41401,1364,1184,673,511,9759,9699,5546,4212,23042,4757,2182,199
fw,CodeIgniter,codeigniter,system__Database__BaseBuilder.php,https://github.com/codeigniter4/CodeIgniter4,106621,106621,3658,3076,1904,1172,26024,25873,17885,8131,72219,5021,2206,250
fw,CodeIgniter,codeigniter,system__Database__BaseConnection.php,https://github.com/codeigniter4/CodeIgniter4,58718,58718,2077,1769,911,858,13228,13161,7489,5739,32567,3731,1696,185
fw,CodeIgniter,codeigniter,system__Database__Forge.php,https://github.com/codeigniter4/CodeIgniter4,38239,38239,1313,1096,740,356,8943,8874,6948,1991,29699,4827,2119,327
fw,CodeIgniter,codeigniter,system__Email__Email.php,https://github.com/codeigniter4/CodeIgniter4,61368,61368,2265,1871,1163,708,15319,15267,11121,4197,44457,5922,2634,300
fw,CodeIgniter,codeigniter,system__Router__RouteCollection.php,https://github.com/codeigniter4/CodeIgniter4,54259,54259,1681,1422,824,598,12652,12597,7705,4945,31813,7118,3141,351
fw,CodeIgniter,codeigniter,system__Validation__Validation.php,https://github.com/codeigniter4/CodeIgniter4,33876,33876,1031,869,575,294,7535,7525,4888,2647,21803,4551,2210,193
fw,Deno,deno,data_structures__unstable_indexed_heap.ts,https://github.com/denoland/std,34887,34869,1040,1005,291,714,9448,9298,2380,7066,8668,5851,2661,331
fw,Deno,deno,expect___matchers.ts,https://github.com/denoland/std,37235,37235,1315,1229,1183,46,8450,8222,8039,411,35323,4367,1937,277
fw,Deno,deno,http__unstable_message_signatures.ts,https://github.com/denoland/std,36007,36002,1155,1062,747,315,8596,8509,5749,2848,23341,5181,2305,218
fw,Deno,deno,http__unstable_structured_fields.ts,https://github.com/denoland/std,39735,39733,1433,1283,781,502,10224,10094,6100,4120,23351,4209,1853,211
fw,Deno,deno,http__user_agent.ts,https://github.com/denoland/std,35765,35765,1261,1219,989,230,11996,12024,9937,2059,28064,7814,3517,308
fw,Deno,deno,testing__bdd.ts,https://github.com/denoland/std,35332,35332,1366,1326,438,888,9654,9574,3248,6403,11811,4236,1884,279
fw,Deno,deno,testing__mock.ts,https://github.com/denoland/std,51859,51859,1808,1759,794,965,13090,12985,5021,8060,20099,4521,2005,281
fw,Deno,deno,xml___parse_sync.ts,https://github.com/denoland/std,46434,46398,1472,1319,1092,227,11119,10953,8459,2655,34228,4769,2130,224
fw,Deno,deno,xml___tokenizer.ts,https://github.com/denoland/std,92510,92478,2658,2456,2015,441,21860,21532,16731,5125,69478,5297,2369,272
fw,Deno,deno,yaml___loader_state.ts,https://github.com/denoland/std,51780,51780,1860,1623,1545,78,12713,12606,11718,995,47356,4328,1959,212
fw,Django,django,saleor__checkout__complete_checkout.py,https://github.com/saleor/saleor,71492,71492,2035,1797,1725,72,14319,14319,13530,786,67405,4384,1928,255
fw,Django,django,saleor__graphql__order__bulk_mutations__order_bulk_create.py,https://github.com/saleor/saleor,97044,97044,2520,2293,2279,14,18255,18193,18090,165,96011,5182,2312,271
fw,Django,django,saleor__graphql__order__types.py,https://github.com/saleor/saleor,116080,116080,3206,2835,2798,37,22435,22382,21933,500,112946,5144,2275,202
fw,Django,django,saleor__graphql__product__types__products.py,https://github.com/saleor/saleor,78829,78827,2073,1856,1841,15,14402,14253,14246,155,77840,4920,2139,295
fw,Django,django,saleor__graphql__webhook__subscription_types.py,https://github.com/saleor/saleor,111017,111017,3340,2744,2742,2,22924,22675,22877,38,110203,4353,1903,214
fw,Django,django,saleor__order__actions.py,https://github.com/saleor/saleor,74528,74528,2111,1875,1821,54,15283,15291,14647,632,70921,4449,1930,255
fw,Django,django,saleor__payment__utils.py,https://github.com/saleor/saleor,76084,76084,2081,1855,1834,21,14615,14490,14304,300,74364,4747,2154,232
fw,Django,django,saleor__plugins__base_plugin.py,https://github.com/saleor/saleor,76487,76487,1904,1672,623,1049,16173,16175,5793,10378,27154,6007,2684,294
fw,Django,django,saleor__plugins__manager.py,https://github.com/saleor/saleor,109089,109089,2855,2599,2300,299,21324,21313,16569,4754,85378,5414,2393,264
fw,Django,django,saleor__plugins__webhook__plugin.py,https://github.com/saleor/saleor,125089,125089,3535,3253,3252,1,23611,23591,23597,11,124751,4484,1985,204
fw,Drupal,drupal,core__core.api.php,https://github.com/drupal/drupal,137996,137988,2988,2936,119,2817,31368,31069,1175,30193,4403,7341,3295,297
fw,Drupal,drupal,core__modules__ckeditor5__src__HTMLRestrictions.php,https://github.com/drupal/drupal,62146,62136,1411,1319,592,727,14432,14370,6606,7826,27887,7014,3173,288
fw,Drupal,drupal,core__modules__jsonapi__src__Controller__EntityResource.php,https://github.com/drupal/drupal,59309,59309,1338,1240,663,577,13781,13564,7850,5931,34226,7483,3370,417
fw,Drupal,drupal,core__modules__system__src__Hook__SystemRequirementsHooks.php,https://github.com/drupal/drupal,77670,77670,1608,1510,1327,183,17454,17345,15330,2123,67468,6625,2988,328
fw,Drupal,drupal,core__modules__views__src__Plugin__views__display__DisplayPluginBase.php,https://github.com/drupal/drupal,89134,89134,2814,2480,1958,522,22443,22253,19025,3413,74593,6608,2992,313
fw,Drupal,drupal,core__modules__views__src__Plugin__views__field__FieldPluginBase.php,https://github.com/drupal/drupal,66140,66132,1925,1731,1285,446,16867,16786,13144,3723,50547,6876,3066,316
fw,Drupal,drupal,core__modules__views__src__Plugin__views__filter__FilterPluginBase.php,https://github.com/drupal/drupal,64531,64531,1809,1641,1086,555,16204,16134,11528,4676,44673,6287,2859,321
fw,Drupal,drupal,core__modules__views__src__Plugin__views__query__Sql.php,https://github.com/drupal/drupal,63393,63393,1927,1717,985,732,16125,16041,9281,6843,35476,6129,2746,308
fw,Drupal,drupal,core__modules__views__src__Plugin__views__wizard__WizardPluginBase.php,https://github.com/drupal/drupal,49279,49279,1310,1199,687,512,12182,12133,7324,4858,28325,6919,3217,307
fw,Drupal,drupal,core__modules__views__src__ViewExecutable.php,https://github.com/drupal/drupal,75273,75273,2620,2289,1083,1206,18945,18821,9378,9567,36048,5173,2269,263
fw,Elm,elm,src__Nri__Ui__Button__V10.elm,https://github.com/NoRedInk/noredink-ui,35798,35798,1337,1021,829,192,8391,8327,6557,1815,28458,3555,1572,167
fw,Elm,elm,src__Nri__Ui__ClickableSvg__V2.elm,https://github.com/NoRedInk/noredink-ui,26954,26954,987,764,641,123,5936,5853,4952,971,22966,3882,1697,228
fw,Elm,elm,src__Nri__Ui__Highlighter__V5.elm,https://github.com/NoRedInk/noredink-ui,63904,63904,1841,1517,1343,174,12244,12290,10063,2174,53437,4762,2150,236
fw,Elm,elm,src__Nri__Ui__Highlighter__V6.elm,https://github.com/NoRedInk/noredink-ui,77359,77359,2209,1831,1616,215,14669,14715,12053,2607,64433,4602,2022,246
fw,Elm,elm,src__Nri__Ui__Menu__V5.elm,https://github.com/NoRedInk/noredink-ui,34816,34816,1081,882,776,106,6677,6570,5616,1052,30176,4112,1804,197
fw,Elm,elm,src__Nri__Ui__Message__V4.elm,https://github.com/NoRedInk/noredink-ui,28969,28967,1022,817,695,122,5574,5479,4583,975,24978,3629,1650,189
fw,Elm,elm,src__Nri__Ui__RadioButton__V4.elm,https://github.com/NoRedInk/noredink-ui,28180,28180,780,660,581,79,6926,6840,6204,716,25034,3894,1754,197
fw,Elm,elm,src__Nri__Ui__SelectElement__V2.elm,https://github.com/NoRedInk/noredink-ui,26548,26548,857,698,573,125,5631,5512,4598,1024,21901,5266,2150,452
fw,Elm,elm,src__Nri__Ui__TextInput__V8.elm,https://github.com/NoRedInk/noredink-ui,33844,33844,1106,925,781,144,7258,7121,5799,1454,27653,4661,2051,267
fw,Elm,elm,src__Nri__Ui__Tooltip__V3.elm,https://github.com/NoRedInk/noredink-ui,45899,45899,1507,1154,812,342,9974,9922,6491,3460,31105,4573,1963,283
fw,Express,express,src__Adapters__Storage__Mongo__MongoStorageAdapter.js,https://github.com/parse-community/parse-server,46733,46733,1306,1211,1083,128,10416,10179,8413,2005,37654,5544,2555,185
fw,Express,express,src__Adapters__Storage__Mongo__MongoTransform.js,https://github.com/parse-community/parse-server,44676,44676,1457,1346,1268,78,10467,10363,9591,880,40568,5017,2239,316
fw,Express,express,src__Adapters__Storage__Postgres__PostgresStorageAdapter.js,https://github.com/parse-community/parse-server,96824,96824,2819,2659,2538,121,23255,22786,21695,1562,89456,5161,2355,256
fw,Express,express,src__Controllers__DatabaseController.js,https://github.com/parse-community/parse-server,75162,75160,2167,2024,1777,247,16418,16180,13289,3130,60425,4895,2123,274
fw,Express,express,src__Controllers__SchemaController.js,https://github.com/parse-community/parse-server,53752,53752,1672,1558,1394,164,12418,12091,10511,1913,44736,4922,2200,227
fw,Express,express,src__Options__Definitions.js,https://github.com/parse-community/parse-server,97399,97399,1603,1602,1596,6,23466,22751,23353,113,96950,8919,3998,454
fw,Express,express,src__Options__docs.js,https://github.com/parse-community/parse-server,70808,70740,388,364,0,364,15649,15541,0,15649,0,25313,12918,1058
fw,Express,express,src__Options__index.js,https://github.com/parse-community/parse-server,76624,76556,958,932,380,552,18183,18070,2922,15261,11349,10949,4767,444
fw,Express,express,src__RestQuery.js,https://github.com/parse-community/parse-server,42575,42575,1390,1295,1139,156,10115,10016,8257,1867,34465,5483,2429,298
fw,Express,express,src__RestWrite.js,https://github.com/parse-community/parse-server,69011,69011,2013,1860,1620,240,15173,14976,12112,3071,54392,5517,2431,405
fw,FastAPI,fastapi,src__dispatch__case__flows.py,https://github.com/Netflix/dispatch,49835,49835,1450,1221,1095,126,10047,10018,8695,1348,43443,4259,1892,219
fw,FastAPI,fastapi,src__dispatch__cli.py,https://github.com/Netflix/dispatch,41728,41728,1228,1016,996,20,8724,8669,8453,267,40013,5650,2556,281
fw,FastAPI,fastapi,src__dispatch__database__revisions__tenant__versions__2021-06-15_8a558baeef05.py,https://github.com/Netflix/dispatch,64770,64770,1758,1749,1744,5,14759,14245,14700,58,64518,4441,2000,225
fw,FastAPI,fastapi,src__dispatch__database__service.py,https://github.com/Netflix/dispatch,32827,32827,851,700,642,58,6785,6783,6007,772,28812,5153,2328,308
fw,FastAPI,fastapi,src__dispatch__incident__flows.py,https://github.com/Netflix/dispatch,49011,49011,1251,1057,932,125,9423,9385,8050,1371,42051,5080,2284,226
fw,FastAPI,fastapi,src__dispatch__incident__messaging.py,https://github.com/Netflix/dispatch,45082,45082,1213,1053,1041,12,8705,8725,8532,156,44210,4815,2192,236
fw,FastAPI,fastapi,src__dispatch__messaging__strings.py,https://github.com/Netflix/dispatch,45623,45457,1326,1112,1106,6,10355,10370,10271,82,44849,5326,2303,208
fw,FastAPI,fastapi,src__dispatch__plugins__dispatch_slack__case__interactive.py,https://github.com/Netflix/dispatch,106353,106313,3213,2815,2739,76,21952,21851,20956,986,101515,4380,1942,242
fw,FastAPI,fastapi,src__dispatch__plugins__dispatch_slack__incident__interactive.py,https://github.com/Netflix/dispatch,115769,115763,3300,2864,2788,76,23293,23241,22335,949,110796,4467,1951,265
fw,FastAPI,fastapi,src__dispatch__signal__service.py,https://github.com/Netflix/dispatch,36264,36264,1067,890,874,16,7551,7531,7360,190,35217,5048,2228,216
fw,Fastify,fastify,fastify.js,https://github.com/fastify/fastify,33866,33866,1010,896,785,111,8019,7910,6808,1209,28514,5105,2364,248
fw,Fastify,fastify,lib__config-validator.js,https://github.com/fastify/fastify,31088,31088,1160,1156,1153,3,8765,8732,8737,27,30969,4084,1818,157
fw,Fastify,fastify,lib__reply.js,https://github.com/fastify/fastify,30936,30934,1091,953,858,95,7801,7670,6599,1203,25781,4974,2247,242
fw,Fastify,fastify,lib__route.js,https://github.com/fastify/fastify,23131,23129,689,596,546,50,5214,5179,4623,590,20299,5612,2511,259
fw,Fastify,fastify,test__404s.test.js,https://github.com/fastify/fastify,52600,52600,2020,1649,1639,10,13933,13636,13757,170,51611,4417,1972,248
fw,Fastify,fastify,test__hooks.test.js,https://github.com/fastify/fastify,96058,96056,3677,3037,3021,16,25543,25119,25277,248,94418,4292,1951,200
fw,Fastify,fastify,test__internals__errors.test.js,https://github.com/fastify/fastify,42584,42584,1043,921,921,0,11018,10409,11018,0,42462,7289,3284,436
fw,Fastify,fastify,test__internals__reply.test.js,https://github.com/fastify/fastify,58152,58138,2049,1672,1666,6,15045,14735,14964,79,57430,5056,2277,219
fw,Fastify,fastify,test__internals__request-validate.test.js,https://github.com/fastify/fastify,38229,38229,1403,1138,1137,1,8226,8141,8208,10,37899,3901,1689,238
fw,Fastify,fastify,test__schema-feature.test.js,https://github.com/fastify/fastify,51797,51797,2170,1929,1920,9,13557,13395,13433,121,51052,3705,1652,204
fw,Flask,flask,superset__commands__report__execute.py,https://github.com/apache/superset,96116,96072,2274,2104,1931,173,17978,17790,15560,2417,83568,5139,2307,249
fw,Flask,flask,superset__config.py,https://github.com/apache/superset,145719,145696,3352,2991,1184,1807,34513,34227,12072,22430,45018,6341,2967,248
fw,Flask,flask,superset__connectors__sqla__models.py,https://github.com/apache/superset,97592,97576,2643,2345,2163,182,20098,19918,17616,2478,85423,4703,2088,288
fw,Flask,flask,superset__dashboards__api.py,https://github.com/apache/superset,107923,107913,3030,2908,2814,94,21425,21318,20179,1245,101915,4731,2072,283
fw,Flask,flask,superset__databases__api.py,https://github.com/apache/superset,75878,75878,2127,2050,1994,56,14939,14805,14278,659,72516,4962,2232,239
fw,Flask,flask,superset__db_engine_specs__base.py,https://github.com/apache/superset,118225,118215,3211,2781,2559,222,25296,25008,22063,3233,103120,4935,2242,239
fw,Flask,flask,superset__mcp_service__chart__schemas.py,https://github.com/apache/superset,116085,116045,3071,2733,2641,92,25560,25352,24520,1036,110763,5980,2670,240
fw,Flask,flask,superset__mcp_service__dashboard__schemas.py,https://github.com/apache/superset,89400,89364,2387,2106,2060,46,18842,18674,18362,474,86460,5451,2444,265
fw,Flask,flask,superset__sql__parse.py,https://github.com/apache/superset,95418,95414,2576,2207,1952,255,20854,20777,16914,3941,77780,6702,2966,374
fw,Flask,flask,superset__utils__core.py,https://github.com/apache/superset,76809,76807,2317,1912,1772,140,17856,17640,16030,1809,67897,5967,2594,321
fw,Flutter,flutter,lib__data__demos.dart,https://github.com/flutter/gallery,58153,58153,1400,1380,1372,8,10797,10581,10715,81,57716,5145,2316,232
fw,Flutter,flutter,lib__demos__material__data_table_demo.dart,https://github.com/flutter/gallery,16724,16724,686,652,644,8,4206,4151,4122,84,16337,3452,1566,178
fw,Flutter,flutter,lib__demos__material__sliders_demo.dart,https://github.com/flutter/gallery,19491,19491,624,573,560,13,4036,3946,3954,84,19040,4408,1940,198
fw,Flutter,flutter,lib__demos__reference__motion_demo_container_transition.dart,https://github.com/flutter/gallery,19955,19955,591,557,550,7,3456,3453,3386,69,19589,3443,1555,170
fw,Flutter,flutter,lib__pages__demo.dart,https://github.com/flutter/gallery,25295,25295,825,752,732,20,5204,5014,4962,242,24098,4210,1917,180
fw,Flutter,flutter,lib__pages__home.dart,https://github.com/flutter/gallery,38434,38434,1216,1133,1098,35,7648,7459,7247,401,36358,3617,1584,187
fw,Flutter,flutter,lib__studies__fortnightly__shared.dart,https://github.com/flutter/gallery,17834,17834,621,586,578,8,3875,3700,3798,77,17444,4222,1912,182
fw,Flutter,flutter,lib__studies__rally__finance.dart,https://github.com/flutter/gallery,15367,15355,486,452,442,10,2939,2872,2792,148,14609,4045,1814,190
fw,Flutter,flutter,lib__studies__reply__adaptive_nav.dart,https://github.com/flutter/gallery,43343,43343,1280,1181,1165,16,7731,7575,7487,244,42115,4310,1960,182
fw,Flutter,flutter,lib__studies__shrine__expanding_bottom_sheet.dart,https://github.com/flutter/gallery,26803,26803,815,716,642,74,6096,6024,5114,983,22205,4951,2246,296
fw,Gatsby,gatsby,packages__gatsby__src__internal-plugins__webpack-theme-component-shadowing__index.js,https://github.com/gatsbyjs/gatsby,10167,10167,321,278,222,56,2283,2288,1571,707,6947,4627,2090,226
fw,Gatsby,gatsby,packages__gatsby__src__query__file-parser.js,https://github.com/gatsbyjs/gatsby,18916,18916,698,624,575,49,4320,4309,3669,651,16125,4038,1802,187
fw,Gatsby,gatsby,packages__gatsby__src__query__query-compiler.js,https://github.com/gatsbyjs/gatsby,15031,15031,534,477,442,35,3301,3282,2771,525,12625,4143,1853,282
fw,Gatsby,gatsby,packages__gatsby__src__redux__actions__public.js,https://github.com/gatsbyjs/gatsby,49364,49363,1529,1375,937,438,11963,11956,6722,5236,27137,4606,2192,210
fw,Gatsby,gatsby,packages__gatsby__src__schema__infer__add-inferred-fields.js,https://github.com/gatsbyjs/gatsby,12368,12368,427,380,343,37,2985,2930,2455,526,9911,4788,2139,159
fw,Gatsby,gatsby,packages__gatsby__src__schema__node-model.js,https://github.com/gatsbyjs/gatsby,28221,28221,1019,910,749,161,6921,6797,5090,1829,21081,4524,2053,278
fw,Gatsby,gatsby,packages__gatsby__src__schema__schema.js,https://github.com/gatsbyjs/gatsby,45202,45200,1443,1349,1250,99,9921,9678,8472,1442,38335,5053,2239,233
fw,Gatsby,gatsby,packages__gatsby__src__utils__api-node-helpers-docs.js,https://github.com/gatsbyjs/gatsby,8847,8845,330,295,36,259,2235,2239,213,2022,879,4543,2009,215
fw,Gatsby,gatsby,packages__gatsby__src__utils__api-runner-node.js,https://github.com/gatsbyjs/gatsby,22796,22796,754,655,595,60,5182,5090,4422,758,19196,4520,1951,235
fw,Gatsby,gatsby,packages__gatsby__src__utils__webpack.config.js,https://github.com/gatsbyjs/gatsby,32248,32242,1004,901,784,117,7213,7214,5463,1745,24063,4563,1965,196
fw,htmx,htmx,dist__htmx.amd.js,https://github.com/bigskysoftware/htmx,168665,168665,5346,4975,3364,1611,42013,41335,28650,13353,117520,4949,2271,197
fw,htmx,htmx,dist__htmx.cjs.js,https://github.com/bigskysoftware/htmx,168658,168658,5344,4973,3362,1611,42010,41332,28647,13353,117513,4949,2271,197
fw,htmx,htmx,dist__htmx.esm.js,https://github.com/bigskysoftware/htmx,168655,168655,5344,4973,3362,1611,42009,41331,28645,13353,117510,4949,2271,197
fw,htmx,htmx,src__htmx.js,https://github.com/bigskysoftware/htmx,168635,168635,5343,4972,3361,1611,42003,41325,28640,13353,117490,5083,2283,258
fw,htmx,htmx,test__core__shadowdom.js,https://github.com/bigskysoftware/htmx,47448,47446,1405,1223,1214,9,12418,12283,12244,141,46626,5881,2656,265
fw,htmx,htmx,test__manual__intersect-test-eventHandler.html,https://github.com/bigskysoftware/htmx,10312,10312,173,159,159,0,2732,2615,2732,0,10298,,,
fw,htmx,htmx,www__static__node_modules__mock-socket__dist__mock-socket.js,https://github.com/bigskysoftware/htmx,63737,63737,2221,1864,1380,484,15549,15264,11708,3838,47156,5105,2222,317
fw,htmx,htmx,www__static__src__htmx.js,https://github.com/bigskysoftware/htmx,168635,168635,5343,4972,3361,1611,42003,41325,28640,13353,117490,5083,2283,258
fw,htmx,htmx,www__static__test__manual__intersect-test-eventHandler.html,https://github.com/bigskysoftware/htmx,10312,10312,173,159,159,0,2732,2615,2732,0,10298,,,
fw,htmx,htmx,www__themes__htmx-theme__static__js__htmx.js,https://github.com/bigskysoftware/htmx,168635,168635,5343,4972,3361,1611,42003,41325,28640,13353,117490,5083,2283,258
fw,jQuery,jquery,eslint.config.js,https://github.com/jquery/jquery-ui,7531,7531,392,357,315,42,2443,2434,1917,526,5543,4209,1905,221
fw,jQuery,jquery,src__ajax.js,https://github.com/jquery/jquery-ui,23655,23655,892,716,528,188,6580,6435,4475,2102,15329,4820,2118,197
fw,jQuery,jquery,src__event.js,https://github.com/jquery/jquery-ui,25752,25752,881,726,562,164,6799,6720,4382,2419,15620,5815,2559,283
fw,jQuery,jquery,src__selector.js,https://github.com/jquery/jquery-ui,40385,40385,1397,1166,919,247,11000,10829,7848,3157,27291,5327,2365,230
fw,jQuery,jquery,ui__effect.js,https://github.com/jquery/jquery-ui,24073,24073,949,798,707,91,6804,6723,5794,1014,19201,4431,2058,210
fw,jQuery,jquery,ui__position.js,https://github.com/jquery/jquery-ui,15132,15132,512,451,410,41,4230,4218,3837,392,13418,5859,2597,285
fw,jQuery,jquery,ui__widget.js,https://github.com/jquery/jquery-ui,20401,20401,760,624,550,74,5369,5312,4440,927,16402,4426,1953,227
fw,jQuery,jquery,ui__widgets__datepicker.js,https://github.com/jquery/jquery-ui,83431,83431,2261,2032,1761,271,23959,23498,20532,3428,69575,6634,2905,376
fw,jQuery,jquery,ui__widgets__draggable.js,https://github.com/jquery/jquery-ui,35496,35496,1258,1035,905,130,9969,9899,8294,1674,28236,5463,2446,179
fw,jQuery,jquery,ui__widgets__sortable.js,https://github.com/jquery/jquery-ui,47372,47372,1609,1312,1146,166,13360,13213,11285,2074,38552,5651,2553,278
fw,Laravel,laravel,app__Console__Commands__Local__SetupDummyAccount.php,https://github.com/monicahq/monica,13620,13596,374,326,307,19,3141,3124,3055,85,13176,5867,2541,216
fw,Laravel,laravel,app__Domains__Contact__DavClient__Services__Utils__Dav__DavClient.php,https://github.com/monicahq/monica,17383,17383,565,464,312,152,4349,4332,3195,1154,12854,5538,2485,337
fw,Laravel,laravel,app__Domains__Contact__Dav__Web__Backend__CalDAV__CalDAVBackend.php,https://github.com/monicahq/monica,11779,11779,349,321,92,229,2884,2898,779,2105,3281,5646,2526,354
fw,Laravel,laravel,app__Domains__Contact__Dav__Web__Backend__CardDAV__CardDAVBackend.php,https://github.com/monicahq/monica,17007,17007,536,484,263,221,4217,4217,2287,1930,9211,5043,2330,203
fw,Laravel,laravel,app__Domains__Contact__ManageContact__Dav__ImportContact.php,https://github.com/monicahq/monica,8728,8728,276,232,201,31,2158,2147,2021,137,8120,,,
fw,Laravel,laravel,app__Domains__Contact__ManageContact__Web__ViewHelpers__ContactShowViewHelper.php,https://github.com/monicahq/monica,15070,15070,354,311,298,13,3291,3249,3183,107,14554,5850,2647,303
fw,Laravel,laravel,app__Domains__Settings__CreateAccount__Jobs__SetupAccount.php,https://github.com/monicahq/monica,46092,46070,1218,1139,1075,64,10367,10388,10068,298,44575,5645,2563,337
fw,Laravel,laravel,app__Domains__Vault__ManageVaultSettings__Web__ViewHelpers__VaultSettingsIndexViewHelper.php,https://github.com/monicahq/monica,14069,14069,357,335,328,7,3050,3035,3013,36,13855,5893,2652,280
fw,Laravel,laravel,app__Domains__Vault__ManageVault__Services__CreateVault.php,https://github.com/monicahq/monica,11943,11933,351,327,312,15,2756,2742,2669,86,11486,5542,2441,299
fw,Laravel,laravel,app__Models__Contact.php,https://github.com/monicahq/monica,14384,14384,502,449,252,197,3358,3280,1833,1525,7890,4909,2046,250
fw,NestJS,nestjs,packages__common__decorators__http__route-params.decorator.ts,https://github.com/nestjs/nest,33657,33657,1067,1034,329,705,7873,7855,2414,5457,10612,5087,2261,269
fw,NestJS,nestjs,packages__common__services__console-logger.service.ts,https://github.com/nestjs/nest,21250,21250,716,653,512,141,5008,4947,3695,1312,15766,4261,1983,201
fw,NestJS,nestjs,packages__core__injector__injector.ts,https://github.com/nestjs/nest,40260,40260,1320,1223,1129,94,8433,8383,7611,822,36014,4462,1993,254
fw,NestJS,nestjs,packages__core__injector__module.ts,https://github.com/nestjs/nest,18558,18558,683,603,597,6,4187,4212,4120,66,18173,4210,1858,186
fw,NestJS,nestjs,packages__core__nest-application.ts,https://github.com/nestjs/nest,21043,21035,665,586,542,44,4538,4504,3965,572,18192,4688,2114,292
fw,NestJS,nestjs,packages__core__scanner.ts,https://github.com/nestjs/nest,22847,22847,773,704,680,24,4894,4864,4665,228,21798,3971,1800,212
fw,NestJS,nestjs,packages__microservices__external__kafka.interface.ts,https://github.com/nestjs/nest,34682,34682,1326,1178,1154,24,8271,8135,7984,287,33584,4033,1844,182
fw,NestJS,nestjs,packages__microservices__server__server-grpc.ts,https://github.com/nestjs/nest,25992,25992,810,740,626,114,5586,5572,4365,1222,20197,4722,2104,306
fw,NestJS,nestjs,packages__platform-express__adapters__express-adapter.ts,https://github.com/nestjs/nest,17361,17361,598,524,498,26,3868,3814,3534,332,15733,4297,1940,238
fw,NestJS,nestjs,packages__platform-fastify__adapters__fastify-adapter.ts,https://github.com/nestjs/nest,28149,28149,981,869,841,28,6561,6463,6170,388,26380,4312,1899,208
fw,Next.js,next_js,apps__web__modules__bookings__views__bookings-single-view.tsx,https://github.com/calcom/cal.com,63709,63709,1352,1270,1252,18,13750,13483,13456,292,62170,5630,2617,281
fw,Next.js,next_js,apps__web__modules__embed__components__Embed.tsx,https://github.com/calcom/cal.com,56804,56804,1486,1412,1396,16,10974,10642,10698,274,55243,4715,2069,257
fw,Next.js,next_js,apps__web__modules__event-types__components__tabs__advanced__EventAdvancedTab.tsx,https://github.com/calcom/cal.com,64415,64415,1528,1476,1465,11,12838,12430,12668,169,63445,5630,2517,243
fw,Next.js,next_js,components__cart__modal.tsx,https://github.com/calcom/cal.com,11388,11388,257,243,243,0,2062,1992,2062,0,11374,,,
fw,Next.js,next_js,lib__shopify__index.ts,https://github.com/calcom/cal.com,12925,12925,544,468,461,7,3044,3036,2942,101,12394,3633,1645,160
fw,Next.js,next_js,packages__features__bookings__lib__EventManager.ts,https://github.com/calcom/cal.com,51143,51143,1352,1207,1076,131,10628,10657,8938,1689,42932,4867,2118,282
fw,Next.js,next_js,packages__features__bookings__lib__service__RegularBookingService.ts,https://github.com/calcom/cal.com,94327,94327,2691,2455,2347,108,20863,20561,19189,1674,86084,5861,2594,354
fw,Next.js,next_js,packages__features__bookings__repositories__BookingRepository.ts,https://github.com/calcom/cal.com,53431,53431,2174,2061,2020,41,11853,11724,11386,465,51205,3651,1599,175
fw,Next.js,next_js,packages__features__eventtypes__repositories__eventTypeRepository.ts,https://github.com/calcom/cal.com,47640,47640,1887,1797,1768,29,10520,10290,10127,393,45622,3686,1635,215
fw,Next.js,next_js,packages__features__watchlist__lib__freeEmailDomainCheck__freeEmailDomains.ts,https://github.com/calcom/cal.com,91013,91013,4769,4767,4767,0,33482,33740,33482,0,91011,5321,2366,269
fw,Node.js,node_js,lib__fs.js,https://github.com/nodejs/node,108351,108351,4079,3611,2607,1004,28167,27864,19898,8269,76354,4957,2152,290
fw,Node.js,node_js,lib__internal__errors.js,https://github.com/nodejs/node,73680,73680,2016,1880,1649,231,18247,17962,15724,2528,62669,5379,2382,262
fw,Node.js,node_js,lib__internal__fs__promises.js,https://github.com/nodejs/node,64726,64726,2287,2030,1911,119,15721,15584,14396,1325,58924,4583,2011,244
fw,Node.js,node_js,lib__internal__http2__core.js,https://github.com/nodejs/node,127413,127413,4027,3524,2987,537,30351,30322,22924,7436,94550,4785,2138,295
fw,Node.js,node_js,lib__internal__modules__cjs__loader.js,https://github.com/nodejs/node,77191,77191,2267,2056,1452,604,18520,18442,12067,6453,49364,5791,2553,246
fw,Node.js,node_js,lib__internal__quic__quic.js,https://github.com/nodejs/node,186428,186428,5628,5146,3529,1617,44656,44581,25913,18744,107858,5113,2184,348
fw,Node.js,node_js,lib__internal__streams__readable.js,https://github.com/nodejs/node,61111,61111,2070,1820,1508,312,15678,15747,11684,3999,43689,5442,2501,249
fw,Node.js,node_js,lib__internal__util__inspect.js,https://github.com/nodejs/node,102032,102032,3073,2865,2551,314,26477,26257,22403,4081,83831,5819,2603,292
fw,Node.js,node_js,lib__internal__webstreams__readablestream.js,https://github.com/nodejs/node,118543,118543,3917,3493,3090,403,26596,26548,22390,4206,99812,4522,2001,249
fw,Node.js,node_js,lib__net.js,https://github.com/nodejs/node,87331,87331,2997,2547,2254,293,21419,21437,17454,3973,69645,5039,2261,278
fw,NumPy,numpy,numpy___core__code_generators__ufunc_docstrings.py,https://github.com/numpy/numpy,143760,143752,5583,4442,4439,3,42109,41656,42103,39,142451,5716,2559,242
fw,NumPy,numpy,numpy___core__fromnumeric.py,https://github.com/numpy/numpy,149238,149238,4416,3612,3587,25,40332,39985,40009,327,147050,5836,2578,276
fw,NumPy,numpy,numpy___core__numeric.py,https://github.com/numpy/numpy,80673,80673,2712,2204,2163,41,22840,22607,22311,522,78093,5949,2620,249
fw,NumPy,numpy,numpy__f2py__crackfortran.py,https://github.com/numpy/numpy,146915,146915,3728,3433,3254,179,35582,35436,33573,1999,136838,5931,2678,303
fw,NumPy,numpy,numpy__lib___function_base_impl.py,https://github.com/numpy/numpy,195932,195932,5811,4861,4620,241,53918,53536,50660,3253,181479,6598,2996,229
fw,NumPy,numpy,numpy__lib___nanfunctions_impl.py,https://github.com/numpy/numpy,71253,71253,2004,1709,1659,50,18217,18031,17527,685,68101,6228,2748,314
fw,NumPy,numpy,numpy__lib___npyio_impl.py,https://github.com/numpy/numpy,96284,96284,2492,2164,1967,197,22364,22179,20013,2352,84814,7318,3066,517
fw,NumPy,numpy,numpy__linalg___linalg.py,https://github.com/numpy/numpy,113432,113432,3625,2953,2869,84,32630,32525,31675,954,108990,6665,3034,374
fw,NumPy,numpy,numpy__ma__extras.py,https://github.com/numpy/numpy,74879,74879,2458,2070,1975,95,20164,19960,19199,956,69376,6031,2652,270
fw,NumPy,numpy,numpy__testing___private__utils.py,https://github.com/numpy/numpy,102124,102123,2921,2457,2336,121,24159,23836,22500,1655,94322,4842,2183,199
fw,Nuxt.js,nuxt_js,packages__nuxt__src__app__components__nuxt-link.ts,https://github.com/nuxt/nuxt,31063,31063,798,703,593,110,7353,7294,6198,1155,25983,5834,2629,370
fw,Nuxt.js,nuxt_js,packages__nuxt__src__app__composables__asyncData.ts,https://github.com/nuxt/nuxt,47521,47521,1070,965,806,159,12089,12057,10134,1954,38708,7206,3258,353
fw,Nuxt.js,nuxt_js,packages__nuxt__src__app__composables__fetch.ts,https://github.com/nuxt/nuxt,18843,18843,398,364,333,31,5098,5088,4716,381,17184,9247,3998,575
fw,Nuxt.js,nuxt_js,packages__nuxt__src__app__nuxt.ts,https://github.com/nuxt/nuxt,20484,20484,636,547,430,117,5469,5439,4532,938,16828,5769,2517,302
fw,Nuxt.js,nuxt_js,packages__nuxt__src__compiler__plugins__keyed-function-factories.ts,https://github.com/nuxt/nuxt,18405,18405,488,428,361,67,4066,4077,3328,738,14891,5367,2421,345
fw,Nuxt.js,nuxt_js,packages__nuxt__src__core__nuxt.ts,https://github.com/nuxt/nuxt,50854,50854,1286,1119,984,135,12640,12486,10900,1737,42825,6469,2870,348
fw,Nuxt.js,nuxt_js,packages__nuxt__src__core__perf.ts,https://github.com/nuxt/nuxt,27266,27241,768,688,636,52,7140,7075,6439,698,24025,6857,3114,315
fw,Nuxt.js,nuxt_js,packages__nuxt__src__core__templates.ts,https://github.com/nuxt/nuxt,32936,32936,775,696,661,35,8101,8042,7557,547,30575,6724,3016,309
fw,Nuxt.js,nuxt_js,packages__nuxt__src__pages__module.ts,https://github.com/nuxt/nuxt,40268,40268,993,879,781,98,9416,9376,7944,1471,33427,6385,2841,238
fw,Nuxt.js,nuxt_js,packages__nuxt__src__pages__utils.ts,https://github.com/nuxt/nuxt,38955,38947,953,838,697,141,9199,9200,7235,1960,29727,6614,2997,316
fw,Pandas,pandas,pandas__core__arrays__arrow__array.py,https://github.com/pandas-dev/pandas,167007,167003,4482,3949,3659,290,37719,37420,33629,4089,147882,4936,2304,240
fw,Pandas,pandas,pandas__core__arrays__base.py,https://github.com/pandas-dev/pandas,115319,115319,3446,2910,2732,178,25507,25273,23271,2250,103850,5301,2317,292
fw,Pandas,pandas,pandas__core__arrays__datetimes.py,https://github.com/pandas-dev/pandas,111047,111045,3290,2800,2601,199,27422,27170,24830,2589,98730,5632,2566,262
fw,Pandas,pandas,pandas__core__groupby__generic.py,https://github.com/pandas-dev/pandas,147895,147889,4262,3655,3524,131,34578,34218,32978,1619,139922,5864,2523,302
fw,Pandas,pandas,pandas__core__groupby__groupby.py,https://github.com/pandas-dev/pandas,190032,190028,5959,5097,4923,174,47590,46991,45398,2206,178946,5084,2307,232
fw,Pandas,pandas,pandas__core__indexes__multi.py,https://github.com/pandas-dev/pandas,187847,187847,5209,4447,4059,388,41049,40399,36076,4978,162464,4898,2210,295
fw,Pandas,pandas,pandas__core__indexing.py,https://github.com/pandas-dev/pandas,134903,134903,3908,3217,2839,378,31788,31349,26763,5024,111261,5297,2292,284
fw,Pandas,pandas,pandas__core__reshape__merge.py,https://github.com/pandas-dev/pandas,125279,125279,3379,2961,2738,223,30026,29782,27109,2911,111549,6320,2755,385
fw,Pandas,pandas,pandas__core__strings__accessor.py,https://github.com/pandas-dev/pandas,167527,167497,4953,4202,4107,95,37945,37329,36722,1227,161091,4835,2111,274
fw,Pandas,pandas,pandas__core__window__rolling.py,https://github.com/pandas-dev/pandas,119467,119467,3599,3068,2989,79,28296,27804,27292,1014,114532,4841,2166,226
fw,Phoenix,phoenix,lib__plausible__data_migration__backfill_teams.ex,https://github.com/plausible/analytics,20260,20260,722,598,586,12,5101,4972,5001,87,19746,4824,2169,274
fw,Phoenix,phoenix,lib__plausible__exports.ex,https://github.com/plausible/analytics,21595,21593,716,634,633,1,5520,5495,5489,29,21430,4877,2198,247
fw,Phoenix,phoenix,lib__plausible__teams__billing.ex,https://github.com/plausible/analytics,21594,21594,722,575,570,5,5386,5344,5334,48,21213,5388,2335,282
fw,Phoenix,phoenix,lib__plausible__teams__invitations.ex,https://github.com/plausible/analytics,25731,25731,872,728,725,3,6628,6515,6596,29,25431,5370,2415,211
fw,Phoenix,phoenix,lib__plausible_web__components__generic.ex,https://github.com/plausible/analytics,38874,38874,1349,1204,1198,6,10729,10671,10657,68,38413,5587,2567,360
fw,Phoenix,phoenix,lib__plausible_web__controllers__auth_controller.ex,https://github.com/plausible/analytics,23748,23748,745,629,627,2,5735,5661,5698,35,23482,5637,2427,293
fw,Phoenix,phoenix,lib__plausible_web__email.ex,https://github.com/plausible/analytics,20152,20152,692,615,614,1,5013,4922,4986,23,19979,5107,2246,209
fw,Phoenix,phoenix,lib__plausible_web__live__goal_settings__form.ex,https://github.com/plausible/analytics,23666,23666,777,693,690,3,6154,5994,6102,51,23362,5241,2372,197
fw,Phoenix,phoenix,lib__plausible_web__live__sites.ex,https://github.com/plausible/analytics,39574,39572,1157,1031,1029,2,10156,10058,10112,37,39272,6015,2720,311
fw,Phoenix,phoenix,lib__plausible_web__router.ex,https://github.com/plausible/analytics,26251,26251,743,583,577,6,6608,6455,6538,68,25798,6031,2686,313
fw,Play Framework,play_framework,core__play-configuration__src__main__scala__play__api__Configuration.scala,https://github.com/playframework/playframework,19882,19882,553,485,275,210,4606,4540,3015,1590,12763,4935,2244,188
fw,Play Framework,play_framework,core__play__src__main__scala__play__api__controllers__Assets.scala,https://github.com/playframework/playframework,37429,37429,929,827,588,239,8664,8582,5969,2691,26073,6087,2698,256
fw,Play Framework,play_framework,core__play__src__main__scala__play__api__data__Form.scala,https://github.com/playframework/playframework,35850,35848,1155,1036,432,604,9229,9141,4837,4390,18567,5272,2342,292
fw,Play Framework,play_framework,core__play__src__main__scala__play__api__http__HttpErrorHandler.scala,https://github.com/playframework/playframework,22938,22938,594,535,305,230,5042,4912,2934,2108,13552,6041,2655,305
fw,Play Framework,play_framework,core__play__src__main__scala__play__api__libs__Files.scala,https://github.com/playframework/playframework,19694,19694,544,477,308,169,4356,4328,2706,1650,12360,5385,2495,239
fw,Play Framework,play_framework,core__play__src__main__scala__play__api__mvc__Binders.scala,https://github.com/playframework/playframework,29616,29616,872,772,430,342,7278,7133,5169,2107,20855,5825,2646,296
fw,Play Framework,play_framework,core__play__src__main__scala__play__api__mvc__BodyParsers.scala,https://github.com/playframework/playframework,44445,44445,1239,1095,648,447,10335,10115,6659,3673,28857,6148,2697,372
fw,Play Framework,play_framework,core__play__src__main__scala__play__api__mvc__Results.scala,https://github.com/playframework/playframework,36217,36025,1016,895,402,493,8653,8516,4249,4404,17627,5378,2495,196
fw,Play Framework,play_framework,core__play__src__main__scala__play__core__parsers__Multipart.scala,https://github.com/playframework/playframework,29680,29680,745,666,583,83,6674,6548,5547,1127,24755,5832,2489,354
fw,Play Framework,play_framework,core__play__src__main__scala__play__core__routing__GeneratedRouter.scala,https://github.com/playframework/playframework,20256,20256,493,452,418,34,8479,8461,8237,242,19169,14575,5980,931
fw,PyTorch,pytorch,torch____init__.py,https://github.com/pytorch/pytorch,131022,131016,3549,2826,2488,338,31097,30978,26647,4443,109674,7664,3214,366
fw,PyTorch,pytorch,torch___tensor_docs.py,https://github.com/pytorch/pytorch,142814,142814,6924,5398,5390,8,42045,41145,41946,106,140820,2657,1156,152
fw,PyTorch,pytorch,torch__nn__attention__flex_attention.py,https://github.com/pytorch/pytorch,102925,102907,2641,2241,2168,73,24354,23973,23293,1061,97811,6831,2920,401
fw,PyTorch,pytorch,torch__nn__modules__loss.py,https://github.com/pytorch/pytorch,106989,106987,2335,1976,1966,10,27590,27439,27484,105,106143,9457,4232,469
fw,PyTorch,pytorch,torch__nn__modules__module.py,https://github.com/pytorch/pytorch,128628,128628,3067,2559,2452,107,26254,25986,24646,1606,120508,6184,2760,402
fw,PyTorch,pytorch,torch__nn__parallel__distributed.py,https://github.com/pytorch/pytorch,120924,120924,2668,2338,2046,292,24106,23940,20250,3857,101737,6163,2698,341
fw,PyTorch,pytorch,torch__optim__lr_scheduler.py,https://github.com/pytorch/pytorch,103296,103296,2607,2191,2141,50,23841,23600,23205,627,100061,6276,2689,405
fw,PyTorch,pytorch,torch__overrides.py,https://github.com/pytorch/pytorch,116066,116066,2335,2192,2140,52,29331,29222,28686,650,112838,11377,5043,663
fw,PyTorch,pytorch,torch__utils__checkpoint.py,https://github.com/pytorch/pytorch,89025,89023,2083,1809,1480,329,18956,18828,14889,4067,70266,6254,2717,354
fw,PyTorch,pytorch,torch__utils__cpp_extension.py,https://github.com/pytorch/pytorch,147522,147522,3335,2906,2616,290,34545,34227,29834,4694,127220,6668,3091,301
fw,Qwik,qwik,packages__qwik__src__core__client__process-vnode-data.ts,https://github.com/QwikDev/qwik,24107,24105,695,659,567,92,5899,5885,4852,1046,19797,6486,2738,496
fw,Qwik,qwik,packages__qwik__src__core__client__vnode-diff.ts,https://github.com/QwikDev/qwik,75130,75130,2197,2056,1828,228,18474,18492,15956,2518,63656,5284,2339,213
fw,Qwik,qwik,packages__qwik__src__core__client__vnode-utils.ts,https://github.com/QwikDev/qwik,76587,76585,2334,2206,1830,376,19562,19647,15746,3816,60586,5605,2495,267
fw,Qwik,qwik,packages__qwik__src__core__reactive-primitives__impl__computed-signal-impl.ts,https://github.com/QwikDev/qwik,26191,26183,741,682,564,118,6361,6325,4870,1490,19123,5803,2608,345
fw,Qwik,qwik,packages__qwik__src__core__shared__cursor__chore-execution.unit.ts,https://github.com/QwikDev/qwik,27396,27392,928,748,746,2,7018,6824,6997,19,27124,5296,2373,306
fw,Qwik,qwik,packages__qwik__src__core__shared__jsx__jsx-split.unit.ts,https://github.com/QwikDev/qwik,25680,25680,770,647,615,32,6368,6102,5987,381,23729,5197,2335,283
fw,Qwik,qwik,packages__qwik__src__core__shared__jsx__types__jsx-generated.ts,https://github.com/QwikDev/qwik,42663,42663,1288,1261,905,356,10877,10765,8210,2605,31737,5501,2396,350
fw,Qwik,qwik,packages__qwik__src__core__shared__serdes__serdes.unit.ts,https://github.com/QwikDev/qwik,83107,83107,2493,2376,2351,25,21101,20722,20812,279,81668,6536,2924,287
fw,Qwik,qwik,packages__qwik__src__core__shared__serdes__serialize.ts,https://github.com/QwikDev/qwik,40841,40841,1107,1044,979,65,9737,9703,8905,833,37056,6136,2749,292
fw,Qwik,qwik,packages__qwik__src__server__ssr-container.ts,https://github.com/QwikDev/qwik,75010,75010,2271,2099,1959,140,18147,18103,16491,1655,67253,6194,2664,342
fw,React,react,packages__excalidraw__actions__actionProperties.tsx,https://github.com/excalidraw/excalidraw,67660,67658,2224,2077,2017,60,14492,14299,13660,832,63367,4491,2015,244
fw,React,react,packages__excalidraw__components__Actions.tsx,https://github.com/excalidraw/excalidraw,27001,26995,946,872,840,32,5919,5748,5607,301,25478,4070,1805,246
fw,React,react,packages__excalidraw__components__ColorPicker__ColorPicker.tsx,https://github.com/excalidraw/excalidraw,17272,17256,540,507,447,60,3905,3867,3110,794,13526,4599,2082,195
fw,React,react,packages__excalidraw__components__ColorPicker__topPicksDnD.tsx,https://github.com/excalidraw/excalidraw,17916,17892,573,528,478,50,4181,4087,3490,690,14663,5053,2252,256
fw,React,react,packages__excalidraw__components__CommandPalette__CommandPalette.tsx,https://github.com/excalidraw/excalidraw,30260,30254,1039,950,933,17,6518,6342,6354,162,29446,4059,1829,221
fw,React,react,packages__excalidraw__components__ConvertElementTypePopup.tsx,https://github.com/excalidraw/excalidraw,25702,25687,955,829,794,35,6159,6074,5770,389,23868,4230,1867,246
fw,React,react,packages__excalidraw__components__LayerUI.tsx,https://github.com/excalidraw/excalidraw,24819,24819,742,702,691,11,5136,5080,5007,128,24075,4430,2013,204
fw,React,react,packages__excalidraw__components__main-menu__DefaultItems.tsx,https://github.com/excalidraw/excalidraw,17584,17584,648,596,590,6,4172,4022,4125,46,17298,4108,1820,212
fw,React,react,packages__excalidraw__index.tsx,https://github.com/excalidraw/excalidraw,16289,16289,555,492,458,34,3924,3886,3556,369,14566,5059,2242,275
fw,React,react,packages__excalidraw__wysiwyg__textWysiwyg.tsx,https://github.com/excalidraw/excalidraw,31782,31776,1038,922,841,81,7314,7199,6311,1001,27083,4767,2145,242
fw,React Native,react_native,packages__react-native__Libraries__Components__ScrollView__ScrollView.js,https://github.com/facebook/react-native,73167,73167,2048,1895,955,940,17240,17054,8075,9165,34834,5457,2390,299
fw,React Native,react_native,packages__react-native__Libraries__Components__TextInput__TextInput.flow.js,https://github.com/facebook/react-native,32661,32661,1194,1077,358,719,8664,8408,2884,5776,10427,5138,2294,324
fw,React Native,react_native,packages__react-native__Libraries__Components__TextInput__TextInput.js,https://github.com/facebook/react-native,31229,31229,1000,926,704,222,7327,7048,5151,2177,21784,4685,2093,228
fw,React Native,react_native,packages__react-native__Libraries__Components__Touchable__Touchable.js,https://github.com/facebook/react-native,36446,36446,987,909,527,382,8961,8907,4706,4255,18836,6068,2687,278
fw,React Native,react_native,packages__react-native__Libraries__Interaction__PanResponder.js,https://github.com/facebook/react-native,22359,22359,543,506,225,281,5134,5118,2009,3124,8894,7506,3344,247
fw,React Native,react_native,packages__react-native__Libraries__Lists__FlatList.js,https://github.com/facebook/react-native,24262,24262,712,665,387,278,5802,5707,2962,2840,12321,5640,2520,432
fw,React Native,react_native,packages__react-native__Libraries__Network__XMLHttpRequest.js,https://github.com/facebook/react-native,22419,22419,783,692,639,53,5248,5125,4726,522,19991,4157,1847,228
fw,React Native,react_native,packages__react-native__Libraries__Pressability__Pressability.js,https://github.com/facebook/react-native,31862,30770,955,862,657,205,7463,7370,5510,1953,22563,5507,2611,244
fw,React Native,react_native,packages__react-native__Libraries__StyleSheet__StyleSheetTypes.js,https://github.com/facebook/react-native,38119,38119,1137,1021,500,521,9911,9788,4055,5855,15292,6722,2929,376
fw,React Native,react_native,packages__react-native__Libraries__StyleSheet__processBackgroundImage.js,https://github.com/facebook/react-native,27104,27104,842,770,691,79,6573,6507,5136,1441,21014,6047,2660,340
fw,Remix,remix,packages__assets__src__lib__asset-server.ts,https://github.com/remix-run/remix,41467,41465,1211,1096,899,197,9341,9206,7503,1838,33075,5012,2274,218
fw,Remix,remix,packages__data-table__src__lib__table.ts,https://github.com/remix-run/remix,37331,37331,1310,1159,840,319,8451,8175,6780,1654,29566,4724,2066,251
fw,Remix,remix,packages__node-hmr__src__lib__runner.ts,https://github.com/remix-run/remix,41828,41828,1428,1236,1236,0,10024,9908,10021,0,41636,4769,2153,228
fw,Remix,remix,packages__route-pattern__bench__patterns__shopify.ts,https://github.com/remix-run/remix,89780,89750,2509,2508,2508,0,28478,28887,28477,0,89749,7349,3295,346
fw,Remix,remix,packages__ui-hmr__src__lib__transform.ts,https://github.com/remix-run/remix,44040,44040,1388,1213,1156,57,10587,10498,10030,555,41149,5190,2298,325
fw,Remix,remix,packages__ui__bench__runner.ts,https://github.com/remix-run/remix,35582,35558,1116,984,878,106,8883,8836,7715,1184,29932,5032,2234,214
fw,Remix,remix,packages__ui__src__runtime__dom.ts,https://github.com/remix-run/remix,147535,147535,4110,3959,2251,1708,37163,36988,20689,16462,83492,4799,2091,213
fw,Remix,remix,packages__ui__src__runtime__frame.ts,https://github.com/remix-run/remix,55532,55532,1850,1603,1548,55,12637,12526,12106,529,52758,4585,2057,244
fw,Remix,remix,packages__ui__src__runtime__reconcile.ts,https://github.com/remix-run/remix,63396,63392,2114,1852,1796,56,15424,15392,14596,830,59193,5063,2271,252
fw,Remix,remix,packages__ui__src__server__stream.ts,https://github.com/remix-run/remix,43997,43995,1491,1296,1225,71,10562,10475,9799,763,40071,4469,2046,235
fw,Ruby on Rails,ruby_on_rails,app__controllers__session_controller.rb,https://github.com/discourse/discourse,40298,40298,1179,994,919,75,9346,9302,8274,1066,35177,4989,2231,281
fw,Ruby on Rails,ruby_on_rails,app__controllers__topics_controller.rb,https://github.com/discourse/discourse,52082,52082,1726,1427,1404,23,12176,12105,11857,318,50305,4587,2010,244
fw,Ruby on Rails,ruby_on_rails,app__controllers__users_controller.rb,https://github.com/discourse/discourse,78276,78276,2365,1948,1892,56,17386,17305,16603,782,74264,5665,2524,258
fw,Ruby on Rails,ruby_on_rails,app__helpers__application_helper.rb,https://github.com/discourse/discourse,34176,34176,1113,924,892,32,8442,8362,8049,391,32232,5102,2313,196
fw,Ruby on Rails,ruby_on_rails,app__mailers__user_notifications.rb,https://github.com/discourse/discourse,28162,28162,911,779,765,14,6544,6515,6377,165,27340,5191,2290,278
fw,Ruby on Rails,ruby_on_rails,app__models__category.rb,https://github.com/discourse/discourse,51244,51244,1554,1299,1177,122,11824,11762,10360,1461,43655,4810,2099,304
fw,Ruby on Rails,ruby_on_rails,app__models__topic.rb,https://github.com/discourse/discourse,79592,79590,2429,2038,1853,185,19045,18963,16507,2537,67998,5244,2324,241
fw,Ruby on Rails,ruby_on_rails,app__models__user.rb,https://github.com/discourse/discourse,73778,73778,2488,2067,1923,144,17912,17795,16284,1627,66109,5078,2267,248
fw,Ruby on Rails,ruby_on_rails,app__services__post_alerter.rb,https://github.com/discourse/discourse,38588,38582,1147,967,887,80,8797,8781,7662,1133,33318,4800,2150,242
fw,Ruby on Rails,ruby_on_rails,app__services__staff_action_logger.rb,https://github.com/discourse/discourse,38816,38816,1322,1134,1127,7,9191,9160,9107,82,38237,4433,2005,236
fw,Scikit-Learn,scikit_learn,sklearn__ensemble___forest.py,https://github.com/scikit-learn/scikit-learn,119902,119902,3094,2555,2477,78,26661,26385,25709,949,114680,6069,2697,412
fw,Scikit-Learn,scikit_learn,sklearn__ensemble___hist_gradient_boosting__gradient_boosting.py,https://github.com/scikit-learn/scikit-learn,92657,92657,2259,1963,1823,140,19476,19329,17616,1858,83462,5150,2262,235
fw,Scikit-Learn,scikit_learn,sklearn__linear_model___coordinate_descent.py,https://github.com/scikit-learn/scikit-learn,120711,120711,3457,2851,2694,157,28999,28846,27087,1925,111207,5642,2540,294
fw,Scikit-Learn,scikit_learn,sklearn__linear_model___logistic.py,https://github.com/scikit-learn/scikit-learn,104575,104575,2686,2341,2231,110,24759,24628,23102,1657,97352,5599,2591,268
fw,Scikit-Learn,scikit_learn,sklearn__linear_model___ridge.py,https://github.com/scikit-learn/scikit-learn,108707,108707,3055,2516,2427,89,25918,25681,24743,1174,103158,5609,2503,340
fw,Scikit-Learn,scikit_learn,sklearn__metrics___classification.py,https://github.com/scikit-learn/scikit-learn,155867,155867,4114,3504,3409,95,38814,38487,37509,1315,149613,6748,2949,364
fw,Scikit-Learn,scikit_learn,sklearn__model_selection___split.py,https://github.com/scikit-learn/scikit-learn,112741,112741,3081,2547,2456,91,27229,26964,25990,1239,106461,5617,2447,389
fw,Scikit-Learn,scikit_learn,sklearn__model_selection___validation.py,https://github.com/scikit-learn/scikit-learn,95807,95807,2541,2161,2079,82,21354,21188,20238,1121,90422,5685,2561,249
fw,Scikit-Learn,scikit_learn,sklearn__preprocessing___data.py,https://github.com/scikit-learn/scikit-learn,130547,130545,3760,3098,2999,99,30319,30098,29067,1249,124066,5434,2393,220
fw,Scikit-Learn,scikit_learn,sklearn__utils__validation.py,https://github.com/scikit-learn/scikit-learn,112248,112248,3070,2555,2390,165,25705,25503,23409,2296,101326,5247,2284,233
fw,Solid.js,solid_js,packages__solid__src__reactive__array.ts,https://github.com/solidjs/solid-start,8392,8392,255,239,196,43,2124,2126,1563,562,5804,,,
fw,Solid.js,solid_js,packages__solid__src__reactive__signal.ts,https://github.com/solidjs/solid-start,60103,60103,1849,1711,1364,347,15053,15014,11562,3492,44639,5355,2397,272
fw,Solid.js,solid_js,packages__solid__src__render__Suspense.ts,https://github.com/solidjs/solid-start,6671,6671,213,201,183,18,1591,1586,1464,125,6087,,,
fw,Solid.js,solid_js,packages__solid__src__render__component.ts,https://github.com/solidjs/solid-start,13563,13563,434,406,349,57,3441,3424,2896,535,11240,5569,2407,325
fw,Solid.js,solid_js,packages__solid__src__render__flow.ts,https://github.com/solidjs/solid-start,9825,9825,298,289,221,68,2400,2384,1863,537,7550,,,
fw,Solid.js,solid_js,packages__solid__src__server__reactive.ts,https://github.com/solidjs/solid-start,10687,10687,395,347,341,6,2954,2925,2904,49,10429,4763,2113,278
fw,Solid.js,solid_js,packages__solid__src__server__rendering.ts,https://github.com/solidjs/solid-start,21369,21369,737,688,678,10,5784,5776,5710,74,20970,5482,2452,286
fw,Solid.js,solid_js,packages__start__src__config__fs-routes__tree-shake.ts,https://github.com/solidjs/solid-start,22014,22014,531,507,452,55,4299,4304,3575,723,18683,5094,2291,238
fw,Solid.js,solid_js,packages__start__src__shared__dev-toolbar__functions__SerovalViewer.tsx,https://github.com/solidjs/solid-start,28288,28282,1141,1104,1011,93,7189,7204,6466,721,25939,4346,1989,196
fw,Solid.js,solid_js,packages__start__src__shared__dev-toolbar__icons.tsx,https://github.com/solidjs/solid-start,17548,17548,510,497,496,1,6922,6891,6917,4,17518,10276,4884,263
fw,Spring Boot,spring_boot,mall-admin__src__main__java__com__macro__mall__controller__UmsAdminController.java,https://github.com/macrozheng/mall,8343,8065,207,188,184,4,1770,1732,1748,22,7984,,,
fw,Spring Boot,spring_boot,mall-admin__src__main__java__com__macro__mall__service__impl__PmsProductServiceImpl.java,https://github.com/macrozheng/mall,14816,14348,328,309,267,42,3173,3119,2873,300,13530,6864,2949,261
fw,Spring Boot,spring_boot,mall-admin__src__main__java__com__macro__mall__service__impl__UmsAdminServiceImpl.java,https://github.com/macrozheng/mall,11227,10799,288,267,240,27,2282,2280,2072,210,10230,,,
fw,Spring Boot,spring_boot,mall-mbg__src__main__java__com__macro__mall__model__OmsOrderExample.java,https://github.com/macrozheng/mall,107760,107760,3011,2404,2404,0,21260,20241,21260,0,107153,4726,2085,238
fw,Spring Boot,spring_boot,mall-mbg__src__main__java__com__macro__mall__model__OmsOrderReturnApplyExample.java,https://github.com/macrozheng/mall,68159,68159,1971,1572,1572,0,13605,12926,13605,0,67760,4848,2149,264
fw,Spring Boot,spring_boot,mall-mbg__src__main__java__com__macro__mall__model__PmsProductExample.java,https://github.com/macrozheng/mall,90947,90947,2601,2076,2076,0,18200,17383,18200,0,90422,4912,2187,242
fw,Spring Boot,spring_boot,mall-portal__src__main__java__com__macro__mall__portal__service__impl__OmsPortalOrderServiceImpl.java,https://github.com/macrozheng/mall,34332,32148,769,733,584,149,7293,7418,6064,1229,29121,6278,2807,281
fw,Spring Boot,spring_boot,mall-portal__src__main__java__com__macro__mall__portal__service__impl__OmsPromotionServiceImpl.java,https://github.com/macrozheng/mall,12577,12005,274,258,210,48,2517,2628,2188,329,11153,,,
fw,Spring Boot,spring_boot,mall-portal__src__main__java__com__macro__mall__portal__service__impl__UmsMemberCouponServiceImpl.java,https://github.com/macrozheng/mall,11228,10772,245,232,207,25,2295,2298,2079,215,10216,,,
fw,Spring Boot,spring_boot,mall-search__src__main__java__com__macro__mall__search__service__impl__EsProductServiceImpl.java,https://github.com/macrozheng/mall,14838,14560,288,275,248,27,2961,2944,2781,179,14073,,,
fw,Strapi,strapi,packages__core__admin__server__src__services__api-token.ts,https://github.com/strapi/strapi,47566,47544,1369,1166,994,172,10969,10819,9443,1524,39630,5157,2311,285
fw,Strapi,strapi,packages__core__content-manager__server__src__controllers__collection-types.ts,https://github.com/strapi/strapi,35599,35593,1085,875,774,101,7882,7829,6783,1098,30210,4837,2113,256
fw,Strapi,strapi,packages__core__content-type-builder__admin__src__components__DataManager__reducer.ts,https://github.com/strapi/strapi,25868,25868,844,705,688,17,5400,5262,5205,195,24763,5121,2245,271
fw,Strapi,strapi,packages__core__core__src__migrations__database__5.0.0-discard-drafts.ts,https://github.com/strapi/strapi,120772,120719,3663,3164,2753,411,27451,27109,22778,4669,97286,5137,2250,226
fw,Strapi,strapi,packages__core__core__src__services__document-service__repository.ts,https://github.com/strapi/strapi,26163,26147,782,653,595,58,5933,5847,5219,715,22732,4808,2125,271
fw,Strapi,strapi,packages__core__core__src__services__entity-validator__index.ts,https://github.com/strapi/strapi,25875,25849,791,689,590,99,5705,5625,4267,1437,19330,5871,2603,234
fw,Strapi,strapi,packages__core__data-transfer__src__engine__index.ts,https://github.com/strapi/strapi,32529,32529,1079,901,797,104,7148,7142,6130,1016,27531,4771,2118,204
fw,Strapi,strapi,packages__core__database__src__entity-manager__index.ts,https://github.com/strapi/strapi,61847,61841,1805,1523,1363,160,12896,12580,11271,1623,53724,4998,2213,289
fw,Strapi,strapi,packages__core__strapi__src__cli__utils__data-transfer.ts,https://github.com/strapi/strapi,26732,26726,872,741,711,30,6435,6352,6025,407,24672,5003,2199,203
fw,Strapi,strapi,packages__core__upload__admin__src__future__services__api.ts,https://github.com/strapi/strapi,30734,30714,948,827,635,192,6733,6662,4598,2133,20716,4389,1995,249
fw,Svelte,svelte,web__src__lib__components__asset-viewer__AssetViewer.svelte,https://github.com/immich-app/immich,23340,23340,721,644,636,8,5624,5568,5589,35,23123,4594,2057,229
fw,Svelte,svelte,web__src__lib__components__asset-viewer__VideoNativeViewer.svelte,https://github.com/immich-app/immich,20172,20172,580,525,523,2,4986,4968,4957,29,19985,5040,2339,245
fw,Svelte,svelte,web__src__lib__components__assets__thumbnail__Thumbnail.svelte,https://github.com/immich-app/immich,16232,16232,461,430,420,10,3946,3876,3873,73,15819,6129,2613,294
fw,Svelte,svelte,web__src__lib__components__timeline__Scrubber.svelte,https://github.com/immich-app/immich,20198,20198,610,572,558,14,5083,5021,4891,192,19188,5014,2229,314
fw,Svelte,svelte,web__src__lib__components__timeline__Timeline.svelte,https://github.com/immich-app/immich,27458,27458,733,649,643,6,6089,6034,5999,90,26955,5370,2415,230
fw,Svelte,svelte,web__src__routes__(user)__albums__[albumId=id]__[[photos=photos]]__[[assetId=id]]__+page.svelte,https://github.com/immich-app/immich,24049,24049,651,584,579,5,5372,5336,5325,47,23735,5474,2405,335
fw,Svelte,svelte,web__src__routes__(user)__memories__[id]__[[photos=photos]]__[[assetId=id]]__MemoryViewer.svelte,https://github.com/immich-app/immich,22275,22275,608,559,544,15,5051,5003,4958,93,21703,5335,2406,171
fw,Svelte,svelte,web__src__routes__(user)__people__[personId]__[[photos=photos]]__[[assetId=id]]__+page.svelte,https://github.com/immich-app/immich,19470,19470,531,477,469,8,4359,4345,4249,110,18940,4537,2032,269
fw,Svelte,svelte,web__src__routes__admin__system-settings__FFmpegSettings.svelte,https://github.com/immich-app/immich,19333,19333,454,426,425,1,4063,4029,4047,16,19216,5933,2620,364
fw,Svelte,svelte,web__src__routes__admin__system-settings__MachineLearningSettings.svelte,https://github.com/immich-app/immich,15608,15608,332,304,304,0,3157,3134,3157,0,15580,6315,2787,268
fw,Symfony,symfony,src__Sylius__Behat__Context__Api__Admin__ManagingCatalogPromotionsContext.php,https://github.com/Sylius/Sylius,55360,55360,1392,1188,1042,146,12625,12589,10044,2581,44636,6989,2980,430
fw,Symfony,symfony,src__Sylius__Behat__Context__Api__Admin__ManagingOrdersContext.php,https://github.com/Sylius/Sylius,44063,44057,1165,996,871,125,10182,10010,8276,1906,36189,5828,2594,284
fw,Symfony,symfony,src__Sylius__Behat__Context__Api__Admin__ManagingProductsContext.php,https://github.com/Sylius/Sylius,40349,40349,1039,881,756,125,9350,9179,7433,1915,32399,6350,2798,294
fw,Symfony,symfony,src__Sylius__Behat__Context__Api__Shop__CartContext.php,https://github.com/Sylius/Sylius,38703,38703,977,799,688,111,9191,9008,7155,2032,31121,6706,2931,391
fw,Symfony,symfony,src__Sylius__Behat__Context__Api__Shop__CheckoutContext.php,https://github.com/Sylius/Sylius,60951,60950,1510,1266,1077,189,13955,13724,10611,3340,47304,6194,2719,291
fw,Symfony,symfony,src__Sylius__Behat__Context__Setup__OrderContext.php,https://github.com/Sylius/Sylius,43982,43982,1118,897,770,127,10060,10035,7752,2307,34820,6528,2864,359
fw,Symfony,symfony,src__Sylius__Behat__Context__Setup__ProductContext.php,https://github.com/Sylius/Sylius,59245,59239,1485,1222,992,230,13658,13635,9517,4141,43228,6387,2904,262
fw,Symfony,symfony,src__Sylius__Behat__Context__Setup__PromotionContext.php,https://github.com/Sylius/Sylius,46170,46068,1153,974,868,106,10836,10853,8199,2634,36673,6998,3071,390
fw,Symfony,symfony,src__Sylius__Behat__Context__Ui__Admin__ManagingCatalogPromotionsContext.php,https://github.com/Sylius/Sylius,39664,39655,990,842,708,134,9275,9276,6890,2378,29974,6310,2847,299
fw,Symfony,symfony,src__Sylius__Behat__Context__Ui__Admin__ManagingProductsContext.php,https://github.com/Sylius/Sylius,51068,51047,1234,1032,829,203,12091,11957,8642,3440,37284,6963,3040,394
fw,TensorFlow,tensorflow,tensorflow__python__keras__engine__base_layer.py,https://github.com/tensorflow/tensorflow,130672,130672,3272,2816,2394,422,29210,29093,23436,5761,104581,6069,2670,290
fw,TensorFlow,tensorflow,tensorflow__python__keras__engine__training.py,https://github.com/tensorflow/tensorflow,128791,128791,3002,2614,2437,177,27668,27460,25332,2329,117807,6149,2840,306
fw,TensorFlow,tensorflow,tensorflow__python__keras__engine__training_v1.py,https://github.com/tensorflow/tensorflow,138401,138401,3215,2829,2536,293,29045,28826,25146,3894,120324,6046,2676,266
fw,TensorFlow,tensorflow,tensorflow__python__keras__layers__convolutional.py,https://github.com/tensorflow/tensorflow,140598,140598,3410,3086,3041,45,33171,32797,32676,467,138184,5936,2559,297
fw,TensorFlow,tensorflow,tensorflow__python__keras__layers__recurrent.py,https://github.com/tensorflow/tensorflow,124874,124874,3085,2733,2590,143,27501,27197,25449,2045,115785,4917,2243,251
fw,TensorFlow,tensorflow,tensorflow__python__keras__metrics.py,https://github.com/tensorflow/tensorflow,129453,129453,3659,2963,2866,97,33236,32981,32024,1183,123499,6406,2928,296
fw,TensorFlow,tensorflow,tensorflow__python__ops__metrics_impl.py,https://github.com/tensorflow/tensorflow,171931,171931,3935,3322,3204,118,39734,38853,38201,1521,164901,6433,2922,246
fw,TensorFlow,tensorflow,tensorflow__python__ops__ragged__dynamic_ragged_shape.py,https://github.com/tensorflow/tensorflow,124088,124088,3295,2769,2628,141,31145,30118,29250,1882,116425,6515,2889,325
fw,TensorFlow,tensorflow,tensorflow__python__ops__ragged__ragged_tensor.py,https://github.com/tensorflow/tensorflow,126878,126878,3150,2619,2398,221,32212,31383,29765,2427,113973,7747,3417,370
fw,TensorFlow,tensorflow,tensorflow__python__ops__sparse_ops.py,https://github.com/tensorflow/tensorflow,143743,143743,3715,3053,2959,94,39892,39394,38701,1167,138191,7542,3309,367
fw,Vue.js,vue_js,packages__vant-cli__site__desktop__components__Header.vue,https://github.com/PanJiaChen/vue-element-admin,7009,7009,320,277,277,0,1833,1818,1833,0,6966,3771,1702,221
fw,Vue.js,vue_js,packages__vant__src__calendar__demo__index.vue,https://github.com/PanJiaChen/vue-element-admin,7814,7610,311,280,280,0,2121,2104,2121,0,7579,4547,2046,218
fw,Vue.js,vue_js,packages__vant__src__cascader__demo__index.vue,https://github.com/PanJiaChen/vue-element-admin,8168,8060,330,311,311,0,2162,2139,2161,0,8041,4272,1931,226
fw,Vue.js,vue_js,packages__vant__src__checkbox__demo__index.vue,https://github.com/PanJiaChen/vue-element-admin,7291,7149,264,231,231,0,1965,1978,1965,0,7116,,,
fw,Vue.js,vue_js,packages__vant__src__popover__demo__index.vue,https://github.com/PanJiaChen/vue-element-admin,7602,7420,317,294,294,0,2035,2039,2035,0,7397,4112,1944,192
fw,Vue.js,vue_js,src__components__Dropzone__index.vue,https://github.com/PanJiaChen/vue-element-admin,8402,8380,298,276,275,1,2190,2171,2185,5,8342,,,
fw,Vue.js,vue_js,src__components__ImageCropper__index.vue,https://github.com/PanJiaChen/vue-element-admin,43239,41791,1780,1772,1765,7,13749,13907,13712,37,41443,5355,2297,263
fw,Vue.js,vue_js,src__components__MDinput__index.vue,https://github.com/PanJiaChen/vue-element-admin,8451,8451,361,354,353,1,2156,2140,2151,5,8419,4028,1800,201
fw,Vue.js,vue_js,src__views__example__components__ArticleDetail.vue,https://github.com/PanJiaChen/vue-element-admin,8944,8794,290,266,266,0,2146,2154,2145,0,8770,,,
fw,Vue.js,vue_js,src__views__table__complex-table.vue,https://github.com/PanJiaChen/vue-element-admin,13334,13330,380,370,370,0,3367,3367,3366,0,13320,5503,2571,264
fw,WordPress,wordpress,wp-includes__block-supports__layout.php,https://github.com/WordPress/WordPress,62823,62811,1620,1471,1067,404,16891,16908,12568,4323,43801,8321,3631,409
fw,WordPress,wordpress,wp-includes__deprecated.php,https://github.com/WordPress/WordPress,193974,193974,6535,5798,2554,3244,54852,54609,28752,26100,93087,5677,2459,324
fw,WordPress,wordpress,wp-includes__general-template.php,https://github.com/WordPress/WordPress,183472,183470,5650,5130,2680,2450,51639,51463,28184,23453,88589,5864,2625,380
fw,WordPress,wordpress,wp-includes__html-api__class-wp-html-tag-processor.php,https://github.com/WordPress/WordPress,178843,177939,5383,4822,1961,2861,48605,48288,19556,29046,63540,5856,2606,327
fw,WordPress,wordpress,wp-includes__interactivity-api__class-wp-interactivity-api.php,https://github.com/WordPress/WordPress,59251,59247,1630,1496,770,726,15715,15651,7850,7865,26859,7304,3177,425
fw,WordPress,wordpress,wp-includes__rest-api__class-wp-rest-server.php,https://github.com/WordPress/WordPress,59368,59368,2013,1742,941,801,16639,16549,9561,7078,31989,5537,2464,390
fw,WordPress,wordpress,wp-includes__rest-api__endpoints__class-wp-rest-attachments-controller.php,https://github.com/WordPress/WordPress,117672,117672,3459,3009,2020,989,32150,32099,21634,10515,74272,6353,2839,307
fw,WordPress,wordpress,wp-includes__rest-api__endpoints__class-wp-rest-comments-controller.php,https://github.com/WordPress/WordPress,63000,63000,2064,1781,1373,408,17737,17775,14156,3581,48752,5551,2496,264
fw,WordPress,wordpress,wp-includes__rest-api__endpoints__class-wp-rest-posts-controller.php,https://github.com/WordPress/WordPress,104748,104748,3402,2945,2192,753,30134,30251,23463,6671,79336,5170,2311,247
fw,WordPress,wordpress,wp-includes__user.php,https://github.com/WordPress/WordPress,180298,180298,5301,4658,2269,2389,47586,47539,23993,23593,81914,6608,3050,278
fw,Yii 2,yii_2,framework__db__BaseActiveRecord.php,https://github.com/yiisoft/yii2,73994,73994,1865,1733,863,870,16544,16397,7143,9400,31967,5465,2492,232
fw,Yii 2,yii_2,framework__db__Query.php,https://github.com/yiisoft/yii2,53013,53013,1403,1307,593,714,12704,12591,4493,8211,18498,6001,2622,204
fw,Yii 2,yii_2,framework__db__QueryBuilder.php,https://github.com/yiisoft/yii2,75835,75835,1793,1645,801,844,17884,17625,8178,9704,33610,8089,3630,411
fw,Yii 2,yii_2,framework__helpers__BaseConsole.php,https://github.com/yiisoft/yii2,42585,42585,1208,1103,623,480,10302,10310,5397,4905,21919,6117,2652,283
fw,Yii 2,yii_2,framework__helpers__BaseFileHelper.php,https://github.com/yiisoft/yii2,44670,44670,1032,944,580,364,10390,10289,5280,5110,22878,6934,2984,329
fw,Yii 2,yii_2,framework__helpers__BaseHtml.php,https://github.com/yiisoft/yii2,115074,115074,2412,2264,974,1290,26737,26514,9694,17043,40834,7557,3338,419
fw,Yii 2,yii_2,framework__i18n__Formatter.php,https://github.com/yiisoft/yii2,98209,98204,2198,2013,1083,930,23222,22956,11159,12062,46332,8401,3757,406
fw,Yii 2,yii_2,framework__web__Request.php,https://github.com/yiisoft/yii2,75620,75620,2036,1844,959,885,17951,17780,8519,9432,34943,6437,2890,219
fw,Yii 2,yii_2,framework__web__Response.php,https://github.com/yiisoft/yii2,44392,44392,1158,1077,581,496,10468,10296,5097,5371,21295,6744,2950,327
fw,Yii 2,yii_2,framework__widgets__ActiveField.php,https://github.com/yiisoft/yii2,40955,40955,972,879,419,460,9733,9621,4117,5616,16948,7520,3363,308
lang,Ada,ada,core__src__gnatcoll-email.adb,https://github.com/AdaCore/gnatcoll-core,70754,70754,2305,1945,1632,313,15507,15523,13368,2123,59240,3983,1823,170
lang,Ada,ada,core__src__gnatcoll-strings_impl.adb,https://github.com/AdaCore/gnatcoll-core,73812,73812,2535,2162,1724,438,16966,16916,13936,3006,57977,4488,1972,218
lang,Ada,ada,core__src__gnatcoll-traces.adb,https://github.com/AdaCore/gnatcoll-core,70646,70646,2215,1852,1514,338,15731,15676,12778,2944,55809,4426,1974,234
lang,Ada,ada,core__src__os__gnatcoll-os-fsutil.adb,https://github.com/AdaCore/gnatcoll-core,37291,37291,1057,855,634,221,8078,8029,5779,2291,25400,5642,2430,346
lang,Ada,ada,core__src__os__gnatcoll-os-process.adb,https://github.com/AdaCore/gnatcoll-core,21799,21799,638,565,484,81,5009,4957,4284,723,17726,5325,2372,326
lang,Ada,ada,core__src__os__win32__gnatcoll-os-win32-files.ads,https://github.com/AdaCore/gnatcoll-core,20023,20023,513,439,409,30,4863,4845,4492,370,17768,5981,2662,284
lang,Ada,ada,minimal__src__gnatcoll-promises.ads,https://github.com/AdaCore/gnatcoll-core,19925,19925,485,436,151,285,4515,4515,1440,3072,6213,6138,2737,362
lang,Ada,ada,projects__src__gnatcoll-projects-normalize.adb,https://github.com/AdaCore/gnatcoll-core,134388,134388,3652,3108,2534,574,29021,28380,23186,5816,105834,5075,2283,269
lang,Ada,ada,projects__src__gnatcoll-projects.ads,https://github.com/AdaCore/gnatcoll-core,115629,115629,2450,2161,943,1218,26422,26277,10227,16191,45072,7586,3358,429
lang,Ada,ada,projects__src__gnatcoll-scripts-projects.adb,https://github.com/AdaCore/gnatcoll-core,22899,22899,636,558,500,58,4896,4843,4390,504,19796,4952,2211,261
lang,Apex,apex,force-app__main__default__classes__Encryption Recipes__EncryptionRecipes.cls,https://github.com/trailheadapps/apex-recipes,17563,17563,450,422,243,179,4681,4719,2924,1757,9318,5292,2412,296
lang,Apex,apex,force-app__main__default__classes__Integration Recipes__CustomRestEndpointRecipes.cls,https://github.com/trailheadapps/apex-recipes,19248,19242,442,433,226,207,4100,4067,1556,2543,8322,6144,2678,406
lang,Apex,apex,force-app__tests__Data Recipes__DMLRecipes_Tests.cls,https://github.com/trailheadapps/apex-recipes,26932,26932,825,762,752,10,5530,5424,5364,165,26023,4885,2223,210
lang,Apex,apex,force-app__tests__Integration Recipes__CustomRestEndpointRecipes_Tests.cls,https://github.com/trailheadapps/apex-recipes,26333,26333,691,625,610,15,5213,5146,4926,286,24937,5178,2315,262
lang,Apex,apex,sfdx-source__apex-common__main__classes__fflib_QueryFactory.cls,https://github.com/trailheadapps/apex-recipes,39035,39035,913,832,476,356,9240,9161,4340,4885,18027,7017,3092,302
lang,Apex,apex,sfdx-source__apex-common__main__classes__fflib_SObjectDomain.cls,https://github.com/trailheadapps/apex-recipes,38328,38316,1264,1112,805,307,9181,9159,6179,2925,24754,4441,1991,199
lang,Apex,apex,sfdx-source__apex-common__main__classes__fflib_SObjectUnitOfWork.cls,https://github.com/trailheadapps/apex-recipes,41224,41224,1160,1020,767,253,9094,8899,6431,2662,28338,5624,2518,216
lang,Apex,apex,sfdx-source__apex-common__test__classes__fflib_QueryFactoryTest.cls,https://github.com/trailheadapps/apex-recipes,29208,29208,733,648,593,55,7595,7411,6876,716,25787,7267,3110,308
lang,Apex,apex,sfdx-source__apex-common__test__classes__fflib_SObjectSelectorTest.cls,https://github.com/trailheadapps/apex-recipes,33666,33666,938,790,719,71,8389,8253,7638,731,30449,5513,2477,290
lang,Apex,apex,sfdx-source__apex-common__test__classes__fflib_SObjectUnitOfWorkTest.cls,https://github.com/trailheadapps/apex-recipes,46348,46348,1148,992,863,129,10025,9664,8853,1168,40526,6567,2890,350
lang,Assembly,assembly,libavcodec__x86__h26x__h2656_inter.asm,https://github.com/FFmpeg/FFmpeg,33696,33696,1161,1070,1004,66,13628,13600,12676,949,30029,8368,3691,430
lang,Assembly,assembly,libavcodec__x86__hevc__deblock.asm,https://github.com/FFmpeg/FFmpeg,29205,29205,884,773,689,84,11458,11474,10499,957,25361,10103,4392,611
lang,Assembly,assembly,libavcodec__x86__hevc__mc.asm,https://github.com/FFmpeg/FFmpeg,39497,39497,1395,1274,1215,59,15347,15330,14683,656,36610,7852,3474,468
lang,Assembly,assembly,libavcodec__x86__vp9intrapred_16bpp.asm,https://github.com/FFmpeg/FFmpeg,94365,94365,2498,2389,2348,41,36420,36357,35857,560,92121,13231,5712,676
lang,Assembly,assembly,libavcodec__x86__vp9itxfm.asm,https://github.com/FFmpeg/FFmpeg,99480,99478,2811,2469,2283,186,43997,43807,40344,3642,89179,10879,4827,468
lang,Assembly,assembly,libavcodec__x86__vp9itxfm_16bpp.asm,https://github.com/FFmpeg/FFmpeg,73000,73000,2031,1854,1741,113,29794,29654,27838,1953,66968,10928,4818,402
lang,Assembly,assembly,libavfilter__x86__colorspacedsp.asm,https://github.com/FFmpeg/FFmpeg,31236,31236,1098,1017,971,46,13121,13157,12488,631,28777,8328,3693,463
lang,Assembly,assembly,libavfilter__x86__vf_removegrain.asm,https://github.com/FFmpeg/FFmpeg,25638,25638,1219,1028,972,56,10598,10579,9935,661,22939,6006,2699,272
lang,Assembly,assembly,libswscale__x86__input.asm,https://github.com/FFmpeg/FFmpeg,41753,41753,1253,1177,1027,150,17713,17676,15738,1970,35834,9070,4231,276
lang,Assembly,assembly,libswscale__x86__output.asm,https://github.com/FFmpeg/FFmpeg,26225,26225,942,845,738,107,10663,10655,9297,1361,21140,7156,3151,310
lang,Bash/Shell,bash_shell,cluster__gce__gci__configure-helper.sh,https://github.com/kubernetes/kubernetes,138930,138930,3594,3246,2729,517,40362,39980,33915,6441,111824,10292,4432,733
lang,Bash/Shell,bash_shell,cluster__gce__gci__configure.sh,https://github.com/kubernetes/kubernetes,36836,36836,1015,896,718,178,10383,10237,8384,1990,28265,7414,3367,469
lang,Bash/Shell,bash_shell,cluster__gce__util.sh,https://github.com/kubernetes/kubernetes,165025,165025,4204,3816,2975,841,46250,45306,37253,8983,129375,8021,3587,294
lang,Bash/Shell,bash_shell,cluster__log-dump__log-dump.sh,https://github.com/kubernetes/kubernetes,29528,29528,717,641,524,117,7943,7831,6338,1602,22613,6985,3172,333
lang,Bash/Shell,bash_shell,hack__lib__golang.sh,https://github.com/kubernetes/kubernetes,35962,35962,1027,912,687,225,10271,10007,6994,3274,22455,7513,3368,311
lang,Bash/Shell,bash_shell,hack__local-up-cluster.sh,https://github.com/kubernetes/kubernetes,61210,61210,1581,1383,1169,214,17135,16794,14316,2816,49439,8047,3548,417
lang,Bash/Shell,bash_shell,hack__update-codegen.sh,https://github.com/kubernetes/kubernetes,35520,35520,1048,904,731,173,9727,9668,7885,1841,27431,6230,2761,318
lang,Bash/Shell,bash_shell,install.sh,https://github.com/kubernetes/kubernetes,17870,17870,534,481,424,57,5321,5304,4821,499,15902,7025,3012,546
lang,Bash/Shell,bash_shell,nvm.sh,https://github.com/kubernetes/kubernetes,168666,168644,5123,4670,4450,220,51664,51132,48327,3331,155285,5427,2497,254
lang,Bash/Shell,bash_shell,test__common.sh,https://github.com/kubernetes/kubernetes,7060,7060,307,265,234,31,2276,2256,1865,411,5673,4766,2216,209
lang,C,c,src__backend__access__transam__xact.c,https://github.com/postgres/postgres,190188,190188,6508,5704,3252,2452,48484,48440,26476,22007,95259,4990,2166,251
lang,C,c,src__backend__catalog__objectaddress.c,https://github.com/postgres/postgres,170263,170263,6627,5833,5352,481,46184,45699,41854,4328,151151,4941,2183,284
lang,C,c,src__backend__executor__nodeModifyTable.c,https://github.com/postgres/postgres,194939,194939,5980,5301,3130,2171,50037,50202,28608,21429,104379,5051,2310,236
lang,C,c,src__backend__optimizer__path__allpaths.c,https://github.com/postgres/postgres,166120,166120,5152,4588,2510,2078,43115,43295,21533,21581,74905,6035,2632,349
lang,C,c,src__backend__replication__logical__reorderbuffer.c,https://github.com/postgres/postgres,167237,167237,5678,4832,3084,1748,44212,44503,27985,16223,95275,5324,2361,306
lang,C,c,src__backend__storage__ipc__procarray.c,https://github.com/postgres/postgres,169197,169197,5313,4638,2423,2215,44568,45013,22102,22463,74554,5644,2488,262
lang,C,c,src__backend__utils__adt__arrayfuncs.c,https://github.com/postgres/postgres,188176,188176,6983,6257,4631,1626,54389,53979,39261,15123,124375,5309,2343,242
lang,C,c,src__backend__utils__adt__formatting.c,https://github.com/postgres/postgres,172888,172888,6903,6196,4847,1349,55576,55322,44425,11140,128189,5891,2655,257
lang,C,c,src__backend__utils__adt__timestamp.c,https://github.com/postgres/postgres,178000,178000,7012,6059,4790,1269,52262,51838,41099,11160,131325,4938,2126,337
lang,C,c,src__backend__utils__misc__guc.c,https://github.com/postgres/postgres,191318,191318,6864,6079,4407,1672,51447,51369,34815,16626,121099,5560,2507,218
lang,Clojure,clojure,src__metabase__agent_api__api.clj,https://github.com/metabase/metabase,104891,104801,1857,1681,1500,181,23189,23196,20181,2985,88507,8395,3770,382
lang,Clojure,clojure,src__metabase__agent_lib__representations__repair.clj,https://github.com/metabase/metabase,139693,139514,2862,2600,1941,659,35432,35530,25422,9977,97004,8100,3564,353
lang,Clojure,clojure,src__metabase__app_db__custom_migrations.clj,https://github.com/metabase/metabase,132654,132648,2305,2141,1950,191,27094,26872,24042,3033,116226,7998,3523,486
lang,Clojure,clojure,src__metabase__collections__models__collection.clj,https://github.com/metabase/metabase,138740,138729,2534,2247,1978,269,29472,29190,25320,4118,116042,7388,3304,323
lang,Clojure,clojure,src__metabase__collections_rest__api.clj,https://github.com/metabase/metabase,97455,97455,1825,1658,1536,122,20261,20127,18216,2024,87729,7045,3162,347
lang,Clojure,clojure,src__metabase__driver.clj,https://github.com/metabase/metabase,101384,101370,2122,1793,1457,336,23808,23690,19529,4271,80532,7793,3476,334
lang,Clojure,clojure,src__metabase__driver__sql__query_processor.clj,https://github.com/metabase/metabase,106132,106126,2350,1992,1754,238,26139,26043,22593,3525,88429,6948,3192,430
lang,Clojure,clojure,src__metabase__models__serialization.clj,https://github.com/metabase/metabase,96086,95950,1993,1717,1438,279,23472,23531,19135,4311,76964,8030,3560,388
lang,Clojure,clojure,src__metabase__permissions__models__data_permissions.clj,https://github.com/metabase/metabase,92886,92799,1661,1475,1379,96,20822,20645,19315,1484,84493,8627,3815,484
lang,Clojure,clojure,src__metabase__warehouses_rest__api.clj,https://github.com/metabase/metabase,99856,99850,1710,1582,1360,222,21409,21381,17821,3567,83084,8847,3935,441
lang,Cobol,cobol,COBOL Programming Course #3 - Advanced Topics__Challenges__Debugging__cbl__CBL0106.cbl,https://github.com/openmainframeproject/cobol-check,7147,7147,196,189,161,28,2028,2027,1935,93,6655,,,
lang,Cobol,cobol,COBOL Programming Course #3 - Advanced Topics__Challenges__Debugging__cbl__CBL0106C.cbl,https://github.com/openmainframeproject/cobol-check,7596,7596,205,199,167,32,2130,2129,1994,136,6915,,,
lang,Cobol,cobol,COBOL Programming Course #3 - Advanced Topics__Labs__cbl__CBLDB21.cbl,https://github.com/openmainframeproject/cobol-check,9301,9301,145,137,107,30,1484,1474,1279,192,6865,,,
lang,Cobol,cobol,COBOL Programming Course #3 - Advanced Topics__Labs__cbl__CBLDB22.cbl,https://github.com/openmainframeproject/cobol-check,12982,12982,202,196,157,39,2021,2006,1787,224,10035,,,
lang,Cobol,cobol,COBOL Programming Course #3 - Advanced Topics__Labs__cbl__CBLDB23.cbl,https://github.com/openmainframeproject/cobol-check,12027,12027,189,183,156,27,1904,1887,1720,174,9962,,,
lang,Cobol,cobol,TESTPRG.CBL,https://github.com/openmainframeproject/cobol-check,37989,37989,470,446,423,23,5536,5478,5305,183,34262,7060,3292,317
lang,C++,cpp,src__google__protobuf__compiler__command_line_interface.cc,https://github.com/protocolbuffers/protobuf,133119,133119,3584,3222,2808,414,30331,30104,25220,5110,109358,5564,2466,277
lang,C++,cpp,src__google__protobuf__compiler__cpp__helpers.cc,https://github.com/protocolbuffers/protobuf,76619,76619,2162,1945,1756,189,18304,18107,15816,2490,65452,5489,2473,313
lang,C++,cpp,src__google__protobuf__compiler__parser.cc,https://github.com/protocolbuffers/protobuf,99287,99285,2776,2442,2200,242,21260,21345,18467,2786,85889,5511,2509,244
lang,C++,cpp,src__google__protobuf__compiler__parser_unittest.cc,https://github.com/protocolbuffers/protobuf,180370,180370,5677,5094,4869,225,48542,48352,46169,2375,168179,4716,2133,249
lang,C++,cpp,src__google__protobuf__compiler__php__php_generator.cc,https://github.com/protocolbuffers/protobuf,84284,84284,2386,2156,2057,99,21272,21037,20118,1156,78723,5634,2544,275
lang,C++,cpp,src__google__protobuf__generated_message_reflection.cc,https://github.com/protocolbuffers/protobuf,165814,165814,4219,3787,3476,311,37005,36882,33066,3938,147027,6419,2866,333
lang,C++,cpp,src__google__protobuf__generated_message_tctable_lite.cc,https://github.com/protocolbuffers/protobuf,128055,128055,3303,2986,2721,265,33608,33803,30430,3178,112987,6719,3010,290
lang,C++,cpp,src__google__protobuf__text_format_unittest.cc,https://github.com/protocolbuffers/protobuf,127056,127056,3251,2857,2578,279,31349,30864,28358,2980,112589,7680,3501,283
lang,C++,cpp,src__google__protobuf__util__message_differencer.cc,https://github.com/protocolbuffers/protobuf,90858,90858,2373,2128,1900,228,21076,21132,18044,3031,76778,6540,2924,354
lang,C++,cpp,src__google__protobuf__util__message_differencer_unittest.cc,https://github.com/protocolbuffers/protobuf,137599,137599,4343,3599,3252,347,39407,39670,35857,3550,123092,6980,3075,342
lang,Crystal,crystal,src__compiler__crystal__codegen__codegen.cr,https://github.com/crystal-lang/crystal,81911,81911,2632,2185,2018,167,19756,19720,17600,2148,72182,4996,2203,176
lang,Crystal,crystal,src__compiler__crystal__interpreter__compiler.cr,https://github.com/crystal-lang/crystal,103224,103222,3551,2865,2354,511,25812,25817,20029,5774,78998,4659,2031,251
lang,Crystal,crystal,src__compiler__crystal__macros.cr,https://github.com/crystal-lang/crystal,79536,79534,3047,2557,1133,1424,21572,21601,7264,14306,25098,4307,1907,224
lang,Crystal,crystal,src__compiler__crystal__macros__methods.cr,https://github.com/crystal-lang/crystal,116190,116190,3599,3277,3247,30,26841,26884,26439,396,114090,4850,2215,188
lang,Crystal,crystal,src__compiler__crystal__semantic__main_visitor.cr,https://github.com/crystal-lang/crystal,113054,113054,3674,3026,2597,429,26367,26360,21012,5354,89154,4040,1829,210
lang,Crystal,crystal,src__compiler__crystal__syntax__lexer.cr,https://github.com/crystal-lang/crystal,86417,86417,2885,2661,2565,96,20350,20180,19444,903,82139,5292,2614,196
lang,Crystal,crystal,src__compiler__crystal__syntax__parser.cr,https://github.com/crystal-lang/crystal,195861,195861,6611,5638,5446,192,45054,44860,42717,2335,185258,4314,1899,263
lang,Crystal,crystal,src__compiler__crystal__tools__formatter.cr,https://github.com/crystal-lang/crystal,132169,132167,5150,4348,4175,173,31468,31399,29239,2227,121681,4558,2069,184
lang,Crystal,crystal,src__compiler__crystal__types.cr,https://github.com/crystal-lang/crystal,97594,97594,3608,2990,2579,411,23675,23720,18967,4706,78255,4656,2008,310
lang,Crystal,crystal,src__string.cr,https://github.com/crystal-lang/crystal,180387,180260,5913,5290,2878,2412,52730,52426,25241,27485,91124,5499,2453,247
lang,C#,csharp,src__Microsoft.PowerShell.Commands.Management__commands__management__GetComputerInfoCommand.cs,https://github.com/PowerShell/PowerShell,181390,181374,5157,4439,2227,2212,36770,36774,20140,16629,100115,5762,2566,338
lang,C#,csharp,src__System.Management.Automation__DscSupport__CimDSCParser.cs,https://github.com/PowerShell/PowerShell,182949,182949,4077,3578,2943,635,33013,32003,26204,6807,148609,4762,2048,299
lang,C#,csharp,src__System.Management.Automation__engine__MshMemberInfo.cs,https://github.com/PowerShell/PowerShell,194219,194219,5158,4483,3135,1348,36649,35871,22316,14331,124512,5838,2529,297
lang,C#,csharp,src__System.Management.Automation__engine__SessionStateContainer.cs,https://github.com/PowerShell/PowerShell,192723,192723,4898,4412,2616,1796,33197,32690,15703,17493,105766,3948,1735,284
lang,C#,csharp,src__System.Management.Automation__engine__TypeTable.cs,https://github.com/PowerShell/PowerShell,181432,181432,4780,4159,3562,597,32481,31735,26889,5591,153439,4894,2134,281
lang,C#,csharp,src__System.Management.Automation__engine__parser__tokenizer.cs,https://github.com/PowerShell/PowerShell,187881,187881,5084,4403,3829,574,32483,32323,24786,7696,149335,4378,1936,269
lang,C#,csharp,src__System.Management.Automation__engine__remoting__client__Job.cs,https://github.com/PowerShell/PowerShell,165848,165848,4525,3898,2618,1280,30763,30486,18237,12526,103361,4276,1920,262
lang,C#,csharp,src__System.Management.Automation__engine__remoting__commands__PSRemotingCmdlet.cs,https://github.com/PowerShell/PowerShell,186251,186251,4545,3929,2695,1234,34276,33664,21669,12606,123970,6598,2769,218
lang,C#,csharp,src__System.Management.Automation__engine__remoting__fanin__WSManTransportManager.cs,https://github.com/PowerShell/PowerShell,185042,185042,4163,3569,2835,734,34901,34087,26957,7943,142642,5516,2407,312
lang,C#,csharp,src__System.Management.Automation__namespaces__LocationGlobber.cs,https://github.com/PowerShell/PowerShell,192707,192707,4733,4101,2471,1630,33367,32853,16783,16582,108289,4659,2004,311
lang,Dart,dart,packages__flutter__lib__src__cupertino__nav_bar.dart,https://github.com/flutter/flutter,131444,131444,3549,3181,2369,812,28812,28166,19318,9493,88366,5035,2210,298
lang,Dart,dart,packages__flutter__lib__src__material__menu_anchor.dart,https://github.com/flutter/flutter,156670,156629,4266,3871,2559,1312,34875,34639,20261,14616,92296,5155,2316,208
lang,Dart,dart,packages__flutter__lib__src__material__theme_data.dart,https://github.com/flutter/flutter,137579,137579,3490,3290,2305,985,30985,30664,19272,11715,86478,6851,3080,349
lang,Dart,dart,packages__flutter__lib__src__material__time_picker.dart,https://github.com/flutter/flutter,137678,137678,3970,3596,3200,396,30642,29968,26264,4376,117619,4702,2151,260
lang,Dart,dart,packages__flutter__lib__src__rendering__box.dart,https://github.com/flutter/flutter,142353,142347,3416,3248,1643,1605,31664,31798,13565,18099,61750,6972,3031,340
lang,Dart,dart,packages__flutter__lib__src__rendering__paragraph.dart,https://github.com/flutter/flutter,148061,148059,3698,3487,2965,522,30571,30383,24090,6476,117897,5837,2623,223
lang,Dart,dart,packages__flutter__lib__src__rendering__proxy_box.dart,https://github.com/flutter/flutter,158611,158607,4836,4416,3211,1205,36678,36865,23477,13208,99793,4650,2045,278
lang,Dart,dart,packages__flutter__lib__src__widgets__selectable_region.dart,https://github.com/flutter/flutter,149230,149230,3732,3465,2491,974,31731,31525,20534,11194,96285,4778,2124,251
lang,Dart,dart,packages__flutter__lib__src__widgets__text_selection.dart,https://github.com/flutter/flutter,153960,153960,4064,3689,2596,1093,32846,32666,20431,12414,96746,4660,2070,229
lang,Dart,dart,packages__flutter__lib__src__widgets__widget_inspector.dart,https://github.com/flutter/flutter,162586,162586,4662,4162,3257,905,35765,35560,25489,10279,113370,5782,2575,337
lang,Delphi,delphi,jcl__source__common__JclIDEUtils.pas,https://github.com/project-jedi/jcl,194489,194489,5434,4823,4537,286,50767,50788,47780,2985,179357,5635,2546,251
lang,Delphi,delphi,jcl__source__common__JclStrings.pas,https://github.com/project-jedi/jcl,147455,147455,5419,4955,4522,433,40889,40500,36471,4431,125931,4573,1974,237
lang,Delphi,delphi,jcl__source__common__JclSysUtils.pas,https://github.com/project-jedi/jcl,134666,134664,4541,4041,3357,684,34886,34422,29398,5516,109556,5134,2290,242
lang,Delphi,delphi,jcl__source__prototypes__JclGraphUtils.pas,https://github.com/project-jedi/jcl,72553,72553,2578,2294,2008,286,22961,22928,19698,3278,58422,4378,2029,187
lang,Delphi,delphi,jcl__source__prototypes__JclGraphics.pas,https://github.com/project-jedi/jcl,149293,149293,5815,5302,5035,267,45912,45796,43306,2615,135592,4301,1908,211
lang,Delphi,delphi,jcl__source__vcl__JclGraphUtils.pas,https://github.com/project-jedi/jcl,75397,75397,2711,2398,2104,294,23950,23971,20536,3434,60710,4180,1850,277
lang,Delphi,delphi,jcl__source__vcl__JclGraphics.pas,https://github.com/project-jedi/jcl,147652,147652,5714,5195,4986,209,45348,45278,43131,2228,134791,4512,1975,258
lang,Delphi,delphi,jcl__source__windows__JclMetadata.pas,https://github.com/project-jedi/jcl,159891,159891,4861,4110,3851,259,42288,41631,38891,3400,142995,5347,2234,350
lang,Delphi,delphi,jcl__source__windows__JclMsBuild.pas,https://github.com/project-jedi/jcl,88035,88035,2740,2454,2244,210,21814,21639,19618,2186,76490,4886,2178,281
lang,Delphi,delphi,jcl__source__windows__JclNTFS.pas,https://github.com/project-jedi/jcl,83941,83941,2520,2259,1968,291,21061,21017,17989,3088,67961,6313,2797,293
lang,Elixir,elixir,lib__elixir__lib__calendar__datetime.ex,https://github.com/elixir-lang/elixir,75816,75812,2160,1751,1675,76,21864,21525,20833,1028,72434,6892,2890,316
lang,Elixir,elixir,lib__elixir__lib__calendar__iso.ex,https://github.com/elixir-lang/elixir,69524,69524,2222,1804,1742,62,22273,22217,21788,483,67437,6875,3031,330
lang,Elixir,elixir,lib__elixir__lib__code__formatter.ex,https://github.com/elixir-lang/elixir,80463,80463,2614,2142,1944,198,23289,23294,21380,1906,73034,6086,2722,380
lang,Elixir,elixir,lib__elixir__lib__enum.ex,https://github.com/elixir-lang/elixir,155064,155064,5255,4007,3820,187,47801,47719,46433,1339,148943,5859,2539,314
lang,Elixir,elixir,lib__elixir__lib__kernel.ex,https://github.com/elixir-lang/elixir,196241,196233,7114,5302,5017,285,53826,53701,51892,1923,187204,5068,2299,190
lang,Elixir,elixir,lib__elixir__lib__kernel__special_forms.ex,https://github.com/elixir-lang/elixir,71879,71879,2403,1801,1711,90,19353,19347,18711,618,69074,4741,2112,219
lang,Elixir,elixir,lib__elixir__lib__module__types__apply.ex,https://github.com/elixir-lang/elixir,88707,88707,2555,2094,1971,123,23886,23710,22292,1585,81411,6491,2868,329
lang,Elixir,elixir,lib__elixir__lib__module__types__pattern.ex,https://github.com/elixir-lang/elixir,59953,59953,1856,1483,1320,163,15728,15685,13742,1978,51795,6413,2878,423
lang,Elixir,elixir,lib__elixir__lib__string.ex,https://github.com/elixir-lang/elixir,102167,101976,3373,2529,2436,93,28581,28441,27975,598,99082,5556,2462,278
lang,Elixir,elixir,lib__mix__lib__mix__tasks__release.ex,https://github.com/elixir-lang/elixir,58689,58689,1516,1199,1121,78,14111,14010,13557,545,56317,6552,2976,359
lang,Erlang,erlang,deps__rabbit__src__rabbit_fifo.erl,https://github.com/rabbitmq/rabbitmq-server,186361,186357,4329,4034,3691,343,42201,41857,38148,3986,166463,6719,2981,287
lang,Erlang,erlang,lib__kernel__src__gen_tcp_socket.erl,https://github.com/rabbitmq/rabbitmq-server,115631,115631,3456,3091,2409,682,28466,28496,22013,6398,86970,6069,2607,356
lang,Erlang,erlang,lib__kernel__src__global.erl,https://github.com/rabbitmq/rabbitmq-server,133399,133399,3359,3021,2291,730,32728,32735,24391,8298,93933,5413,2417,270
lang,Erlang,erlang,lib__kernel__src__inet.erl,https://github.com/rabbitmq/rabbitmq-server,165262,165074,4760,4073,3751,322,45991,45835,42355,3553,149301,5046,2334,275
lang,Erlang,erlang,lib__ssl__src__ssl.erl,https://github.com/rabbitmq/rabbitmq-server,162845,162843,3980,3361,3170,191,38188,38036,37010,1115,151025,7213,3199,408
lang,Erlang,erlang,lib__ssl__src__ssl_gen_statem.erl,https://github.com/rabbitmq/rabbitmq-server,114342,114341,2413,2272,1984,288,25711,25635,23262,2418,98586,7408,3371,376
lang,Erlang,erlang,lib__ssl__src__ssl_handshake.erl,https://github.com/rabbitmq/rabbitmq-server,193506,193502,4243,3928,3460,468,46896,46975,42125,4702,169161,7423,3255,441
lang,Erlang,erlang,lib__stdlib__src__gen_statem.erl,https://github.com/rabbitmq/rabbitmq-server,195382,195103,5414,4847,4285,562,48511,48430,44343,4116,175143,6130,2775,348
lang,Erlang,erlang,lib__stdlib__src__qlc.erl,https://github.com/rabbitmq/rabbitmq-server,163708,163682,4421,4041,3803,238,46557,46832,43549,2944,151252,8483,3856,396
lang,Erlang,erlang,lib__stdlib__src__rand.erl,https://github.com/rabbitmq/rabbitmq-server,142130,141895,3779,3334,2424,910,46501,46450,36705,9748,105041,6600,2933,340
lang,Fortran,fortran,SRC__DEPRECATED__dgegv.f,https://github.com/Reference-LAPACK/lapack,25224,25224,766,765,325,440,7915,7847,3640,4274,10616,7153,3159,416
lang,Fortran,fortran,SRC__DEPRECATED__sgegv.f,https://github.com/Reference-LAPACK/lapack,25124,25124,766,765,325,440,7888,7820,3631,4256,10614,7132,3150,414
lang,Fortran,fortran,SRC__DEPRECATED__zgegv.f,https://github.com/Reference-LAPACK/lapack,22599,22599,702,701,287,414,7193,7125,3263,3929,9221,6798,3118,295
lang,Fortran,fortran,SRC__VARIANTS__larft__LL-LVL2__clarft.f,https://github.com/Reference-LAPACK/lapack,10414,10414,329,328,97,231,3159,3143,1073,2085,3578,6534,2880,357
lang,Fortran,fortran,SRC__VARIANTS__qr__LL__cgeqrf.f,https://github.com/Reference-LAPACK/lapack,12098,12098,424,393,134,259,3880,3842,1598,2281,4699,6036,2804,269
lang,Fortran,fortran,SRC__VARIANTS__qr__LL__dgeqrf.f,https://github.com/Reference-LAPACK/lapack,12123,12123,425,393,135,258,3892,3859,1622,2269,4757,6048,2810,270
lang,Fortran,fortran,SRC__VARIANTS__qr__LL__zgeqrf.f,https://github.com/Reference-LAPACK/lapack,12099,12099,424,393,134,259,3904,3871,1601,2302,4699,6064,2816,271
lang,Fortran,fortran,SRC__cgesvd.f,https://github.com/Reference-LAPACK/lapack,144395,144395,3758,3757,1330,2427,40589,40515,16361,24227,59659,7205,3169,378
lang,Fortran,fortran,SRC__dgesvd.f,https://github.com/Reference-LAPACK/lapack,137961,137961,3553,3552,1345,2207,38967,38982,16812,22154,60830,7065,3163,310
lang,Fortran,fortran,SRC__zgesvd.f,https://github.com/Reference-LAPACK/lapack,144248,144248,3755,3754,1327,2427,40808,40735,16326,24481,59476,7177,3209,381
lang,F#,fsharp,src__Compiler__Checking__Expressions__CheckComputationExpressions.fs,https://github.com/dotnet/fsharp,142400,142394,3180,2693,2425,268,29605,29745,25257,4312,121793,5518,2508,296
lang,F#,fsharp,src__Compiler__Checking__MethodCalls.fs,https://github.com/dotnet/fsharp,132506,132502,2446,2093,1684,409,31850,32146,25562,6254,101609,9421,4226,447
lang,F#,fsharp,src__Compiler__Checking__NicePrint.fs,https://github.com/dotnet/fsharp,152340,152340,3124,2656,2355,301,36573,36558,32499,4050,132576,7482,3438,345
lang,F#,fsharp,src__Compiler__Checking__PostInferenceChecks.fs,https://github.com/dotnet/fsharp,133115,133113,2864,2343,2004,339,33579,33564,28613,4932,109083,7973,3548,378
lang,F#,fsharp,src__Compiler__Service__FSharpCheckerResults.fs,https://github.com/dotnet/fsharp,188864,188862,4191,3557,3250,307,37147,37083,32004,5110,162795,6067,2679,317
lang,F#,fsharp,src__Compiler__Service__ServiceParsedInputOps.fs,https://github.com/dotnet/fsharp,127266,127266,2713,2271,2064,207,26363,26314,23422,2933,112659,7139,3183,355
lang,F#,fsharp,src__Compiler__Symbols__Symbols.fs,https://github.com/dotnet/fsharp,146157,146153,3501,2897,2743,154,35793,35456,33056,2677,132495,6281,2786,354
lang,F#,fsharp,src__Compiler__SyntaxTree__LexFilter.fs,https://github.com/dotnet/fsharp,146269,146269,2854,2518,1694,824,34175,34060,23851,10298,96406,7233,3146,425
lang,F#,fsharp,src__Compiler__TypedTree__TypedTreeOps.Remapping.fs,https://github.com/dotnet/fsharp,125108,125108,2983,2457,2235,222,30829,30607,27907,2896,108230,6440,2772,246
lang,F#,fsharp,src__Compiler__TypedTree__TypedTreeOps.Transforms.fs,https://github.com/dotnet/fsharp,136977,136919,3016,2548,2255,293,33480,33596,29583,3867,118190,10154,4620,493
lang,GDScript,gdscript,2d__physics_tests__tests__functional__test_one_way_collision.gd,https://github.com/godotengine/godot-demo-projects,14063,14063,528,403,402,1,3670,3650,3653,13,13891,4517,2032,214
lang,GDScript,gdscript,3d__global_illumination__test.gd,https://github.com/godotengine/godot-demo-projects,10086,10085,273,227,197,30,2879,2893,2371,506,7854,,,
lang,GDScript,gdscript,3d__graphics_settings__settings.gd,https://github.com/godotengine/godot-demo-projects,21061,21057,495,417,340,77,5648,5647,4500,1147,16092,8201,3621,376
lang,GDScript,gdscript,3d__ik__addons__sade__ik_fabrik.gd,https://github.com/godotengine/godot-demo-projects,16485,16485,462,356,256,100,4199,4186,2550,1645,9670,6443,2852,259
lang,GDScript,gdscript,3d__voxel__world__chunk.gd,https://github.com/godotengine/godot-demo-projects,10236,10236,253,205,186,19,2857,2833,2589,268,9080,,,
lang,GDScript,gdscript,compute__heightmap__main.gd,https://github.com/godotengine/godot-demo-projects,9707,9707,261,196,148,48,2445,2425,1708,736,6550,,,
lang,GDScript,gdscript,compute__texture__water_plane__water_plane.gd,https://github.com/godotengine/godot-demo-projects,9417,9417,258,207,144,63,2479,2470,1709,768,6059,,,
lang,GDScript,gdscript,gui__gd_paint__paint_control.gd,https://github.com/godotengine/godot-demo-projects,10719,10719,244,202,126,76,2734,2735,1368,1366,4945,,,
lang,GDScript,gdscript,loading__runtime_save_load__runtime_save_load.gd,https://github.com/godotengine/godot-demo-projects,10749,10749,274,228,185,43,2712,2672,2087,624,8284,,,
lang,GDScript,gdscript,misc__os_test__os_test.gd,https://github.com/godotengine/godot-demo-projects,9920,9906,234,199,185,14,2463,2446,2264,192,9084,,,
lang,Gleam,gleam,src__gleam__dynamic__decode.gleam,https://github.com/lustre-labs/lustre,34139,34137,1134,1081,368,713,8451,8592,2999,5440,11076,4812,2107,281
lang,Gleam,gleam,src__gleam__list.gleam,https://github.com/lustre-labs/lustre,56869,56869,2288,2150,1028,1122,16607,16860,7832,8769,25814,5651,2441,281
lang,Gleam,gleam,src__gleam__string.gleam,https://github.com/lustre-labs/lustre,24646,24590,918,857,316,541,6501,6609,2802,3677,10084,4475,1975,226
lang,Gleam,gleam,src__gleam__uri.gleam,https://github.com/lustre-labs/lustre,24112,24112,781,702,484,218,6276,6279,4139,2131,15500,6007,2632,312
lang,Gleam,gleam,src__lustre.gleam,https://github.com/lustre-labs/lustre,24697,24697,538,504,152,352,5282,5389,1190,4076,4828,6633,2944,303
lang,Gleam,gleam,src__lustre__attribute.gleam,https://github.com/lustre-labs/lustre,71244,71238,1936,1740,611,1129,15191,15437,4575,10511,18294,4389,1955,305
lang,Gleam,gleam,src__lustre__component.gleam,https://github.com/lustre-labs/lustre,25692,25692,697,638,184,454,5577,5700,1485,4083,6005,5011,2281,251
lang,Gleam,gleam,src__lustre__dev__query.gleam,https://github.com/lustre-labs/lustre,25110,25110,838,738,527,211,6081,6115,4301,1771,16896,4544,2012,252
lang,Gleam,gleam,src__lustre__element__html.gleam,https://github.com/lustre-labs/lustre,18802,18802,909,776,644,132,4230,4239,3944,292,16833,3163,1392,166
lang,Gleam,gleam,src__lustre__vdom__diff.gleam,https://github.com/lustre-labs/lustre,27671,27607,921,836,738,98,6285,6280,4841,1444,21380,4205,1905,193
lang,Go,go,cmd__prometheus__main.go,https://github.com/prometheus/prometheus,88645,88645,2291,2006,1838,168,22175,22179,19755,2417,77751,4996,2302,244
lang,Go,go,model__histogram__float_histogram.go,https://github.com/prometheus/prometheus,84038,84026,2374,2171,1718,453,22013,22422,15622,6395,54339,5563,2524,217
lang,Go,go,promql__engine.go,https://github.com/prometheus/prometheus,170882,170882,4952,4451,3735,716,45480,45437,35319,10163,124852,7452,3351,492
lang,Go,go,promql__functions.go,https://github.com/prometheus/prometheus,107551,107551,2895,2608,2150,458,28800,28667,22077,6724,77111,6343,2810,315
lang,Go,go,scrape__scrape.go,https://github.com/prometheus/prometheus,79864,79864,2470,2205,1905,300,21061,21114,16681,4378,59881,5957,2607,380
lang,Go,go,storage__remote__queue_manager.go,https://github.com/prometheus/prometheus,82436,82436,2334,2120,1872,248,21351,21453,17550,3802,65525,5599,2504,241
lang,Go,go,tsdb__db.go,https://github.com/prometheus/prometheus,98943,98943,2905,2547,2058,489,26062,26211,18720,7332,65615,5966,2732,310
lang,Go,go,tsdb__head.go,https://github.com/prometheus/prometheus,108711,108709,3084,2714,2211,503,28729,28998,21231,7503,74903,6792,2973,436
lang,Go,go,tsdb__head_append.go,https://github.com/prometheus/prometheus,81888,81888,2331,2093,1669,424,22183,22318,15566,6618,52972,6354,2826,284
lang,Go,go,web__api__v1__api.go,https://github.com/prometheus/prometheus,76473,76473,2486,2160,2001,159,20138,20238,17959,2178,66167,5604,2472,272
lang,Groovy,groovy,src__main__groovy__groovy__beans__ListenerListASTTransformation.groovy,https://github.com/apache/groovy,15597,15597,343,310,197,113,3287,3248,2190,1097,10828,6462,2944,271
lang,Groovy,groovy,src__main__groovy__groovy__cli__internal__CliBuilderInternal.groovy,https://github.com/apache/groovy,17993,17993,441,403,209,194,4045,3983,1978,2066,8786,6165,2681,336
lang,Groovy,groovy,src__main__groovy__groovy__cli__internal__OptionAccessor.groovy,https://github.com/apache/groovy,9236,9236,234,213,113,100,2064,2048,1235,829,5445,,,
lang,Groovy,groovy,src__main__groovy__groovy__transform__Immutable.groovy,https://github.com/apache/groovy,10268,10268,225,219,23,196,2372,2342,173,2199,850,,,
lang,Groovy,groovy,src__main__groovy__groovy__util__ConfigSlurper.groovy,https://github.com/apache/groovy,11960,11960,358,327,198,129,2393,2379,1391,1002,7326,4510,2002,236
lang,Groovy,groovy,src__main__groovy__org__codehaus__groovy__ast__builder__AstSpecificationCompiler.groovy,https://github.com/apache/groovy,38099,38099,1086,971,591,380,8122,8041,6072,2050,28746,4309,1940,224
lang,Groovy,groovy,src__main__groovy__org__codehaus__groovy__control__customizers__ASTTransformationCustomizer.groovy,https://github.com/apache/groovy,21626,21626,435,394,192,202,4133,4089,2158,1974,11964,7020,3086,330
lang,Groovy,groovy,src__main__groovy__org__codehaus__groovy__tools__GrapeMain.groovy,https://github.com/apache/groovy,19419,19419,454,397,287,110,4061,3965,3239,821,15282,5981,2660,338
lang,Groovy,groovy,src__main__groovy__org__codehaus__groovy__transform__ASTTestTransformation.groovy,https://github.com/apache/groovy,10263,10263,259,227,139,88,2052,2038,1370,682,6759,,,
lang,Groovy,groovy,src__main__groovy__org__codehaus__groovy__transform__TimedInterruptibleASTTransformation.groovy,https://github.com/apache/groovy,17159,17159,389,361,243,118,3311,3304,2299,1012,12101,5634,2587,261
lang,Haskell,haskell,src__Text__Pandoc__App__CommandLineOptions.hs,https://github.com/jgm/pandoc,59326,59326,1467,1321,1281,40,12169,12106,11703,457,57164,5492,2452,315
lang,Haskell,haskell,src__Text__Pandoc__Citeproc__BibTeX.hs,https://github.com/jgm/pandoc,52395,52387,1375,1243,1182,61,12888,12701,12331,554,49886,6051,2753,313
lang,Haskell,haskell,src__Text__Pandoc__Readers__DocBook.hs,https://github.com/jgm/pandoc,69478,69472,1503,1439,897,542,17002,16954,10013,6989,40671,6430,2881,355
lang,Haskell,haskell,src__Text__Pandoc__Readers__Docx__Parse.hs,https://github.com/jgm/pandoc,64020,64020,1540,1397,1281,116,16340,16203,14902,1437,57955,7628,3416,451
lang,Haskell,haskell,src__Text__Pandoc__Readers__Markdown.hs,https://github.com/jgm/pandoc,89122,89122,2379,2166,1960,206,23187,22805,21137,2048,80079,6476,2844,315
lang,Haskell,haskell,src__Text__Pandoc__Readers__RST.hs,https://github.com/jgm/pandoc,75108,75102,1894,1712,1516,196,19212,19035,17417,1792,67082,7522,3401,343
lang,Haskell,haskell,src__Text__Pandoc__Writers__EPUB.hs,https://github.com/jgm/pandoc,69932,69930,1573,1475,1405,70,16410,16310,15698,711,66650,7017,3140,378
lang,Haskell,haskell,src__Text__Pandoc__Writers__HTML.hs,https://github.com/jgm/pandoc,82295,82281,1835,1744,1644,100,18848,18825,17667,1176,76874,7516,3363,363
lang,Haskell,haskell,src__Text__Pandoc__Writers__LaTeX.hs,https://github.com/jgm/pandoc,64210,64210,1521,1470,1355,115,16354,16197,14806,1547,57783,7293,3261,268
lang,Haskell,haskell,src__Text__Pandoc__Writers__Powerpoint__Output.hs,https://github.com/jgm/pandoc,128602,128602,3045,2764,2540,224,32729,32436,29952,2763,116594,7469,3311,372
lang,HTML/CSS,html_css,dist__UI__general.html,https://github.com/ColorlibHQ/AdminLTE,127279,127254,2901,2862,2628,234,23225,23166,21501,1724,118077,5839,2640,392
lang,HTML/CSS,html_css,dist__docs__components__main-header.html,https://github.com/ColorlibHQ/AdminLTE,100166,100139,1326,1292,1163,129,26617,26579,25551,1066,94705,5658,2515,290
lang,HTML/CSS,html_css,dist__docs__integrations.html,https://github.com/ColorlibHQ/AdminLTE,126013,125896,1669,1637,1547,90,33815,33738,32981,834,121848,16727,6783,297
lang,HTML/CSS,html_css,dist__docs__recipes.html,https://github.com/ColorlibHQ/AdminLTE,144082,143979,1509,1480,1390,90,40789,40715,39955,834,139934,21954,9219,1829
lang,HTML/CSS,html_css,dist__generate__theme.html,https://github.com/ColorlibHQ/AdminLTE,181121,181048,3662,3615,3416,199,34326,34569,32755,1570,172795,6372,2879,296
lang,HTML/CSS,html_css,dist__index2.html,https://github.com/ColorlibHQ/AdminLTE,104842,104821,2502,2418,2177,241,20038,19991,18263,1773,94469,5377,2404,299
lang,HTML/CSS,html_css,dist__pages__file-manager.html,https://github.com/ColorlibHQ/AdminLTE,88962,88933,2002,1965,1867,98,16485,16415,15609,876,84593,5459,2460,254
lang,HTML/CSS,html_css,dist__pages__gallery.html,https://github.com/ColorlibHQ/AdminLTE,81314,81269,1880,1845,1717,128,15893,15792,14810,1082,75982,5505,2451,271
lang,HTML/CSS,html_css,dist__pages__projects.html,https://github.com/ColorlibHQ/AdminLTE,79322,79301,1809,1780,1684,96,15391,15337,14526,865,75054,5575,2459,290
lang,HTML/CSS,html_css,dist__users.html,https://github.com/ColorlibHQ/AdminLTE,79629,79608,1847,1816,1686,130,14991,14942,13896,1095,74222,5511,2459,280
lang,Java,java,spring-beans__src__main__java__org__springframework__beans__factory__support__AbstractAutowireCapableBeanFactory.java,https://github.com/spring-projects/spring-framework,80997,80997,2061,1868,1280,588,18651,18531,11981,6666,50939,6133,2833,160
lang,Java,java,spring-beans__src__main__java__org__springframework__beans__factory__support__AbstractBeanFactory.java,https://github.com/spring-projects/spring-framework,80907,80907,2144,1930,1362,568,18560,18380,12125,6435,51855,5478,2410,238
lang,Java,java,spring-beans__src__main__java__org__springframework__beans__factory__support__DefaultListableBeanFactory.java,https://github.com/spring-projects/spring-framework,106783,106783,2814,2534,2062,472,24050,23841,18809,5241,82513,5762,2531,322
lang,Java,java,spring-core__src__main__java__org__springframework__asm__ClassReader.java,https://github.com/spring-projects/spring-framework,173102,173102,3894,3720,2670,1050,37546,37436,23939,13603,109973,7821,3346,370
lang,Java,java,spring-core__src__main__java__org__springframework__asm__MethodWriter.java,https://github.com/spring-projects/spring-framework,101874,101874,2395,2262,1683,579,24780,24557,16391,8382,63751,7792,3461,362
lang,Java,java,spring-core__src__main__java__org__springframework__core__ResolvableType.java,https://github.com/spring-projects/spring-framework,66532,66532,1860,1687,995,692,16334,16173,8642,7692,35893,5909,2605,356
lang,Java,java,spring-core__src__main__java__org__springframework__util__ClassUtils.java,https://github.com/spring-projects/spring-framework,65605,65605,1638,1514,786,728,15748,15341,7349,8399,30708,6284,2929,253
lang,Java,java,spring-jdbc__src__main__java__org__springframework__jdbc__core__JdbcTemplate.java,https://github.com/spring-projects/spring-framework,64938,64938,1826,1609,1212,397,15065,14596,10920,4140,45955,6474,2955,207
lang,Java,java,spring-web__src__main__java__org__springframework__http__HttpHeaders.java,https://github.com/spring-projects/spring-framework,80363,80362,2386,2161,995,1166,21231,20737,8480,12750,35660,5229,2362,277
lang,Java,java,spring-web__src__main__java__org__springframework__web__util__WhatWgUrlParser.java,https://github.com/spring-projects/spring-framework,98404,98088,3104,2837,2148,689,26917,26526,17184,9733,61776,7181,3071,499
lang,JavaScript,javascript,packages__react-client__src__ReactFlightClient.js,https://github.com/facebook/react,182521,182521,5607,5349,4624,725,42288,42259,31954,10337,134379,5709,2471,287
lang,JavaScript,javascript,packages__react-client__src__ReactFlightReplyClient.js,https://github.com/facebook/react,52305,52305,1522,1405,1168,237,11866,11728,8547,3319,37054,5504,2510,245
lang,JavaScript,javascript,packages__react-debug-tools__src__ReactDebugHooks.js,https://github.com/facebook/react,44482,44482,1453,1332,1170,162,10679,10648,8378,2304,34062,4477,2005,216
lang,JavaScript,javascript,packages__react-devtools-shared__src__devtools__store.js,https://github.com/facebook/react,84507,84507,2586,2237,2021,216,18574,18504,15638,2934,69895,5159,2276,311
lang,JavaScript,javascript,packages__react-dom-bindings__src__client__ReactDOMComponent.js,https://github.com/facebook/react,105762,105762,3431,3357,3038,319,23371,23161,19102,4270,85766,4279,1840,269
lang,JavaScript,javascript,packages__react-noop-renderer__src__createReactNoop.js,https://github.com/facebook/react,48491,48491,1675,1490,1336,154,10870,10829,9155,1704,40939,3677,1641,185
lang,JavaScript,javascript,packages__react-reconciler__src__ReactFiberBeginWork.js,https://github.com/facebook/react,155784,155776,4515,4201,3383,818,35144,34758,23948,11196,103383,5058,2197,278
lang,JavaScript,javascript,packages__react-reconciler__src__ReactFiberCommitWork.js,https://github.com/facebook/react,191926,191926,5619,5310,4545,765,39940,40645,29707,10234,143043,4971,2241,196
lang,JavaScript,javascript,packages__react-reconciler__src__ReactFiberHooks.js,https://github.com/facebook/react,175910,175906,5266,4901,4174,727,42062,42092,32175,9889,130566,4479,2018,244
lang,JavaScript,javascript,packages__react-server__src__ReactFlightReplyServer.js,https://github.com/facebook/react,61444,61444,2017,1900,1686,214,13984,13957,11107,2877,47824,4765,2199,237
lang,Julia,julia,base__abstractarray.jl,https://github.com/JuliaLang/julia,122078,121934,3767,3117,2881,236,37728,37641,34993,2710,109775,7585,3425,322
lang,Julia,julia,base__docs__Docs.jl,https://github.com/JuliaLang/julia,32186,32177,892,761,638,123,8623,8609,7010,1610,25210,7215,3195,383
lang,Julia,julia,base__docs__basedocs.jl,https://github.com/JuliaLang/julia,109982,109941,4301,3303,3195,108,30417,30347,29942,468,107099,4592,2050,251
lang,Julia,julia,base__precompilation.jl,https://github.com/JuliaLang/julia,127897,127765,2855,2660,2380,280,28833,28780,24788,4042,108735,5791,2594,268
lang,Julia,julia,base__show.jl,https://github.com/JuliaLang/julia,127268,127189,3539,3222,2984,238,34627,34522,31316,3303,113020,8002,3730,391
lang,Julia,julia,base__special__trig.jl,https://github.com/JuliaLang/julia,51991,51711,1602,1431,1198,233,19076,18979,15120,3953,40799,7682,3600,437
lang,Julia,julia,base__strings__search.jl,https://github.com/JuliaLang/julia,27723,27713,917,777,704,73,8247,8275,7322,922,23627,5486,2481,260
lang,Julia,julia,base__strings__string.jl,https://github.com/JuliaLang/julia,27652,26520,716,601,544,57,9081,9039,8396,676,23534,11361,4888,364
lang,Julia,julia,base__strings__util.jl,https://github.com/JuliaLang/julia,44987,44915,1369,1125,1057,68,12833,12808,12050,781,41587,6521,3006,303
lang,Julia,julia,base__toml__parser.jl,https://github.com/JuliaLang/julia,47878,47874,1463,1319,1136,183,12252,12181,10315,1936,39671,5329,2343,284
lang,Kotlin,kotlin,ktor-client__ktor-client-core__common__src__io__ktor__client__HttpClient.kt,https://github.com/ktorio/ktor,48753,48753,1495,1449,140,1309,11219,11061,1143,10076,5769,5020,2269,300
lang,Kotlin,kotlin,ktor-client__ktor-client-core__common__src__io__ktor__client__plugins__sse__builders.kt,https://github.com/ktorio/ktor,47662,47652,1266,1229,493,736,11091,10963,3666,7418,15524,5966,2672,265
lang,Kotlin,kotlin,ktor-io__common__src__io__ktor__utils__io__ByteReadChannelOperations.kt,https://github.com/ktorio/ktor,34687,34683,976,879,534,345,8213,8141,4374,3836,18626,6749,2828,453
lang,Kotlin,kotlin,ktor-server__ktor-server-core__common__src__io__ktor__server__routing__RouteSelector.kt,https://github.com/ktorio/ktor,37691,37691,962,826,496,330,7678,7491,4480,3198,22968,5194,2272,293
lang,Kotlin,kotlin,ktor-server__ktor-server-core__jvm__src__io__ktor__server__http__content__StaticContent.kt,https://github.com/ktorio/ktor,54095,54093,1485,1321,973,348,11433,11275,7815,3613,38451,4580,2132,206
lang,Kotlin,kotlin,ktor-server__ktor-server-test-suites__jvm__src__io__ktor__server__testing__suites__ContentTestSuite.kt,https://github.com/ktorio/ktor,29777,29777,913,810,800,10,5763,5527,5676,86,29226,4351,1957,227
lang,Kotlin,kotlin,ktor-server__ktor-server-test-suites__jvm__src__io__ktor__server__testing__suites__SustainabilityTestSuite.kt,https://github.com/ktorio/ktor,34112,34112,1023,894,878,16,6363,6172,6178,184,33087,4451,1968,239
lang,Kotlin,kotlin,ktor-shared__ktor-openapi-schema__common__src__io__ktor__openapi__JsonSchemaInference.kt,https://github.com/ktorio/ktor,30722,30722,700,642,566,76,5546,5471,4777,768,27057,4701,2129,221
lang,Kotlin,kotlin,ktor-shared__ktor-openapi-schema__common__src__io__ktor__openapi__Operation.kt,https://github.com/ktorio/ktor,65302,65302,1653,1505,651,854,13572,13486,5782,7788,28552,5655,2565,235
lang,Kotlin,kotlin,ktor-utils__common__src__io__ktor__util__internal__LockFreeLinkedList.kt,https://github.com/ktorio/ktor,33348,33348,856,750,492,258,7493,7449,4634,2856,21095,6365,2858,299
lang,Lisp,lisp,make-host-1.lisp,https://github.com/sbcl/sbcl,6477,6477,135,124,98,26,1654,1661,1270,384,4672,,,
lang,Lisp,lisp,make-host-2.lisp,https://github.com/sbcl/sbcl,10162,10162,199,186,142,44,2978,2974,2377,601,7272,,,
lang,Lisp,lisp,make-target-2-load.lisp,https://github.com/sbcl/sbcl,27221,27221,552,521,366,155,6815,6796,4620,2192,17299,8123,3606,418
lang,Lisp,lisp,src__code__debug-int.lisp,https://github.com/sbcl/sbcl,185712,185712,4019,3791,2774,1017,43426,43258,30077,13265,127258,7166,3277,308
lang,Lisp,lisp,src__code__external-formats__enc-basic.lisp,https://github.com/sbcl/sbcl,88590,88590,1762,1706,1653,53,20430,20434,19874,542,85769,7053,3095,365
lang,Lisp,lisp,src__code__external-formats__enc-dos.lisp,https://github.com/sbcl/sbcl,82479,82479,1831,1816,1816,0,33712,31935,33712,0,82464,12293,5501,608
lang,Lisp,lisp,src__code__external-formats__enc-iso.lisp,https://github.com/sbcl/sbcl,30952,30952,770,756,755,1,13128,12135,13114,14,30869,10246,4498,360
lang,Lisp,lisp,src__code__seq.lisp,https://github.com/sbcl/sbcl,171831,171831,3822,3614,3379,235,36984,36870,33951,2955,158726,5818,2627,276
lang,Lisp,lisp,src__code__target-hash-table.lisp,https://github.com/sbcl/sbcl,182643,182643,3502,3267,2275,992,44443,43884,29889,14517,118604,8720,3913,388
lang,Lisp,lisp,src__compiler__ir1util.lisp,https://github.com/sbcl/sbcl,191432,191432,4309,4028,3494,534,41484,41343,34672,6738,161612,6831,3078,299
lang,Lua,lua,runtime__lua__uv___meta.lua,https://github.com/neovim/neovim,172971,172921,4622,4163,424,3739,44254,44128,4453,39796,16258,6563,2834,389
lang,Lua,lua,runtime__lua__vim___meta__api.gen.lua,https://github.com/neovim/neovim,115939,115903,2634,2447,186,2261,29360,29541,2442,26917,9532,7214,3283,234
lang,Lua,lua,runtime__lua__vim__filetype.lua,https://github.com/neovim/neovim,97699,97695,3405,3326,2994,332,34167,34058,30674,3491,83352,7271,3205,389
lang,Lua,lua,runtime__lua__vim__filetype__detect.lua,https://github.com/neovim/neovim,71613,71607,2459,2269,1817,452,23127,22867,17795,5331,51279,5593,2489,239
lang,Lua,lua,runtime__lua__vim__lsp.lua,https://github.com/neovim/neovim,54140,54126,1614,1464,814,650,14024,13776,7425,6598,27188,5853,2656,271
lang,Lua,lua,runtime__lua__vim__lsp___meta__protocol.lua,https://github.com/neovim/neovim,193602,193588,5721,5265,6,5259,44328,43272,57,44270,184,5529,2426,259
lang,Lua,lua,runtime__lua__vim__lsp__client.lua,https://github.com/neovim/neovim,54951,54951,1589,1436,901,535,13496,13269,7657,5836,30029,5719,2519,284
lang,Lua,lua,runtime__lua__vim__lsp__protocol.lua,https://github.com/neovim/neovim,64383,64383,1534,1486,936,550,15253,15200,8726,6525,36156,6587,2847,334
lang,Lua,lua,runtime__lua__vim__lsp__util.lua,https://github.com/neovim/neovim,68895,68891,1999,1795,1294,501,17826,17715,11991,5833,43813,5513,2478,299
lang,Lua,lua,runtime__lua__vim__pack.lua,https://github.com/neovim/neovim,60327,60319,1691,1511,876,635,15956,15935,8937,7014,31584,6511,2885,325
lang,MATLAB,matlab,@adchebfun__adchebfun.m,https://github.com/chebfun/chebfun,66999,66999,1761,1477,810,667,15583,15306,7837,7606,30925,6110,2707,297
lang,MATLAB,matlab,@chebfun2v__roots.m,https://github.com/chebfun/chebfun,46191,46191,1362,1190,840,350,15104,15036,10611,4478,28766,6834,3119,300
lang,MATLAB,matlab,@chebfun3__chebfun3classic.m,https://github.com/chebfun/chebfun,46922,46922,1280,1137,808,329,14071,14075,9954,4092,30061,7351,3298,322
lang,MATLAB,matlab,@chebfun__chebfun.m,https://github.com/chebfun/chebfun,39970,39970,999,860,498,362,9878,9850,4989,4819,18704,5991,2653,274
lang,MATLAB,matlab,@chebfun__pdeSolve.m,https://github.com/chebfun/chebfun,33802,33802,1048,892,670,222,9156,9075,6577,2538,21213,6441,2840,308
lang,MATLAB,matlab,@chebfunpref__chebfunpref.m,https://github.com/chebfun/chebfun,35274,35274,752,694,296,398,7864,7853,3008,4850,14251,6695,3067,333
lang,MATLAB,matlab,@expinteg__computeCoeffs.m,https://github.com/chebfun/chebfun,49561,49561,1442,1178,897,281,22353,22148,19817,2329,38178,10693,4654,384
lang,MATLAB,matlab,@spherefun__constructor.m,https://github.com/chebfun/chebfun,35049,35049,1090,905,699,206,10005,9988,7618,2360,24168,6254,2754,303
lang,MATLAB,matlab,chebguiWindow.m,https://github.com/chebfun/chebfun,51352,51352,1564,1309,1055,254,12876,12572,10150,2717,37654,5340,2485,256
lang,MATLAB,matlab,minimax.m,https://github.com/chebfun/chebfun,73766,73766,2025,1790,1336,454,20841,20797,15317,5465,50399,7165,3244,260
lang,MicroPython,micropython,ports__stm32__boards__NUCLEO_WB55__rfcore_firmware.py,https://github.com/micropython/micropython,27271,27271,712,602,418,184,7073,7091,4267,2805,15920,5542,2538,173
lang,MicroPython,micropython,tests__extmod__vfs_rom.py,https://github.com/micropython/micropython,17327,17327,490,409,391,18,4902,4720,4714,188,16403,6933,3014,423
lang,MicroPython,micropython,tests__run-multitests.py,https://github.com/micropython/micropython,21434,21434,652,556,525,31,4747,4712,4332,410,19520,5101,2230,219
lang,MicroPython,micropython,tests__run-tests.py,https://github.com/micropython/micropython,57273,57273,1446,1294,1135,159,13203,13109,11024,2175,46643,6237,2787,379
lang,MicroPython,micropython,tools__mpremote__mpremote__commands.py,https://github.com/micropython/micropython,26788,26774,757,642,584,58,6200,6155,5421,774,23292,5405,2334,321
lang,MicroPython,micropython,tools__mpremote__mpremote__main.py,https://github.com/micropython/micropython,19739,19739,645,554,511,43,4678,4662,4166,508,17312,4631,2119,242
lang,MicroPython,micropython,tools__mpremote__mpremote__transport_serial.py,https://github.com/micropython/micropython,34781,34781,1080,936,834,102,8477,8349,7150,1324,28695,4773,2077,268
lang,MicroPython,micropython,tools__mpy-tool.py,https://github.com/micropython/micropython,79249,79249,2209,1925,1804,121,20595,20145,19106,1487,72545,5693,2700,251
lang,MicroPython,micropython,tools__mpy_ld.py,https://github.com/micropython/micropython,61295,61295,1861,1637,1453,184,17066,16953,15230,1836,52905,7029,3193,348
lang,MicroPython,micropython,tools__pyboard.py,https://github.com/micropython/micropython,33760,33760,979,839,756,83,7756,7677,6747,1005,28967,6259,2722,348
lang,Nim,nim,lib__core__macros.nim,https://github.com/nim-lang/Nim,66475,66475,1836,1584,1021,563,20028,19968,13177,6838,40579,6826,3022,292
lang,Nim,nim,lib__packages__docutils__rst.nim,https://github.com/nim-lang/Nim,143455,143455,3887,3628,3195,433,41109,41038,35619,5487,120246,6453,2957,302
lang,Nim,nim,lib__packages__docutils__rstgen.nim,https://github.com/nim-lang/Nim,61178,61178,1567,1447,1143,304,17591,17516,13558,4029,43990,7746,3395,460
lang,Nim,nim,lib__pure__collections__tables.nim,https://github.com/nim-lang/Nim,99787,99781,3026,2652,1462,1190,32999,33164,17834,15148,49522,8525,3700,530
lang,Nim,nim,lib__pure__net.nim,https://github.com/nim-lang/Nim,82302,82302,2178,1950,1417,533,21302,21233,15223,6079,56810,6629,2967,361
lang,Nim,nim,lib__pure__strutils.nim,https://github.com/nim-lang/Nim,104597,104594,3072,2834,1546,1288,31118,31131,17023,14092,52991,6534,2966,337
lang,Nim,nim,lib__pure__times.nim,https://github.com/nim-lang/Nim,107091,107091,2901,2550,2093,457,30533,30052,24896,5632,84968,6870,2995,311
lang,Nim,nim,lib__system.nim,https://github.com/nim-lang/Nim,112482,112482,3266,2864,1560,1304,33415,33340,18630,14762,59422,6879,3176,337
lang,Nim,nim,lib__system__alloc.nim,https://github.com/nim-lang/Nim,60251,60249,1523,1351,1155,196,16689,16602,13856,2831,47406,6911,3076,328
lang,Nim,nim,lib__system__yrc.nim,https://github.com/nim-lang/Nim,89315,89161,1885,1769,1044,725,23725,23835,12387,11335,40582,8811,3895,407
lang,Objective-C,objective_c,FBSDKCoreKit__FBSDKCoreKit__AppEvents__FBSDKAppEvents.m,https://github.com/facebook/facebook-ios-sdk,76911,76909,1808,1601,1519,82,16736,16452,15586,1148,71434,5669,2489,240
lang,Objective-C,objective_c,FBSDKCoreKit__FBSDKCoreKit__AppEvents__Internal__ViewHierarchy__FBSDKViewHierarchy.m,https://github.com/facebook/facebook-ios-sdk,24169,24169,700,599,585,14,6064,5561,5925,138,23423,6302,2857,239
lang,Objective-C,objective_c,FBSDKCoreKit__FBSDKCoreKit__FBSDKInternalUtility.m,https://github.com/facebook/facebook-ios-sdk,28117,28117,768,669,649,20,6240,6022,5982,256,26952,5558,2497,182
lang,Objective-C,objective_c,FBSDKCoreKit__FBSDKCoreKit__GraphAPI__FBSDKGraphRequestConnection.m,https://github.com/facebook/facebook-ios-sdk,57243,57243,1434,1231,1152,79,12446,12073,11538,899,52788,6179,2754,277
lang,Objective-C,objective_c,FBSDKCoreKit__FBSDKCoreKit__Internal__ServerConfiguration__FBSDKServerConfiguration.m,https://github.com/facebook/facebook-ios-sdk,22663,22663,366,334,319,15,4027,4007,3884,141,21947,7519,3363,381
lang,Objective-C,objective_c,FBSDKCoreKit__FBSDKCoreKit__Internal__ServerConfiguration__FBSDKServerConfigurationManager.m,https://github.com/facebook/facebook-ios-sdk,23988,23988,427,381,352,29,4402,4380,4096,302,22439,8087,3342,271
lang,Objective-C,objective_c,SDWebImage__Core__SDImageCoderHelper.m,https://github.com/facebook/facebook-ios-sdk,44204,44203,1107,1015,900,115,10272,10082,8707,1521,37330,6787,2950,288
lang,Objective-C,objective_c,SDWebImage__Core__SDImageIOAnimatedCoder.m,https://github.com/facebook/facebook-ios-sdk,48673,48673,1175,1062,955,107,11308,11049,9721,1539,41548,7194,3239,304
lang,Objective-C,objective_c,SDWebImage__Core__UIImage+Transform.m,https://github.com/facebook/facebook-ios-sdk,40447,40445,1065,994,894,100,10075,9882,9033,1001,35980,6757,3020,385
lang,Objective-C,objective_c,SDWebImage__Private__SDDisplayLink.m,https://github.com/facebook/facebook-ios-sdk,10009,10009,293,271,244,27,2474,2399,2094,378,8356,,,
lang,OCaml,ocaml,bytecomp__bytegen.ml,https://github.com/ocaml/ocaml,45173,45173,1148,1061,956,105,12629,12604,11484,1143,39273,8562,4015,466
lang,OCaml,ocaml,bytecomp__bytelink.ml,https://github.com/ocaml/ocaml,40878,40878,1117,1027,854,173,9944,9868,7799,2144,31151,6248,2860,267
lang,OCaml,ocaml,driver__compenv.ml,https://github.com/ocaml/ocaml,25552,25552,795,709,660,49,6771,6708,6292,478,22996,5674,2696,280
lang,OCaml,ocaml,driver__main_args.ml,https://github.com/ocaml/ocaml,68115,68115,2071,1821,1788,33,19274,19064,18932,331,65862,6104,2726,288
lang,OCaml,ocaml,typing__env.ml,https://github.com/ocaml/ocaml,134262,134262,3981,3547,3382,165,35006,34845,33154,1851,124564,6174,2760,302
lang,OCaml,ocaml,typing__typedecl.ml,https://github.com/ocaml/ocaml,97598,97598,2631,2477,2202,275,24592,24435,21361,3230,82623,6409,2879,294
lang,OCaml,ocaml,typing__typemod.ml,https://github.com/ocaml/ocaml,145130,145130,3886,3673,3364,309,35938,35783,32161,3775,126807,6244,2784,328
lang,OCaml,ocaml,utils__clflags.ml,https://github.com/ocaml/ocaml,26819,26819,812,725,689,36,6743,6714,6360,383,24509,5097,2281,319
lang,OCaml,ocaml,utils__misc.ml,https://github.com/ocaml/ocaml,41609,41609,1355,1181,1085,96,11762,11739,10599,1162,35781,5578,2541,215
lang,OCaml,ocaml,utils__warnings.ml,https://github.com/ocaml/ocaml,49004,49004,1371,1318,1275,43,12959,12861,12488,470,46392,6080,2688,287
lang,Perl,perl,lib__B__Op_private.pm,https://github.com/Perl/perl5,47315,47315,1093,1044,1018,26,18815,18634,18516,298,46089,15110,6706,693
lang,Perl,perl,lib__Class__Struct.pm,https://github.com/Perl/perl5,20336,20336,638,496,447,49,5345,5306,4836,503,18055,5966,2666,313
lang,Perl,perl,lib__ExtUtils__Embed.pm,https://github.com/Perl/perl5,12745,12745,492,367,356,11,3786,3750,3645,131,12135,5561,2436,348
lang,Perl,perl,lib__File__Basename.pm,https://github.com/Perl/perl5,11211,11211,403,294,267,27,3188,3176,2842,340,9746,5860,2513,412
lang,Perl,perl,lib__File__Copy.pm,https://github.com/Perl/perl5,16141,16141,511,416,385,31,4746,4739,4317,426,14264,6261,2808,313
lang,Perl,perl,lib__File__stat.pm,https://github.com/Perl/perl5,11031,11031,371,291,258,33,3295,3283,2866,427,9169,6026,2754,304
lang,Perl,perl,lib__Unicode__UCD.pm,https://github.com/Perl/perl5,187640,187640,4825,3880,3085,795,47062,46847,35938,11098,137248,6648,2873,416
lang,Perl,perl,lib__feature.pm,https://github.com/Perl/perl5,36551,36551,1011,748,730,18,8986,8919,8735,237,35436,6513,2890,381
lang,Perl,perl,lib__overload.pm,https://github.com/Perl/perl5,54723,54723,1702,1283,1266,17,14539,14435,14318,201,53610,4564,2095,197
lang,Perl,perl,lib__warnings.pm,https://github.com/Perl/perl5,58855,58855,1519,1234,1185,49,19252,19181,18637,606,56239,4978,2193,246
lang,PHP,php,src__Symfony__Bundle__FrameworkBundle__DependencyInjection__Configuration.php,https://github.com/symfony/symfony,182815,182815,3117,3000,2896,104,28476,28321,27665,811,178884,5987,2646,295
lang,PHP,php,src__Symfony__Component__Cache__Traits__RelayProxy.php,https://github.com/symfony/symfony,56578,56578,1750,1402,1390,12,14909,15174,14838,71,55924,5547,2621,337
lang,PHP,php,src__Symfony__Component__DependencyInjection__ContainerBuilder.php,https://github.com/symfony/symfony,68223,68223,1884,1614,1161,453,15117,14852,11901,3215,53294,4464,2047,172
lang,PHP,php,src__Symfony__Component__DependencyInjection__Dumper__PhpDumper.php,https://github.com/symfony/symfony,106814,106814,2517,2082,1968,114,24445,24051,23393,1048,101297,7190,3098,398
lang,PHP,php,src__Symfony__Component__ErrorHandler__DebugClassLoader.php,https://github.com/symfony/symfony,58388,58388,1419,1181,1024,157,13958,13783,11965,1993,48295,7232,3156,299
lang,PHP,php,src__Symfony__Component__ErrorHandler__Internal__TentativeTypes.php,https://github.com/symfony/symfony,59135,59135,1644,1640,1627,13,14660,14403,14583,77,58805,6174,2719,335
lang,PHP,php,src__Symfony__Component__HttpFoundation__Request.php,https://github.com/symfony/symfony,79243,79237,2294,1980,1252,728,19041,18779,12863,6176,52536,5540,2379,296
lang,PHP,php,src__Symfony__Component__Process__Process.php,https://github.com/symfony/symfony,59310,59310,1758,1516,938,578,13886,13724,8986,4900,37068,4426,1938,275
lang,PHP,php,src__Symfony__Component__Serializer__Normalizer__AbstractObjectNormalizer.php,https://github.com/symfony/symfony,57157,57156,1152,970,795,175,11741,11582,9942,1797,48292,7359,3225,347
lang,PHP,php,src__Symfony__Component__Yaml__Parser.php,https://github.com/symfony/symfony,54976,54976,1342,1104,973,131,12468,12329,11212,1255,48692,5673,2529,218
lang,PowerShell,powershell,Resolve-Dependency.ps1,https://github.com/dsccommunity/SqlServerDsc,40940,40940,1061,839,744,95,8152,8133,6974,1177,34801,5586,2366,297
lang,PowerShell,powershell,source__Classes__020.SqlDatabase.ps1,https://github.com/dsccommunity/SqlServerDsc,38548,38548,1210,959,660,299,7869,7808,4751,3117,22258,3940,1737,185
lang,PowerShell,powershell,source__DSCResources__DSC_SqlAGDatabase__DSC_SqlAGDatabase.psm1,https://github.com/dsccommunity/SqlServerDsc,47451,47451,1109,898,672,226,9468,9316,6636,2831,32931,6292,2777,222
lang,PowerShell,powershell,source__DSCResources__DSC_SqlAGReplica__DSC_SqlAGReplica.psm1,https://github.com/dsccommunity/SqlServerDsc,34239,34239,821,668,534,134,6523,6497,4750,1770,24821,6042,2654,276
lang,PowerShell,powershell,source__DSCResources__DSC_SqlAG__DSC_SqlAG.psm1,https://github.com/dsccommunity/SqlServerDsc,37906,37906,875,717,569,148,7413,7390,5486,1925,27874,7183,3158,326
lang,PowerShell,powershell,source__DSCResources__DSC_SqlRS__DSC_SqlRS.psm1,https://github.com/dsccommunity/SqlServerDsc,34449,34449,845,672,500,172,7014,6964,5240,1772,25148,6197,2789,297
lang,PowerShell,powershell,source__DSCResources__DSC_SqlSetup__DSC_SqlSetup.psm1,https://github.com/dsccommunity/SqlServerDsc,110613,110613,3412,2736,2002,734,24860,24597,17047,7811,73855,5083,2210,406
lang,PowerShell,powershell,source__Private__Invoke-SetupAction.ps1,https://github.com/dsccommunity/SqlServerDsc,68830,68830,1773,1424,1045,379,14650,14146,10376,4274,48561,5913,2649,301
lang,PowerShell,powershell,source__Public__New-SqlDscDatabase.ps1,https://github.com/dsccommunity/SqlServerDsc,53969,53969,1285,999,728,271,10044,9923,6742,3302,37234,4762,2142,219
lang,PowerShell,powershell,source__Public__Test-SqlDscDatabaseProperty.ps1,https://github.com/dsccommunity/SqlServerDsc,39558,39558,1216,888,526,362,7763,7757,3702,4060,18720,3820,1852,202
lang,Prolog,prolog,library__clp__bounds.pl,https://github.com/SWI-Prolog/swipl-devel,39309,39309,2037,1890,1779,111,15391,15400,14422,965,33047,5181,2325,253
lang,Prolog,prolog,library__clp__clpb.pl,https://github.com/SWI-Prolog/swipl-devel,66052,66052,1897,1567,1037,530,19723,19654,11521,8153,38266,7511,3333,409
lang,Prolog,prolog,library__clp__simplex.pl,https://github.com/SWI-Prolog/swipl-devel,53399,53399,1581,1299,965,334,15884,15903,11671,4176,38381,7010,3153,338
lang,Prolog,prolog,library__dialect__ifprolog.pl,https://github.com/SWI-Prolog/swipl-devel,36457,36457,1318,1097,718,379,10799,10783,6764,4016,21865,5203,2312,347
lang,Prolog,prolog,library__dialect__xsb.pl,https://github.com/SWI-Prolog/swipl-devel,20295,20295,689,581,440,141,5435,5353,3979,1446,14394,5154,2354,218
lang,Prolog,prolog,library__lynx__html_text.pl,https://github.com/SWI-Prolog/swipl-devel,25959,25959,876,750,621,129,7450,7399,6065,1374,20483,5278,2316,264
lang,Prolog,prolog,library__prolog_colour.pl,https://github.com/SWI-Prolog/swipl-devel,111476,111476,3302,2997,2654,343,30303,30210,26770,3512,97034,6035,2695,292
lang,Prolog,prolog,library__prolog_pack.pl,https://github.com/SWI-Prolog/swipl-devel,130927,130927,3926,3483,2594,889,33975,33865,24337,9589,92258,5999,2657,244
lang,Prolog,prolog,library__prolog_xref.pl,https://github.com/SWI-Prolog/swipl-devel,99206,99206,3099,2755,2231,524,27356,27416,21495,5815,75641,6017,2688,303
lang,Prolog,prolog,library__theme__dark.pl,https://github.com/SWI-Prolog/swipl-devel,18157,18157,482,403,307,96,4250,4231,3265,978,13829,6098,2788,325
lang,Python,python,django__contrib__admin__options.py,https://github.com/django/django,115523,115477,2918,2622,2424,198,22530,22368,20051,2476,103086,5343,2443,263
lang,Python,python,django__db__backends__base__schema.py,https://github.com/django/django,85400,85400,2124,1990,1785,205,16842,16801,14476,2365,73795,5642,2448,249
lang,Python,python,django__db__migrations__autodetector.py,https://github.com/django/django,89088,89086,2051,1953,1813,140,14931,14860,13440,1488,80923,4845,2129,229
lang,Python,python,django__db__models__base.py,https://github.com/django/django,100043,100043,2593,2337,2114,223,19041,18934,16364,2672,86144,5777,2458,383
lang,Python,python,django__db__models__expressions.py,https://github.com/django/django,77894,77893,2236,1876,1776,100,16163,15972,14995,1159,72054,5227,2277,305
lang,Python,python,django__db__models__fields____init__.py,https://github.com/django/django,103167,103095,2986,2602,2464,138,20606,20376,18791,1805,94146,4746,2094,271
lang,Python,python,django__db__models__fields__related.py,https://github.com/django/django,85818,85818,2213,1990,1870,120,16343,16219,14935,1405,78905,4740,2092,216
lang,Python,python,django__db__models__query.py,https://github.com/django/django,121417,121417,3125,2796,2514,282,24676,24371,21140,3532,103491,5197,2365,242
lang,Python,python,django__db__models__sql__compiler.py,https://github.com/django/django,96311,96311,2273,2111,1875,236,18150,18039,15124,3023,81007,5335,2427,211
lang,Python,python,django__db__models__sql__query.py,https://github.com/django/django,123926,123926,2899,2660,2256,404,24929,24811,19514,5408,97788,5908,2608,292
lang,R,r,R__data.table.R,https://github.com/Rdatatable/data.table,194382,194382,3764,3573,2874,699,56531,56683,42286,14242,139313,10925,5086,365
lang,R,r,R__facet-.R,https://github.com/Rdatatable/data.table,49842,49842,1532,1404,595,809,14297,14051,5907,8385,19779,7034,3081,388
lang,R,r,R__fread.R,https://github.com/Rdatatable/data.table,26656,26656,527,494,451,43,7360,7341,6671,688,23899,10169,4539,363
lang,R,r,R__scale-.R,https://github.com/Rdatatable/data.table,58410,58410,1844,1643,982,661,15309,15066,8263,7040,31120,4849,2160,285
lang,R,r,R__test.data.table.R,https://github.com/Rdatatable/data.table,37652,37652,718,680,529,151,10564,10570,8076,2486,28063,9729,4304,381
lang,R,r,R__theme-elements.R,https://github.com/Rdatatable/data.table,42822,42822,1087,1002,717,285,11636,11364,8376,3258,30502,7355,3323,342
lang,Ruby,ruby,actionpack__lib__action_controller__metal__strong_parameters.rb,https://github.com/rails/rails,61738,61738,1624,1490,639,851,15032,14894,5096,9935,21792,7792,3511,361
lang,Ruby,ruby,actionpack__lib__action_dispatch__routing__mapper.rb,https://github.com/rails/rails,101255,101251,2558,2255,1358,897,22273,22242,13113,9159,62263,4913,2183,241
lang,Ruby,ruby,actionview__lib__action_view__helpers__date_helper.rb,https://github.com/rails/rails,64851,64851,1294,1194,473,721,16285,16193,5014,11270,21077,8530,3832,437
lang,Ruby,ruby,actionview__lib__action_view__helpers__form_helper.rb,https://github.com/rails/rails,122881,122881,2767,2645,423,2222,30897,30640,4335,26561,19512,9353,4200,385
lang,Ruby,ruby,actionview__lib__action_view__helpers__tag_helper.rb,https://github.com/rails/rails,59343,59343,1798,1621,349,1272,13909,13740,3665,10243,17756,4282,1910,211
lang,Ruby,ruby,activerecord__lib__active_record__associations.rb,https://github.com/rails/rails,111377,111377,2047,2015,117,1898,26019,25858,1101,24916,4927,8203,3522,386
lang,Ruby,ruby,activerecord__lib__active_record__connection_adapters__abstract__schema_statements.rb,https://github.com/rails/rails,82065,82065,2058,1844,776,1068,19457,19192,7838,11617,35872,6808,3020,275
lang,Ruby,ruby,activerecord__lib__active_record__connection_adapters__postgresql__schema_statements.rb,https://github.com/rails/rails,65020,65020,1479,1260,1053,207,14235,14031,11568,2665,52743,6885,3074,222
lang,Ruby,ruby,activerecord__lib__active_record__relation.rb,https://github.com/rails/rails,58283,58277,1576,1420,743,677,14129,14066,5907,8220,25518,7634,3259,420
lang,Ruby,ruby,activerecord__lib__active_record__relation__query_methods.rb,https://github.com/rails/rails,84117,84117,2379,2151,1135,1016,21008,20865,9187,11820,39715,5828,2651,238
lang,Rust,rust,src__compiler__custom_build.rs,https://github.com/rust-lang/cargo,60925,60925,1477,1385,1061,324,13129,13134,8977,4154,41720,5297,2352,348
lang,Rust,rust,src__compiler__fingerprint__mod.rs,https://github.com/rust-lang/cargo,94893,94793,2241,2124,1280,844,20656,20824,9759,10900,45145,4956,2176,285
lang,Rust,rust,src__compiler__job_queue__mod.rs,https://github.com/rust-lang/cargo,53736,53732,1313,1233,884,349,11494,11465,7008,4485,33137,5439,2424,234
lang,Rust,rust,src__compiler__mod.rs,https://github.com/rust-lang/cargo,99803,99803,2641,2393,1962,431,22452,22417,16395,6071,71964,5913,2621,387
lang,Rust,rust,src__context__mod.rs,https://github.com/rust-lang/cargo,102820,102816,2645,2414,1893,521,22482,22411,16096,6387,73199,5200,2357,247
lang,Rust,rust,src__sources__git__utils.rs,https://github.com/rust-lang/cargo,75388,75388,1876,1747,1248,499,16826,16900,10399,6431,45888,6057,2676,271
lang,Rust,rust,src__workspace__features.rs,https://github.com/rust-lang/cargo,66392,66392,1639,1479,1149,330,15379,15379,11367,4015,48656,6768,2915,460
lang,Rust,rust,src__workspace__global_cache_tracker.rs,https://github.com/rust-lang/cargo,73591,73591,1841,1748,1301,447,16186,16182,11068,5116,49821,6205,2665,275
lang,Rust,rust,src__workspace__parser__mod.rs,https://github.com/rust-lang/cargo,116987,116983,3325,3132,3023,109,25062,24997,23622,1446,109853,4451,2009,235
lang,Rust,rust,src__workspace__workspace.rs,https://github.com/rust-lang/cargo,92874,92874,2337,2120,1784,336,18568,18543,14245,4315,71167,5230,2320,266
lang,Scala,scala,src__compiler__scala__tools__nsc__ast__parser__Parsers.scala,https://github.com/scala/scala,143660,143660,3698,3378,2634,744,35655,35458,28046,7603,113444,5768,2500,348
lang,Scala,scala,src__compiler__scala__tools__nsc__transform__SpecializeTypes.scala,https://github.com/scala/scala,97004,97004,2112,1887,1368,519,23560,23502,16778,6776,67939,7675,3484,420
lang,Scala,scala,src__compiler__scala__tools__nsc__typechecker__Implicits.scala,https://github.com/scala/scala,103233,103229,2066,1861,1424,437,24136,24001,17432,6701,72430,7511,3385,427
lang,Scala,scala,src__compiler__scala__tools__nsc__typechecker__Namers.scala,https://github.com/scala/scala,102961,102961,2226,1979,1472,507,24108,24222,16209,7899,67902,7945,3536,404
lang,Scala,scala,src__compiler__scala__tools__nsc__typechecker__RefChecks.scala,https://github.com/scala/scala,115488,115488,2287,2096,1769,327,25738,25719,20873,4863,92548,7878,3353,380
lang,Scala,scala,src__library__scala__collection__immutable__HashMap.scala,https://github.com/scala/scala,93230,93230,2427,2049,1765,284,24827,24198,20695,4131,75301,6658,3006,366
lang,Scala,scala,src__library__scala__collection__immutable__Vector.scala,https://github.com/scala/scala,99064,99064,2484,2244,2121,123,31008,30427,29269,1737,91794,8233,3559,474
lang,Scala,scala,src__reflect__scala__reflect__api__Trees.scala,https://github.com/scala/scala,93050,93050,2725,2341,713,1628,24326,24353,8352,15971,30596,4836,2165,256
lang,Scala,scala,src__reflect__scala__reflect__internal__Definitions.scala,https://github.com/scala/scala,101704,101704,1901,1660,1372,288,24364,24202,20419,3936,84578,8719,3770,481
lang,Scala,scala,src__reflect__scala__reflect__internal__Symbols.scala,https://github.com/scala/scala,169383,169383,3952,3394,2288,1106,41269,41223,27142,14121,107690,5998,2686,241
lang,Solidity,solidity,contracts__access__manager__AccessManager.sol,https://github.com/OpenZeppelin/openzeppelin-contracts,31630,31630,778,664,420,244,6784,6772,4091,2693,18240,5449,2427,307
lang,Solidity,solidity,contracts__governance__Governor.sol,https://github.com/OpenZeppelin/openzeppelin-contracts,32182,32182,826,720,486,234,6968,7024,4197,2771,19759,5281,2367,264
lang,Solidity,solidity,contracts__utils__Arrays.sol,https://github.com/OpenZeppelin/openzeppelin-contracts,35460,35454,897,799,439,360,8266,8260,3777,4489,16245,6472,2838,347
lang,Solidity,solidity,contracts__utils__Packing.sol,https://github.com/OpenZeppelin/openzeppelin-contracts,64872,64872,1657,1442,1410,32,17241,16895,16968,272,63581,7341,3240,368
lang,Solidity,solidity,contracts__utils__cryptography__MerkleProof.sol,https://github.com/OpenZeppelin/openzeppelin-contracts,24621,24621,511,483,235,248,5808,5804,2131,3677,9039,8023,3563,448
lang,Solidity,solidity,contracts__utils__math__Math.sol,https://github.com/OpenZeppelin/openzeppelin-contracts,32664,32433,764,693,354,339,8701,8678,3689,5012,13684,7713,3495,267
lang,Solidity,solidity,contracts__utils__math__SafeCast.sol,https://github.com/OpenZeppelin/openzeppelin-contracts,34940,34940,1163,1092,396,696,8619,8749,3619,5000,14751,5014,2218,270
lang,Solidity,solidity,contracts__utils__structs__Checkpoints.sol,https://github.com/OpenZeppelin/openzeppelin-contracts,30156,30156,882,790,509,281,7211,7211,4465,2746,18475,5390,2442,291
lang,Solidity,solidity,contracts__utils__structs__EnumerableMap.sol,https://github.com/OpenZeppelin/openzeppelin-contracts,61697,61697,1646,1462,566,896,14648,14624,5708,8940,24421,5816,2641,364
lang,Solidity,solidity,contracts__utils__structs__EnumerableSet.sol,https://github.com/OpenZeppelin/openzeppelin-contracts,37420,37420,1010,893,354,539,8659,8635,3039,5617,13498,5508,2503,170
lang,SQL,sql,src__test__regress__sql__alter_table.sql,https://github.com/citusdata/citus,119153,119153,3164,2647,2141,506,31454,31225,26479,4972,95689,7084,3169,280
lang,SQL,sql,src__test__regress__sql__join.sql,https://github.com/citusdata/citus,127917,127917,4220,3501,2863,638,42823,42389,36794,6029,101295,7286,3203,541
lang,SQL,sql,src__test__regress__sql__multi_insert_select.sql,https://github.com/citusdata/citus,82949,82933,2717,2289,1974,315,20938,20698,17480,3453,66477,5102,2252,274
lang,SQL,sql,src__test__regress__sql__multi_partitioning.sql,https://github.com/citusdata/citus,93539,93539,2067,1675,1379,296,25759,25495,23141,2618,81195,6725,3077,369
lang,SQL,sql,src__test__regress__sql__plpgsql.sql,https://github.com/citusdata/citus,122698,122698,4757,3991,3540,451,32781,32762,29429,3341,104360,5179,2288,241
lang,SQL,sql,src__test__regress__sql__schema_based_sharding_from_workers_b.sql,https://github.com/citusdata/citus,79861,79861,1757,1399,1237,162,19591,19532,17569,2021,69950,8005,3610,332
lang,Swift,swift,Sources__NIOCore__AsyncSequences__NIOAsyncWriter.swift,https://github.com/apple/swift-nio,70234,70234,1672,1488,1144,344,13296,13378,8419,4875,46017,4971,2227,185
lang,Swift,swift,Sources__NIOCore__ByteBuffer-multi-int.swift,https://github.com/apple/swift-nio,140027,140027,3690,3575,3561,14,40802,40828,40695,106,139342,7579,3407,259
lang,Swift,swift,Sources__NIOCore__ChannelPipeline.swift,https://github.com/apple/swift-nio,109554,109530,2679,2374,1583,791,23032,23013,12522,10510,60627,6467,2824,313
lang,Swift,swift,Sources__NIOCore__EventLoopFuture.swift,https://github.com/apple/swift-nio,95563,95559,2192,2040,1169,871,21227,21207,9406,11824,42510,6572,2887,322
lang,Swift,swift,Sources__NIOFS__FileSystem.swift,https://github.com/apple/swift-nio,77227,77227,1975,1839,1390,449,15559,15310,10393,5165,53530,5674,2456,353
lang,Swift,swift,Sources__NIOFS__Internal__BufferedStream.swift,https://github.com/apple/swift-nio,72824,72820,1733,1503,1081,422,12794,12970,7860,4932,46416,4247,1830,192
lang,Swift,swift,Sources__NIOPosix__Bootstrap.swift,https://github.com/apple/swift-nio,115995,115995,2708,2515,1837,678,24407,24322,15834,8572,78008,5777,2526,214
lang,Swift,swift,Sources__NIOPosix__NonBlockingFileIO.swift,https://github.com/apple/swift-nio,61545,61545,1355,1276,826,450,14195,14071,7006,7188,31509,7146,3024,461
lang,Swift,swift,Sources___NIOFileSystem__FileSystem.swift,https://github.com/apple/swift-nio,77155,77155,1969,1833,1378,455,15518,15278,10246,5271,53004,5676,2471,295
lang,Swift,swift,Sources___NIOFileSystem__Internal__BufferedStream.swift,https://github.com/apple/swift-nio,72802,72798,1733,1503,1081,422,12792,12968,7860,4930,46416,4243,1828,192
lang,Tcl,tcl,library__clock.tcl,https://github.com/tcltk/tcl,60283,60281,2090,1874,1179,695,19561,19429,13745,5812,34196,6177,2677,297
lang,Tcl,tcl,library__cookiejar__cookiejar.tcl,https://github.com/tcltk/tcl,21330,21330,747,705,660,45,5880,5853,5406,468,19359,5360,2359,294
lang,Tcl,tcl,library__cookiejar__idna.tcl,https://github.com/tcltk/tcl,7426,7425,293,251,204,47,2336,2329,1832,500,5453,,,
lang,Tcl,tcl,library__http__http.tcl,https://github.com/tcltk/tcl,180243,180243,5452,5023,3172,1851,47267,47354,25968,21295,90983,6988,3068,331
lang,Tcl,tcl,library__msgcat__msgcat.tcl,https://github.com/tcltk/tcl,37407,37404,1350,1234,722,512,10870,10829,6695,4174,20331,5187,2283,335
lang,Tcl,tcl,library__opt__optparse.tcl,https://github.com/tcltk/tcl,30425,30425,1061,986,688,298,8735,8717,5541,3192,17510,4983,2208,271
lang,Tcl,tcl,library__package.tcl,https://github.com/tcltk/tcl,23293,23291,761,679,463,216,6560,6560,3947,2609,12746,5829,2604,251
lang,Tcl,tcl,library__platform__platform.tcl,https://github.com/tcltk/tcl,8786,8786,363,337,244,93,2740,2733,1788,951,5286,5194,2244,314
lang,Tcl,tcl,library__safe.tcl,https://github.com/tcltk/tcl,46500,46499,1436,1274,822,452,12393,12408,6909,5481,23622,5209,2319,386
lang,Tcl,tcl,library__tcltest__tcltest.tcl,https://github.com/tcltk/tcl,105632,105629,3613,3256,2116,1140,27743,27670,17754,9974,63532,5444,2442,204
lang,TypeScript,typescript,packages__animations__browser__src__render__transition_animation_engine.ts,https://github.com/angular/angular,64850,64839,1944,1701,1510,191,14476,14407,11831,2643,52051,5225,2271,262
lang,TypeScript,typescript,packages__common__http__src__client.ts,https://github.com/angular/angular,80939,80938,2668,2521,1086,1435,20236,19761,6969,13184,28400,5622,2508,232
lang,TypeScript,typescript,packages__compiler-cli__src__ngtsc__annotations__component__src__handler.ts,https://github.com/angular/angular,105405,105399,2913,2685,2401,284,21964,22051,18192,3772,86705,4768,2204,236
lang,TypeScript,typescript,packages__compiler-cli__src__ngtsc__annotations__directive__src__shared.ts,https://github.com/angular/angular,74585,74579,2292,2062,1888,174,16274,16185,14110,2165,64188,4635,2050,240
lang,TypeScript,typescript,packages__compiler-cli__src__ngtsc__core__src__compiler.ts,https://github.com/angular/angular,70951,70951,1938,1762,1456,306,14893,14979,11381,3511,54567,5765,2568,303
lang,TypeScript,typescript,packages__compiler-cli__src__ngtsc__typecheck__src__checker.ts,https://github.com/angular/angular,73989,73989,2257,1962,1731,231,16856,16833,14253,2603,61819,5338,2353,284
lang,TypeScript,typescript,packages__compiler__src__expression_parser__parser.ts,https://github.com/angular/angular,64986,64986,1950,1788,1493,295,14679,14633,11345,3334,50659,4986,2262,266
lang,TypeScript,typescript,packages__compiler__src__output__output_ast.ts,https://github.com/angular/angular,62039,62037,2120,1875,1767,108,14269,14217,13041,1227,56600,3839,1689,218
lang,TypeScript,typescript,packages__compiler__src__template__pipeline__src__ingest.ts,https://github.com/angular/angular,69787,69785,2096,1946,1681,265,16500,16514,13238,3266,54772,5290,2337,229
lang,TypeScript,typescript,packages__language-service__src__inlay_hints.ts,https://github.com/angular/angular,77074,77074,2111,1924,1530,394,16291,16028,11618,4671,55224,5581,2545,286
lang,VBA,vba,src__WIP__stdCSV__stdCSV.cls,https://github.com/sancarn/stdVBA,39369,39369,1080,960,769,191,9589,9436,7801,1773,31456,6215,2747,323
lang,VBA,vba,src__WIP__stdDate.cls,https://github.com/sancarn/stdVBA,38029,38029,1036,959,778,181,12526,12548,9895,2603,29616,7613,3315,483
lang,VBA,vba,src__WIP__stdDictionary__trick__stdDictionary.cls,https://github.com/sancarn/stdVBA,29666,29618,947,725,572,153,7813,7619,6256,1516,23499,4166,1864,238
lang,VBA,vba,src__WIP__stdObject__IFauxInterface.cls,https://github.com/sancarn/stdVBA,36441,36441,585,539,307,232,8508,8429,4334,4167,16521,9169,4028,591
lang,VBA,vba,src__WIP__stdObject__stdObject.cls,https://github.com/sancarn/stdVBA,37864,37864,628,579,337,242,8948,8866,4717,4223,17744,9040,3980,425
lang,VBA,vba,src__WIP__stdRegex2.cls,https://github.com/sancarn/stdVBA,31474,31474,785,709,511,198,7593,7640,5344,2245,21785,6764,3016,369
lang,VBA,vba,src__WIP__stdShell.cls,https://github.com/sancarn/stdVBA,121958,121958,2401,2261,1919,342,28967,28748,25407,3546,107891,5719,2524,262
lang,VBA,vba,src__stdLambda.cls,https://github.com/sancarn/stdVBA,111107,111107,2605,2308,1746,562,29117,29067,22369,6712,83265,6845,2982,361
lang,VBA,vba,src__stdWebView.cls,https://github.com/sancarn/stdVBA,119885,119885,2966,2598,2422,176,33200,32266,30782,2417,108632,6808,3082,298
lang,VBA,vba,src__stdWindow.cls,https://github.com/sancarn/stdVBA,123640,123640,2896,2636,1966,670,34792,33977,26103,8653,88704,7480,3379,352
lang,Visual Basic (.Net),visual_basic_net,src__Compilers__VisualBasic__Portable__Binding__Binder_Invocation.vb,https://github.com/dotnet/roslyn,181244,181234,3315,2742,2379,363,29258,28859,24260,4996,153826,5933,2567,338
lang,Visual Basic (.Net),visual_basic_net,src__Compilers__VisualBasic__Portable__Binding__MemberSemanticModel.vb,https://github.com/dotnet/roslyn,125770,125768,2481,2038,1657,381,22314,22000,17027,5286,97784,6083,2726,297
lang,Visual Basic (.Net),visual_basic_net,src__Compilers__VisualBasic__Portable__CommandLine__VisualBasicCommandLineParser.vb,https://github.com/dotnet/roslyn,121948,121946,2388,1998,1747,251,20183,19534,16455,3725,102089,4682,2123,207
lang,Visual Basic (.Net),visual_basic_net,src__Compilers__VisualBasic__Portable__Compilation__VisualBasicCompilation.vb,https://github.com/dotnet/roslyn,166832,166830,3409,2836,2389,447,29403,28865,23888,5514,137857,5844,2599,342
lang,Visual Basic (.Net),visual_basic_net,src__Compilers__VisualBasic__Portable__Operations__VisualBasicOperationFactory.vb,https://github.com/dotnet/roslyn,123479,123477,1705,1505,1443,62,21751,22051,20688,1061,117623,9259,4117,414
lang,Visual Basic (.Net),visual_basic_net,src__Compilers__VisualBasic__Portable__Semantics__Operators.vb,https://github.com/dotnet/roslyn,186001,185982,3449,2876,2558,318,38249,38160,33597,4651,161294,20730,8750,1008
lang,Visual Basic (.Net),visual_basic_net,src__Compilers__VisualBasic__Portable__Semantics__TypeInference__TypeArgumentInference.vb,https://github.com/dotnet/roslyn,131035,131031,2311,1863,1451,412,21403,21332,14784,6618,93327,6261,2687,306
lang,Visual Basic (.Net),visual_basic_net,src__Compilers__VisualBasic__Portable__Symbols__Source__SourceMethodSymbol.vb,https://github.com/dotnet/roslyn,122724,122722,2395,1932,1710,222,21179,20739,18447,2731,107496,5457,2527,241
lang,Visual Basic (.Net),visual_basic_net,src__Compilers__VisualBasic__Portable__Symbols__Source__SourceNamedTypeSymbol.vb,https://github.com/dotnet/roslyn,150066,150064,2797,2278,1946,332,25728,25374,20985,4741,123810,6217,2751,344
lang,Visual Basic (.Net),visual_basic_net,src__Compilers__VisualBasic__Portable__Syntax__SyntaxKind.vb,https://github.com/dotnet/roslyn,175783,175781,3206,3156,651,2505,34275,34214,11241,23033,61982,7221,3127,352
lang,Zig,zig,lib__std__Target__x86.zig,https://github.com/ziglang/zig,138177,138177,5043,5037,5036,1,36748,36615,36734,14,138105,4377,1942,255
lang,Zig,zig,lib__std__crypto__pcurves__p384__p384_64.zig,https://github.com/ziglang/zig,134511,134387,3573,3533,3308,225,53990,53591,48425,5577,120313,9537,4254,346
lang,Zig,zig,lib__std__crypto__pcurves__p384__p384_scalar_64.zig,https://github.com/ziglang/zig,137291,137167,3627,3587,3362,225,55908,55443,50318,5602,123009,9809,4336,516
lang,Zig,zig,lib__std__math__big__int.zig,https://github.com/ziglang/zig,177194,177175,4662,4054,2924,1130,50932,50998,34684,16248,118061,7245,3181,432
lang,Zig,zig,lib__std__mem.zig,https://github.com/ziglang/zig,195411,195411,5092,4439,3843,596,53553,53714,46248,7356,161036,7360,3188,421
lang,Zig,zig,lib__std__os__linux__IoUring.zig,https://github.com/ziglang/zig,173905,173905,4632,4035,3350,685,48319,48239,38694,9651,132060,7372,3266,334
lang,Zig,zig,lib__std__os__linux__syscalls.zig,https://github.com/ziglang/zig,183126,183126,8473,8448,8445,3,67931,67654,67891,39,182937,5101,2332,248
lang,Zig,zig,lib__std__zig__Ast.zig,https://github.com/ziglang/zig,148759,148759,4145,3870,3078,792,35672,35579,26156,9515,111804,5758,2556,339
lang,Zig,zig,lib__std__zig__Ast__Render.zig,https://github.com/ziglang/zig,142194,142194,3688,3290,3082,208,33819,33773,31112,2708,128965,6438,2743,310
lang,Zig,zig,lib__std__zig__Parse.zig,https://github.com/ziglang/zig,135577,135577,3751,3523,3194,329,31137,31072,27494,3691,120346,5151,2282,286
