language,task,tokens,lines,sloc,chars
Ada,100-doors,178,23,21,656
Ada,100-prisoners,210,24,16,847
Ada,24-game,1452,173,169,5839
Ada,99-bottles-of-beer,299,40,36,1162
Ada,ABC-problem,629,79,67,2301
Ada,Accumulator-factory,89,12,5,400
Ada,Ackermann-function,158,22,20,502
Ada,Align-columns,607,66,62,2237
Ada,Almost-prime,201,26,21,651
Ada,Anagrams,502,70,64,1988
Ada,Anonymous-recursion,110,17,16,407
Ada,Anti-primes,266,39,34,941
Ada,Arbitrary-precision-integers-included-,172,17,16,512
Ada,Arithmetic-Complex,420,48,27,1480
Ada,Arithmetic-Integer,181,21,17,579
Ada,Arithmetic-geometric-mean,245,27,21,799
Ada,Array-concatenation,54,4,3,123
Ada,Arrays,510,45,28,1706
Ada,Averages-Arithmetic-mean,217,23,20,677
Ada,Averages-Mode,242,27,25,757
Ada,Averages-Pythagorean-means,208,14,13,614
Ada,Babbage-problem,617,55,10,2251
Ada,Balanced-brackets,472,58,56,1957
Ada,Binary-search,513,55,49,1765
Ada,Bitwise-operations,309,24,21,935
Ada,Bulls-and-cows,433,54,52,1696
Ada,CSV-data-manipulation,143,20,14,555
Ada,Caesar-cipher,465,59,37,1970
Ada,Case-sensitivity-of-identifiers,40,7,6,145
Ada,Catalan-numbers,133,17,15,420
Ada,Check-that-file-exists,176,21,19,657
Ada,Classes,64,10,9,264
Ada,Comma-quibbling,140,18,15,496
Ada,Count-occurrences-of-a-substring,76,10,8,400
Ada,Create-a-two-dimensional-array-at-runtime,206,22,18,692
Ada,Create-an-HTML-table,271,33,21,1007
Ada,Cumulative-standard-deviation,409,36,33,1403
Ada,Date-format,363,45,43,1465
Ada,Day-of-the-week,97,12,10,321
Ada,Department-numbers,150,23,21,628
Ada,Detect-division-by-zero,248,33,29,843
Ada,Determine-if-a-string-is-numeric,65,12,11,269
Ada,Digital-root,159,27,22,667
Ada,Dot-product,147,20,17,468
Ada,Empty-string,102,16,12,391
Ada,Entropy,248,29,23,843
Ada,Ethiopian-multiplication,151,15,11,473
Ada,Even-or-odd,107,16,11,406
Ada,Factorial,61,10,9,227
Ada,Factors-of-an-integer,197,23,22,732
Ada,Fibonacci-sequence,265,34,23,1001
Ada,Filter,244,33,28,843
Ada,Five-weekends,172,24,21,711
Ada,FizzBuzz,104,17,15,347
Ada,Function-composition,120,14,13,527
Ada,Gray-code,390,48,42,1341
Ada,Greatest-common-divisor,178,22,19,515
Ada,Guess-the-number,580,93,67,2600
Ada,Guess-the-number-With-feedback,408,52,51,1737
Ada,Hailstone-sequence,349,40,37,1111
Ada,Happy-numbers,293,42,40,1129
Ada,Harshad-or-Niven-series,187,27,20,599
Ada,Haversine-formula,449,32,24,1420
Ada,Horners-rule-for-polynomial-evaluation,154,18,14,453
Ada,Identity-matrix,68,5,3,217
Ada,Integer-comparison,136,25,17,463
Ada,JSON,331,42,28,1321
Ada,Knapsack-problem-0-1,1149,110,99,4271
Ada,Knuth-shuffle,130,18,16,452
Ada,Last-Friday-of-each-month,250,31,25,939
Ada,Leap-year,400,36,13,1403
Ada,Least-common-multiple,244,29,26,705
Ada,Levenshtein-distance,336,35,33,1042
Ada,Logical-operations,89,8,7,283
Ada,Look-and-say-sequence,133,14,12,441
Ada,Loop-over-multiple-arrays-simultaneously,130,14,12,411
Ada,Loops-Break,138,19,17,478
Ada,Loops-Continue,100,19,17,534
Ada,Loops-Do-while,30,5,4,90
Ada,Loops-For,34,7,6,93
Ada,Loops-N-plus-one-half,68,12,10,207
Ada,Loops-Nested,175,22,19,582
Ada,Loops-While,43,9,8,128
Ada,Luhn-test-of-credit-card-numbers,229,31,25,750
Ada,Map-range,377,34,33,1253
Ada,Middle-three-digits,378,44,36,1331
Ada,Monty-Hall-problem,604,77,70,2129
Ada,Multiplication-tables,178,26,25,616
Ada,Mutual-recursion,183,29,28,615
Ada,N-queens-problem,378,50,47,1459
Ada,Nth,212,27,22,657
Ada,Nth-root,353,28,24,955
Ada,Number-names,1171,133,118,4291
Ada,Number-reversal-game,503,76,66,1793
Ada,Ordered-words,249,33,31,978
Ada,Palindrome-detection,73,10,9,257
Ada,Pangram-checker,161,15,12,601
Ada,Parsing-RPN-calculator-algorithm,508,69,53,2124
Ada,Pascals-triangle,130,19,14,485
Ada,Perfect-numbers,71,11,10,220
Ada,Pi,1072,113,87,3524
Ada,Population-count,237,19,16,667
Ada,Power-set,153,23,21,486
Ada,Primality-by-trial-division,82,14,10,276
Ada,Priority-queue,402,44,40,1654
Ada,Range-expansion,503,67,66,1956
Ada,Range-extraction,484,46,39,1552
Ada,Real-constants-and-functions,105,10,9,380
Ada,Reverse-a-string,99,15,13,375
Ada,Roman-numerals-Decode,1223,152,100,4259
Ada,Rot-13,416,41,36,1696
Ada,Run-length-encoding,418,49,48,1641
Ada,Search-a-list,308,43,34,1154
Ada,Set,356,30,26,1074
Ada,Short-circuit-evaluation,206,28,26,735
Ada,Sierpinski-carpet,607,77,71,2107
Ada,Sierpinski-triangle,402,54,47,1340
Ada,Sieve-of-Eratosthenes,198,27,24,726
Ada,Sleep,68,12,10,232
Ada,Sort-using-a-custom-comparator,682,109,96,3117
Ada,Sorting-algorithms-Bubble-sort,320,45,41,1038
Ada,Sorting-algorithms-Gnome-sort,159,20,18,478
Ada,Sorting-algorithms-Insertion-sort,145,19,17,489
Ada,Sorting-algorithms-Quicksort,231,33,26,732
Ada,Sorting-algorithms-Selection-sort,244,32,28,777
Ada,Stack,198,43,25,818
Ada,String-concatenation,65,10,8,219
Ada,String-matching,270,21,19,783
Ada,Strip-whitespace-from-a-string-Top-and-tail,99,11,10,338
Ada,Substring-Top-and-tail,243,34,28,802
Ada,Sum-and-product-of-an-array,64,8,6,182
Ada,Sum-digits-of-an-integer,274,29,22,814
Ada,Sum-multiples-of-3-and-5,319,40,34,1185
Ada,Symmetric-difference,227,28,25,802
Ada,Take-notes-on-the-command-line,402,52,51,1733
Ada,Temperature-conversion,234,15,13,650
Ada,The-Twelve-Days-of-Christmas,361,37,33,1398
Ada,Towers-of-Hanoi,182,16,14,542
Ada,Vector-products,821,79,69,2857
Apex,99-bottles-of-beer,70,8,7,274
Apex,ABC-problem,385,46,39,1348
Apex,Array-concatenation,49,5,4,171
Apex,Arrays,74,5,4,265
Apex,Count-occurrences-of-a-substring,80,12,11,304
Apex,Date-format,69,6,5,220
Apex,Determine-if-a-string-is-numeric,85,9,7,375
Apex,Empty-string,32,3,2,139
Apex,Factorial,68,12,11,228
Apex,Fibonacci-sequence,429,44,19,1782
Apex,Filter,188,16,15,688
Apex,FizzBuzz,76,11,10,247
Apex,JSON,100,15,9,398
Apex,Logical-operations,63,7,6,181
Apex,Loops-For,93,22,17,302
Apex,Set,290,30,17,1198
Apex,String-concatenation,34,8,4,114
Apex,Substring,154,16,8,486
Apex,Substring-Top-and-tail,138,17,14,515
Apex,Symmetric-difference,233,29,19,863
Assembly,100-doors,488,69,32,1590
Assembly,Accumulator-factory,1196,153,117,3980
Assembly,Ackermann-function,215,30,27,574
Assembly,Anonymous-recursion,837,89,67,2809
Assembly,Arithmetic-Integer,129,23,17,517
Assembly,Arrays,620,79,65,1469
Assembly,Babbage-problem,703,80,23,2801
Assembly,Balanced-brackets,311,67,47,957
Assembly,Bitwise-operations,559,105,86,1290
Assembly,Caesar-cipher,1414,103,94,4448
Assembly,Dot-product,441,71,52,1355
Assembly,Ethiopian-multiplication,495,30,23,1366
Assembly,Factorial,114,18,12,361
Assembly,Factors-of-an-integer,303,33,31,993
Assembly,Fibonacci-sequence,511,52,26,1819
Assembly,FizzBuzz,656,105,92,1708
Assembly,Greatest-common-divisor,137,25,20,389
Assembly,Guess-the-number,662,103,65,2083
Assembly,Haversine-formula,1626,86,73,6143
Assembly,Leap-year,140,18,16,314
Assembly,Least-common-multiple,543,92,58,1602
Assembly,Loop-over-multiple-arrays-simultaneously,459,52,46,1512
Assembly,Loops-Continue,531,88,82,1657
Assembly,Loops-Do-while,167,26,23,491
Assembly,Loops-For,141,22,15,549
Assembly,Loops-While,271,41,25,1032
Assembly,Mutual-recursion,353,83,68,813
Assembly,Palindrome-detection,175,36,29,493
Assembly,Pascals-triangle,457,79,71,1140
Assembly,Rot-13,400,55,44,895
Assembly,Sierpinski-carpet,757,161,84,2050
Assembly,Sierpinski-triangle,316,29,28,878
Assembly,Sorting-algorithms-Bubble-sort,290,31,28,943
Bash/Shell,100-doors,146,23,18,337
Bash/Shell,24-game,192,31,23,589
Bash/Shell,ABC-problem,305,40,32,963
Bash/Shell,Accumulator-factory,134,19,14,325
Bash/Shell,Ackermann-function,85,12,11,174
Bash/Shell,Align-columns,321,38,21,902
Bash/Shell,Anagrams,339,37,31,972
Bash/Shell,Anonymous-recursion,109,18,17,293
Bash/Shell,Arithmetic-Complex,490,76,61,1533
Bash/Shell,Arithmetic-Integer,114,8,6,257
Bash/Shell,Array-concatenation,60,10,8,112
Bash/Shell,Arrays,38,6,5,88
Bash/Shell,Averages-Arithmetic-mean,122,23,19,234
Bash/Shell,Averages-Mode,95,16,13,248
Bash/Shell,Babbage-problem,892,85,36,2999
Bash/Shell,Balanced-brackets,267,39,34,736
Bash/Shell,Binary-search,75,12,7,213
Bash/Shell,Bulls-and-cows,971,151,115,2695
Bash/Shell,CSV-data-manipulation,44,4,3,104
Bash/Shell,Caesar-cipher,434,57,52,1439
Bash/Shell,Case-sensitivity-of-identifiers,30,5,4,93
Bash/Shell,Check-that-file-exists,71,9,8,201
Bash/Shell,Classes,84,20,14,248
Bash/Shell,Comma-quibbling,86,16,15,255
Bash/Shell,Count-occurrences-of-a-substring,73,16,11,219
Bash/Shell,Create-an-HTML-table,250,39,34,683
Bash/Shell,Day-of-the-week,72,6,5,148
Bash/Shell,Department-numbers,189,23,21,463
Bash/Shell,Determine-if-a-string-is-numeric,93,22,17,229
Bash/Shell,Digital-root,126,16,12,427
Bash/Shell,Empty-string,148,14,6,511
Bash/Shell,Ethiopian-multiplication,140,31,25,358
Bash/Shell,Factorial,41,6,5,112
Bash/Shell,Factors-of-an-integer,95,12,11,212
Bash/Shell,Fibonacci-sequence,67,13,9,130
Bash/Shell,Filter,39,3,2,76
Bash/Shell,Five-weekends,100,13,10,253
Bash/Shell,FizzBuzz,102,14,13,219
Bash/Shell,Function-composition,1187,138,73,3604
Bash/Shell,Greatest-common-divisor,109,15,8,272
Bash/Shell,Guess-the-number,129,15,8,437
Bash/Shell,Guess-the-number-With-feedback,213,27,25,648
Bash/Shell,Hailstone-sequence,326,38,24,945
Bash/Shell,Happy-numbers,216,34,30,575
Bash/Shell,Harshad-or-Niven-series,236,37,33,596
Bash/Shell,Horners-rule-for-polynomial-evaluation,74,14,12,168
Bash/Shell,Identity-matrix,37,2,1,70
Bash/Shell,Integer-comparison,161,21,14,420
Bash/Shell,Knuth-shuffle,160,22,16,418
Bash/Shell,Last-Friday-of-each-month,165,18,8,515
Bash/Shell,Leap-year,37,2,1,84
Bash/Shell,Least-common-multiple,171,22,14,406
Bash/Shell,Logical-operations,111,14,12,288
Bash/Shell,Look-and-say-sequence,136,18,16,373
Bash/Shell,Loop-over-multiple-arrays-simultaneously,59,7,6,106
Bash/Shell,Loops-Break,67,8,7,135
Bash/Shell,Loops-Continue,62,11,10,152
Bash/Shell,Loops-Do-while,34,6,5,76
Bash/Shell,Loops-For,55,7,6,106
Bash/Shell,Loops-N-plus-one-half,49,7,6,110
Bash/Shell,Loops-Nested,133,20,17,293
Bash/Shell,Loops-While,32,6,5,63
Bash/Shell,Luhn-test-of-credit-card-numbers,132,17,15,320
Bash/Shell,Middle-three-digits,196,24,21,481
Bash/Shell,Monty-Hall-problem,776,73,51,2367
Bash/Shell,Mutual-recursion,176,33,30,378
Bash/Shell,N-queens-problem,396,79,63,1425
Bash/Shell,Nth,153,17,16,340
Bash/Shell,Number-reversal-game,620,101,75,1684
Bash/Shell,Palindrome-detection,32,6,5,107
Bash/Shell,Pangram-checker,73,11,10,256
Bash/Shell,Parsing-RPN-calculator-algorithm,606,66,57,1931
Bash/Shell,Pascals-triangle,126,19,17,387
Bash/Shell,Pi,488,49,40,1690
Bash/Shell,Population-count,245,34,31,613
Bash/Shell,Power-set,38,2,1,94
Bash/Shell,Primality-by-trial-division,179,16,11,452
Bash/Shell,Range-expansion,151,20,15,426
Bash/Shell,Range-extraction,212,31,24,660
Bash/Shell,Real-constants-and-functions,160,16,15,428
Bash/Shell,Reverse-a-string,47,4,2,114
Bash/Shell,Roman-numerals-Decode,155,25,19,361
Bash/Shell,Rot-13,103,6,5,281
Bash/Shell,Run-length-encoding,324,46,39,1095
Bash/Shell,Search-a-list,202,16,14,601
Bash/Shell,Short-circuit-evaluation,106,20,16,255
Bash/Shell,Sierpinski-carpet,185,23,22,427
Bash/Shell,Sierpinski-triangle,403,46,14,1342
Bash/Shell,Sieve-of-Eratosthenes,291,34,20,801
Bash/Shell,Sleep,27,6,5,107
Bash/Shell,Sorting-algorithms-Bubble-sort,376,41,39,895
Bash/Shell,Sorting-algorithms-Insertion-sort,484,82,48,1577
Bash/Shell,Stack,196,33,27,525
Bash/Shell,String-concatenation,70,10,7,259
Bash/Shell,Substring,192,18,15,378
Bash/Shell,Sum-and-product-of-an-array,49,8,7,110
Bash/Shell,Sum-multiples-of-3-and-5,160,18,15,425
Bash/Shell,Symmetric-difference,350,44,37,830
Bash/Shell,Take-notes-on-the-command-line,60,14,11,157
Bash/Shell,Temperature-conversion,139,13,10,320
Bash/Shell,The-Twelve-Days-of-Christmas,247,34,29,795
Bash/Shell,Towers-of-Hanoi,99,15,12,258
C,100-doors,147,15,11,350
C,100-prisoners,909,140,110,2936
C,24-game,1682,282,237,4864
C,99-bottles-of-beer,266,31,20,757
C,ABC-problem,334,42,32,849
C,Accumulator-factory,205,19,16,579
C,Ackermann-function,606,101,61,1830
C,Almost-prime,164,31,23,379
C,Anagrams,1533,161,140,3849
C,Anonymous-recursion,188,30,24,644
C,Anti-primes,182,27,24,520
C,Arbitrary-precision-integers-included-,460,66,53,1389
C,Arithmetic-Complex,394,62,51,1381
C,Arithmetic-Integer,164,18,16,424
C,Arithmetic-geometric-mean,281,35,23,641
C,Array-concatenation,234,33,24,646
C,Arrays,132,7,6,411
C,Averages-Arithmetic-mean,153,25,21,382
C,Averages-Mode,484,60,39,1305
C,Averages-Pythagorean-means,189,24,19,520
C,Babbage-problem,179,26,15,690
C,Balanced-brackets,232,44,38,654
C,Binary-search,409,53,49,1055
C,Bitwise-operations,60,6,5,171
C,Bulls-and-cows,610,86,76,1886
C,CSV-data-manipulation,1722,276,188,5838
C,Caesar-cipher,304,53,36,1125
C,Case-sensitivity-of-identifiers,69,12,9,228
C,Catalan-numbers,295,47,36,711
C,Check-that-file-exists,214,29,23,720
C,Classes,132,32,26,426
C,Comma-quibbling,311,54,46,1113
C,Count-occurrences-of-a-substring,159,23,18,565
C,Create-a-two-dimensional-array-at-runtime,191,21,17,529
C,Create-an-HTML-table,141,17,14,384
C,Cumulative-standard-deviation,319,49,42,979
C,Date-format,258,24,19,844
C,Day-of-the-week,174,25,18,462
C,Department-numbers,140,22,17,459
C,Detect-division-by-zero,720,101,58,2294
C,Determine-if-a-string-is-numeric,72,13,11,228
C,Digital-root,192,27,21,475
C,Dot-product,115,15,10,361
C,Empty-string,131,20,6,461
C,Entropy,294,47,41,919
C,Ethiopian-multiplication,236,33,27,676
C,Even-or-odd,38,5,4,90
C,Factorial,51,9,8,153
C,Factors-of-an-integer,708,89,67,1796
C,Fibonacci-sequence,65,10,9,179
C,Filter,314,44,31,874
C,Five-weekends,278,31,28,877
C,FizzBuzz,85,11,9,194
C,Function-composition,430,65,41,1592
C,Gray-code,192,25,20,488
C,Greatest-common-divisor,63,8,7,130
C,Guess-the-number,157,31,24,520
C,Guess-the-number-With-feedback,170,27,20,588
C,Hailstone-sequence,303,42,35,789
C,Happy-numbers,228,34,26,593
C,Harshad-or-Niven-series,136,23,18,385
C,Haversine-formula,222,27,21,577
C,Horners-rule-for-polynomial-evaluation,130,23,17,330
C,Identity-matrix,325,39,38,1201
C,Integer-comparison,100,19,13,257
C,JSON,975,121,107,3510
C,Knapsack-problem-0-1,776,79,74,2329
C,Knuth-shuffle,427,53,34,1375
C,Last-Friday-of-each-month,220,21,16,443
C,Leap-year,158,21,17,467
C,Least-common-multiple,99,20,16,276
C,Levenshtein-distance,379,46,24,1289
C,Logical-operations,54,7,6,139
C,Look-and-say-sequence,155,23,19,396
C,Loop-over-multiple-arrays-simultaneously,86,12,9,203
C,Loops-Break,76,15,14,192
C,Loops-Continue,45,9,8,128
C,Loops-Do-while,29,6,5,72
C,Loops-For,43,7,6,96
C,Loops-N-plus-one-half,57,12,10,146
C,Loops-Nested,175,26,22,496
C,Loops-While,29,6,5,62
C,Luhn-test-of-credit-card-numbers,217,33,26,570
C,Map-range,109,17,12,251
C,Middle-three-digits,432,57,49,1304
C,Monty-Hall-problem,281,32,19,948
C,Multiplication-tables,139,18,13,343
C,Mutual-recursion,190,31,23,559
C,N-queens-problem,664,87,66,2088
C,Nth,357,53,44,989
C,Nth-root,247,35,31,625
C,Number-names,1077,138,117,2761
C,Number-reversal-game,285,33,28,983
C,Ordered-words,443,84,61,1673
C,Palindrome-detection,86,11,10,264
C,Pangram-checker,234,42,33,695
C,Parsing-RPN-calculator-algorithm,398,63,53,1127
C,Pascals-triangle,126,23,19,328
C,Perfect-numbers,149,28,22,452
C,Pi,524,69,52,1337
C,Population-count,258,40,33,735
C,Power-set,164,32,27,426
C,Primality-by-trial-division,100,13,10,277
C,Priority-queue,275,45,33,1088
C,Range-expansion,527,79,57,1513
C,Range-extraction,365,37,31,842
C,Real-constants-and-functions,119,13,11,465
C,Reverse-a-string,488,68,59,1275
C,Roman-numerals-Decode,402,48,31,1430
C,Rot-13,337,52,45,1043
C,Run-length-encoding,1044,148,115,3209
C,Search-a-list,312,41,36,938
C,Set,432,46,36,1081
C,Short-circuit-evaluation,179,33,26,529
C,Sierpinski-carpet,598,82,70,2195
C,Sierpinski-triangle,104,19,15,246
C,Sieve-of-Eratosthenes,171,29,23,514
C,Sleep,52,13,11,183
C,Sort-using-a-custom-comparator,177,23,18,571
C,Sorting-algorithms-Bubble-sort,256,30,27,660
C,Sorting-algorithms-Gnome-sort,102,14,13,238
C,Sorting-algorithms-Insertion-sort,269,33,23,656
C,Sorting-algorithms-Quicksort,279,45,32,691
C,Sorting-algorithms-Selection-sort,244,28,25,615
C,Stack,630,67,56,2648
C,String-concatenation,137,26,20,400
C,String-matching,298,45,37,1113
C,Strip-whitespace-from-a-string-Top-and-tail,261,47,39,703
C,Substring,381,53,24,1541
C,Substring-Top-and-tail,204,26,19,587
C,Sum-and-product-of-an-array,948,86,61,3866
C,Sum-digits-of-an-integer,122,19,16,365
C,Sum-multiples-of-3-and-5,367,54,44,1115
C,Symmetric-difference,1096,136,112,3645
C,Take-notes-on-the-command-line,198,32,23,549
C,Temperature-conversion,193,30,25,598
C,The-Twelve-Days-of-Christmas,285,51,44,1007
C,Towers-of-Hanoi,399,61,48,1044
C,Vector-products,279,23,19,837
C#,100-doors,156,20,17,569
C#,100-prisoners,429,69,56,1963
C#,99-bottles-of-beer,217,22,21,787
C#,ABC-problem,478,83,72,1757
C#,Accumulator-factory,71,18,15,260
C#,Ackermann-function,794,128,115,3880
C#,Align-columns,657,75,65,2687
C#,Almost-prime,283,56,51,1296
C#,Anagrams,197,31,28,962
C#,Anonymous-recursion,83,9,7,259
C#,Anti-primes,146,23,19,572
C#,Arbitrary-precision-integers-included-,178,24,19,698
C#,Arithmetic-Complex,1279,206,166,4935
C#,Arithmetic-Integer,201,18,15,599
C#,Arithmetic-geometric-mean,449,31,25,1471
C#,Array-concatenation,110,23,19,427
C#,Arrays,25,2,1,82
C#,Averages-Arithmetic-mean,152,30,21,577
C#,Averages-Mode,220,39,25,1080
C#,Averages-Pythagorean-means,225,35,26,956
C#,Babbage-problem,327,36,26,1475
C#,Balanced-brackets,228,43,39,1051
C#,Binary-search,797,74,35,3088
C#,Bitwise-operations,197,15,11,906
C#,Bulls-and-cows,477,80,70,2235
C#,CSV-data-manipulation,115,22,20,533
C#,Caesar-cipher,222,41,33,1003
C#,Case-sensitivity-of-identifiers,72,13,11,279
C#,Catalan-numbers,745,115,91,3435
C#,Check-that-file-exists,40,7,5,200
C#,Classes,128,27,22,569
C#,Comma-quibbling,204,34,28,915
C#,Count-occurrences-of-a-substring,142,27,24,755
C#,Create-a-two-dimensional-array-at-runtime,91,15,12,376
C#,Create-an-HTML-table,209,48,42,1053
C#,Cumulative-standard-deviation,164,26,22,668
C#,Date-format,70,15,13,321
C#,Day-of-the-week,91,14,12,343
C#,Department-numbers,142,17,16,513
C#,Detect-division-by-zero,70,17,14,314
C#,Determine-if-a-string-is-numeric,58,12,9,231
C#,Digital-root,172,25,23,660
C#,Dot-product,145,26,20,431
C#,Empty-string,1041,114,41,4929
C#,Entropy,235,44,42,744
C#,Ethiopian-multiplication,706,63,52,2758
C#,Even-or-odd,343,67,58,1613
C#,Factorial,103,23,19,466
C#,Factors-of-an-integer,177,22,18,661
C#,Fibonacci-sequence,110,17,14,329
C#,Filter,75,5,4,226
C#,Five-weekends,290,38,33,1231
C#,FizzBuzz,132,30,29,657
C#,Function-composition,144,19,18,492
C#,Gray-code,188,24,19,634
C#,Greatest-common-divisor,372,24,20,906
C#,Guess-the-number,196,27,21,648
C#,Guess-the-number-With-feedback,213,40,35,1053
C#,Hailstone-sequence,319,45,42,1381
C#,Happy-numbers,229,50,46,1149
C#,Harshad-or-Niven-series,247,62,50,1303
C#,Haversine-formula,304,24,18,898
C#,Horners-rule-for-polynomial-evaluation,93,17,14,372
C#,Identity-matrix,179,36,33,908
C#,Integer-comparison,107,17,15,400
C#,JSON,160,24,19,739
C#,Knapsack-problem-0-1,546,52,46,1782
C#,Knuth-shuffle,85,10,9,322
C#,Last-Friday-of-each-month,223,39,35,1098
C#,Leap-year,80,15,13,338
C#,Least-common-multiple,99,17,16,309
C#,Levenshtein-distance,383,51,44,1362
C#,Logical-operations,102,17,15,404
C#,Look-and-say-sequence,236,41,36,1056
C#,Loop-over-multiple-arrays-simultaneously,52,6,4,158
C#,Loops-Break,79,19,17,363
C#,Loops-Continue,69,17,13,299
C#,Loops-Do-while,32,8,6,77
C#,Loops-For,68,16,14,275
C#,Loops-N-plus-one-half,61,16,14,256
C#,Loops-Nested,203,26,18,854
C#,Loops-While,27,6,5,73
C#,Luhn-test-of-credit-card-numbers,228,28,24,875
C#,Map-range,112,13,10,338
C#,Middle-three-digits,84,14,12,334
C#,Monty-Hall-problem,273,37,27,1012
C#,Multiplication-tables,220,39,32,998
C#,Mutual-recursion,103,22,18,422
C#,N-queens-problem,299,39,31,1349
C#,Nth,189,33,28,775
C#,Nth-root,166,22,19,426
C#,Number-names,595,79,65,2271
C#,Number-reversal-game,517,87,70,1622
C#,Ordered-words,191,31,25,840
C#,Palindrome-detection,92,22,18,415
C#,Pangram-checker,282,41,38,1209
C#,Parsing-RPN-calculator-algorithm,499,101,91,3289
C#,Pascals-triangle,153,26,21,651
C#,Perfect-numbers,119,25,20,364
C#,Pi,806,72,60,2702
C#,Population-count,320,71,55,1598
C#,Power-set,187,24,21,502
C#,Primality-by-trial-division,56,8,7,201
C#,Priority-queue,300,61,52,1394
C#,Range-expansion,284,32,29,1121
C#,Range-extraction,390,59,55,1640
C#,Real-constants-and-functions,158,17,15,616
C#,Reverse-a-string,34,7,6,157
C#,Roman-numerals-Decode,463,63,44,2818
C#,Rot-13,179,29,23,669
C#,Run-length-encoding,357,37,32,1396
C#,Search-a-list,138,16,12,520
C#,Set,556,57,46,2028
C#,Short-circuit-evaluation,157,31,27,637
C#,Sierpinski-carpet,162,25,21,651
C#,Sierpinski-triangle,147,27,22,528
C#,Sieve-of-Eratosthenes,517,42,41,1662
C#,Sleep,60,14,12,285
C#,Sort-using-a-custom-comparator,239,41,30,1177
C#,Sorting-algorithms-Bubble-sort,340,45,37,1518
C#,Sorting-algorithms-Gnome-sort,139,28,25,749
C#,Sorting-algorithms-Insertion-sort,140,22,17,503
C#,Sorting-algorithms-Quicksort,149,24,21,722
C#,Sorting-algorithms-Selection-sort,124,21,18,472
C#,Stack,102,14,10,442
C#,String-concatenation,54,12,10,231
C#,String-matching,126,14,13,387
C#,Strip-whitespace-from-a-string-Top-and-tail,84,18,15,378
C#,Substring,212,27,20,956
C#,Substring-Top-and-tail,72,13,11,319
C#,Sum-and-product-of-an-array,46,4,3,139
C#,Sum-digits-of-an-integer,436,59,37,1936
C#,Sum-multiples-of-3-and-5,342,41,34,1431
C#,Symmetric-difference,155,29,25,701
C#,Take-notes-on-the-command-line,166,34,30,706
C#,Temperature-conversion,267,32,28,1157
C#,The-Twelve-Days-of-Christmas,288,44,32,1149
C#,Towers-of-Hanoi,91,10,9,267
C#,Vector-products,218,28,23,772
C++,100-doors,138,17,11,401
C++,100-prisoners,832,90,75,3177
C++,24-game,557,99,87,1855
C++,99-bottles-of-beer,161,29,25,608
C++,ABC-problem,379,35,31,1228
C++,Accumulator-factory,173,22,20,615
C++,Ackermann-function,438,55,48,1251
C++,Almost-prime,260,33,28,871
C++,Anagrams,256,36,30,941
C++,Anonymous-recursion,102,27,25,353
C++,Anti-primes,187,26,23,544
C++,Arbitrary-precision-integers-included-,237,24,17,883
C++,Arithmetic-Complex,142,20,12,417
C++,Arithmetic-Integer,104,13,11,267
C++,Arithmetic-geometric-mean,156,23,17,441
C++,Array-concatenation,136,15,11,300
C++,Arrays,335,45,27,1397
C++,Averages-Arithmetic-mean,59,11,9,230
C++,Averages-Mode,491,69,48,1870
C++,Averages-Pythagorean-means,281,26,23,976
C++,Babbage-problem,73,10,8,234
C++,Balanced-brackets,224,34,30,789
C++,Binary-search,26,2,1,107
C++,Bitwise-operations,367,24,14,1170
C++,Bulls-and-cows,551,79,72,2019
C++,CSV-data-manipulation,834,130,109,3049
C++,Caesar-cipher,372,46,42,1295
C++,Case-sensitivity-of-identifiers,62,10,7,226
C++,Catalan-numbers,281,61,50,1344
C++,Check-that-file-exists,164,23,20,619
C++,Classes,35,9,8,118
C++,Comma-quibbling,169,27,24,472
C++,Count-occurrences-of-a-substring,181,25,20,638
C++,Create-a-two-dimensional-array-at-runtime,155,27,15,451
C++,Create-an-HTML-table,642,69,66,1987
C++,Cumulative-standard-deviation,256,40,36,753
C++,Date-format,483,65,29,1860
C++,Day-of-the-week,130,19,17,587
C++,Department-numbers,230,20,18,645
C++,Detect-division-by-zero,98,24,17,382
C++,Determine-if-a-string-is-numeric,70,12,10,218
C++,Digital-root,328,31,23,1117
C++,Dot-product,519,48,39,1580
C++,Empty-string,312,39,19,1307
C++,Entropy,198,27,23,691
C++,Ethiopian-multiplication,311,55,47,1287
C++,Even-or-odd,82,18,15,290
C++,Factorial,103,20,15,307
C++,Factors-of-an-integer,254,35,29,923
C++,Fibonacci-sequence,95,17,14,353
C++,Filter,134,19,16,475
C++,Five-weekends,477,44,41,1652
C++,FizzBuzz,169,26,19,554
C++,Function-composition,69,12,9,215
C++,Gray-code,259,39,33,815
C++,Greatest-common-divisor,53,7,5,177
C++,Guess-the-number,127,23,20,451
C++,Guess-the-number-With-feedback,190,29,25,706
C++,Hailstone-sequence,455,51,39,1378
C++,Happy-numbers,220,37,32,749
C++,Harshad-or-Niven-series,243,35,31,771
C++,Haversine-formula,340,57,43,1158
C++,Horners-rule-for-polynomial-evaluation,127,22,17,386
C++,Identity-matrix,280,48,39,984
C++,Integer-comparison,142,24,15,425
C++,JSON,366,66,54,1299
C++,Knapsack-problem-0-1,1407,99,89,4607
C++,Knuth-shuffle,106,17,15,381
C++,Last-Friday-of-each-month,160,18,15,515
C++,Leap-year,106,12,9,278
C++,Least-common-multiple,173,25,21,504
C++,Levenshtein-distance,361,56,41,1066
C++,Logical-operations,96,8,7,262
C++,Look-and-say-sequence,175,31,24,568
C++,Loop-over-multiple-arrays-simultaneously,162,22,18,518
C++,Loops-Break,104,17,15,333
C++,Loops-Continue,44,9,8,122
C++,Loops-Do-while,32,6,5,83
C++,Loops-For,47,7,5,108
C++,Loops-N-plus-one-half,56,13,11,149
C++,Loops-Nested,109,24,21,415
C++,Loops-While,29,3,2,64
C++,Luhn-test-of-credit-card-numbers,242,44,39,746
C++,Map-range,208,27,20,617
C++,Middle-three-digits,205,28,23,666
C++,Monty-Hall-problem,342,58,48,1130
C++,Multiplication-tables,537,78,47,2030
C++,Mutual-recursion,196,37,32,611
C++,N-queens-problem,922,101,88,2989
C++,Nth,252,42,31,753
C++,Nth-root,90,13,12,347
C++,Number-names,524,70,62,1565
C++,Number-reversal-game,309,51,41,1014
C++,Ordered-words,223,39,33,935
C++,Palindrome-detection,41,8,6,153
C++,Pangram-checker,168,25,20,689
C++,Parsing-RPN-calculator-algorithm,392,54,50,1467
C++,Pascals-triangle,702,82,76,2289
C++,Perfect-numbers,130,20,17,403
C++,Pi,358,57,40,1102
C++,Population-count,281,43,38,752
C++,Power-set,199,26,24,745
C++,Primality-by-trial-division,73,14,12,242
C++,Priority-queue,213,31,21,711
C++,Range-expansion,416,75,61,1666
C++,Range-extraction,346,54,46,979
C++,Real-constants-and-functions,273,29,25,763
C++,Reverse-a-string,57,11,9,197
C++,Roman-numerals-Decode,316,51,47,883
C++,Rot-13,298,43,36,1070
C++,Run-length-encoding,1131,163,106,4604
C++,Search-a-list,969,113,92,3765
C++,Set,760,80,67,2410
C++,Short-circuit-evaluation,166,28,23,502
C++,Sierpinski-carpet,980,123,103,3275
C++,Sierpinski-triangle,188,36,31,713
C++,Sieve-of-Eratosthenes,279,42,29,930
C++,Sleep,73,12,11,281
C++,Sort-using-a-custom-comparator,211,30,24,798
C++,Sorting-algorithms-Bubble-sort,193,25,22,623
C++,Sorting-algorithms-Gnome-sort,211,31,27,636
C++,Sorting-algorithms-Insertion-sort,268,34,20,1019
C++,Sorting-algorithms-Quicksort,482,71,63,1913
C++,Sorting-algorithms-Selection-sort,149,18,15,533
C++,Stack,418,56,53,1666
C++,String-concatenation,66,11,9,210
C++,String-matching,104,15,10,299
C++,Strip-whitespace-from-a-string-Top-and-tail,335,48,35,1259
C++,Substring,139,19,15,399
C++,Substring-Top-and-tail,124,11,9,380
C++,Sum-and-product-of-an-array,482,53,37,1608
C++,Sum-digits-of-an-integer,270,34,29,857
C++,Sum-multiples-of-3-and-5,282,43,33,1071
C++,Symmetric-difference,175,25,20,659
C++,Take-notes-on-the-command-line,191,38,35,599
C++,Temperature-conversion,499,55,46,1825
C++,The-Twelve-Days-of-Christmas,318,59,52,1168
C++,Towers-of-Hanoi,93,10,9,254
C++,Vector-products,1860,136,104,5819
Clojure,100-doors,109,12,9,351
Clojure,100-prisoners,901,66,58,3820
Clojure,24-game,261,28,21,875
Clojure,99-bottles-of-beer,96,14,10,348
Clojure,ABC-problem,212,22,17,612
Clojure,Accumulator-factory,25,4,3,69
Clojure,Ackermann-function,54,5,4,146
Clojure,Align-columns,493,42,35,1753
Clojure,Almost-prime,338,23,18,1327
Clojure,Anagrams,178,15,7,474
Clojure,Anonymous-recursion,75,8,7,182
Clojure,Arbitrary-precision-integers-included-,140,13,9,397
Clojure,Arithmetic-Complex,346,38,28,992
Clojure,Arithmetic-Integer,68,7,6,182
Clojure,Arithmetic-geometric-mean,241,26,20,842
Clojure,Arrays,325,35,19,917
Clojure,Averages-Arithmetic-mean,31,5,4,87
Clojure,Averages-Mode,80,7,6,288
Clojure,Averages-Pythagorean-means,126,16,11,360
Clojure,Babbage-problem,116,12,4,446
Clojure,Balanced-brackets,66,12,11,233
Clojure,Binary-search,159,17,10,520
Clojure,Bitwise-operations,43,8,6,133
Clojure,Bulls-and-cows,332,39,32,1191
Clojure,CSV-data-manipulation,139,15,12,469
Clojure,Caesar-cipher,93,8,7,301
Clojure,Catalan-numbers,220,18,13,528
Clojure,Check-that-file-exists,34,3,1,101
Clojure,Classes,79,10,4,300
Clojure,Comma-quibbling,165,19,14,511
Clojure,Count-occurrences-of-a-substring,41,8,7,126
Clojure,Create-a-two-dimensional-array-at-runtime,70,6,5,201
Clojure,Create-an-HTML-table,100,12,9,247
Clojure,Cumulative-standard-deviation,124,10,9,372
Clojure,Date-format,67,6,5,229
Clojure,Day-of-the-week,75,9,7,312
Clojure,Department-numbers,62,9,8,240
Clojure,Detect-division-by-zero,68,8,7,242
Clojure,Determine-if-a-string-is-numeric,86,8,7,252
Clojure,Digital-root,100,13,12,361
Clojure,Dot-product,189,21,16,514
Clojure,Empty-string,65,7,5,215
Clojure,Entropy,77,8,7,237
Clojure,Ethiopian-multiplication,210,26,21,597
Clojure,Even-or-odd,27,3,2,74
Clojure,Factorial,42,7,6,115
Clojure,Factors-of-an-integer,53,5,4,140
Clojure,Fibonacci-sequence,49,9,8,125
Clojure,Filter,45,5,2,156
Clojure,Five-weekends,110,12,10,365
Clojure,FizzBuzz,57,5,4,165
Clojure,Function-composition,44,8,5,116
Clojure,Greatest-common-divisor,47,7,6,129
Clojure,Guess-the-number,84,11,9,269
Clojure,Guess-the-number-With-feedback,158,17,16,520
Clojure,Hailstone-sequence,230,18,15,622
Clojure,Happy-numbers,319,36,28,938
Clojure,Harshad-or-Niven-series,95,10,8,269
Clojure,Haversine-formula,203,13,10,566
Clojure,Horners-rule-for-polynomial-evaluation,45,5,3,110
Clojure,Identity-matrix,39,5,4,125
Clojure,Integer-comparison,62,7,6,218
Clojure,JSON,98,11,4,385
Clojure,Knapsack-problem-0-1,149,18,15,421
Clojure,Knuth-shuffle,53,5,4,162
Clojure,Last-Friday-of-each-month,143,12,9,488
Clojure,Leap-year,43,5,4,111
Clojure,Least-common-multiple,80,12,9,223
Clojure,Levenshtein-distance,235,22,21,1122
Clojure,Logical-operations,62,7,5,152
Clojure,Look-and-say-sequence,73,13,12,182
Clojure,Loop-over-multiple-arrays-simultaneously,30,3,2,66
Clojure,Loops-Break,42,6,5,119
Clojure,Loops-Continue,54,8,7,155
Clojure,Loops-Do-while,42,6,5,102
Clojure,Loops-For,32,4,3,80
Clojure,Loops-N-plus-one-half,61,11,7,177
Clojure,Loops-Nested,124,19,15,450
Clojure,Loops-While,59,9,6,146
Clojure,Luhn-test-of-credit-card-numbers,120,10,8,345
Clojure,Map-range,174,18,15,347
Clojure,Middle-three-digits,157,15,13,423
Clojure,Monty-Hall-problem,159,16,13,557
Clojure,Multiplication-tables,146,14,12,553
Clojure,Mutual-recursion,68,12,9,158
Clojure,N-queens-problem,113,10,9,461
Clojure,Nth,137,15,13,368
Clojure,Nth-root,267,25,18,870
Clojure,Number-names,25,3,2,84
Clojure,Number-reversal-game,167,17,14,507
Clojure,Ordered-words,124,16,13,395
Clojure,Palindrome-detection,59,6,5,194
Clojure,Pangram-checker,41,4,3,143
Clojure,Parsing-RPN-calculator-algorithm,356,30,26,1316
Clojure,Pascals-triangle,60,8,7,185
Clojure,Perfect-numbers,43,5,4,108
Clojure,Pi,429,39,26,1568
Clojure,Population-count,192,29,16,666
Clojure,Power-set,46,7,5,129
Clojure,Primality-by-trial-division,56,7,6,169
Clojure,Priority-queue,273,20,11,765
Clojure,Range-expansion,282,25,21,752
Clojure,Range-extraction,131,17,13,448
Clojure,Real-constants-and-functions,58,9,8,192
Clojure,Reverse-a-string,29,4,3,112
Clojure,Roman-numerals-Decode,210,16,12,557
Clojure,Rot-13,229,20,14,660
Clojure,Run-length-encoding,82,8,6,233
Clojure,Search-a-list,76,6,5,199
Clojure,Set,100,16,8,320
Clojure,Short-circuit-evaluation,89,8,7,237
Clojure,Sierpinski-carpet,178,21,17,502
Clojure,Sierpinski-triangle,228,27,20,803
Clojure,Sieve-of-Eratosthenes,300,18,17,976
Clojure,Sleep,42,7,5,131
Clojure,Sort-using-a-custom-comparator,100,10,8,271
Clojure,Sorting-algorithms-Bubble-sort,237,28,25,957
Clojure,Sorting-algorithms-Gnome-sort,146,13,11,409
Clojure,Sorting-algorithms-Insertion-sort,135,10,7,317
Clojure,Sorting-algorithms-Quicksort,51,7,6,169
Clojure,Sorting-algorithms-Selection-sort,179,23,20,520
Clojure,Stack,167,15,13,584
Clojure,String-concatenation,34,6,4,104
Clojure,String-matching,184,11,9,522
Clojure,Strip-whitespace-from-a-string-Top-and-tail,54,8,7,161
Clojure,Substring,185,23,16,699
Clojure,Substring-Top-and-tail,103,16,12,297
Clojure,Sum-digits-of-an-integer,48,4,3,147
Clojure,Sum-multiples-of-3-and-5,85,7,5,179
Clojure,Symmetric-difference,60,7,4,183
Clojure,Take-notes-on-the-command-line,93,14,11,283
Clojure,Temperature-conversion,126,13,11,336
Clojure,The-Twelve-Days-of-Christmas,236,23,19,892
Clojure,Towers-of-Hanoi,62,6,5,203
Clojure,Vector-products,207,26,22,543
Cobol,100-doors,253,34,29,1004
Cobol,99-bottles-of-beer,937,105,95,2875
Cobol,ABC-problem,617,65,56,2319
Cobol,Ackermann-function,220,33,25,990
Cobol,Align-columns,957,84,76,3695
Cobol,Almost-prime,646,70,62,2223
Cobol,Anagrams,1891,244,192,8447
Cobol,Anti-primes,878,85,49,3097
Cobol,Arbitrary-precision-integers-included-,1072,134,111,4778
Cobol,Arithmetic-Complex,782,99,81,2957
Cobol,Arithmetic-Integer,321,45,25,1310
Cobol,Arithmetic-geometric-mean,353,34,24,1056
Cobol,Array-concatenation,406,48,41,1335
Cobol,Arrays,330,40,28,1319
Cobol,Averages-Arithmetic-mean,179,29,21,781
Cobol,Babbage-problem,342,33,17,1253
Cobol,Balanced-brackets,673,99,75,2953
Cobol,Binary-search,120,19,17,573
Cobol,Bitwise-operations,484,56,37,1867
Cobol,CSV-data-manipulation,696,94,66,2858
Cobol,Caesar-cipher,558,85,70,2258
Cobol,Case-sensitivity-of-identifiers,194,22,11,767
Cobol,Check-that-file-exists,449,71,55,1990
Cobol,Classes,388,67,35,1952
Cobol,Comma-quibbling,515,76,61,1957
Cobol,Count-occurrences-of-a-substring,132,23,17,609
Cobol,Create-an-HTML-table,1188,116,94,4186
Cobol,Cumulative-standard-deviation,741,72,71,2197
Cobol,Date-format,607,65,53,2210
Cobol,Day-of-the-week,598,69,64,2339
Cobol,Department-numbers,346,38,32,1227
Cobol,Detect-division-by-zero,28,5,4,106
Cobol,Determine-if-a-string-is-numeric,368,55,41,1486
Cobol,Digital-root,455,46,39,1607
Cobol,Empty-string,107,24,15,481
Cobol,Ethiopian-multiplication,753,94,87,2788
Cobol,Even-or-odd,36,6,5,130
Cobol,Factorial,138,23,17,557
Cobol,Factors-of-an-integer,316,41,34,1196
Cobol,Fibonacci-sequence,538,41,40,1597
Cobol,Five-weekends,466,54,51,1726
Cobol,FizzBuzz,200,27,26,792
Cobol,Greatest-common-divisor,198,29,25,778
Cobol,Guess-the-number,145,26,20,646
Cobol,Guess-the-number-With-feedback,185,31,24,824
Cobol,Hailstone-sequence,642,91,77,3050
Cobol,Happy-numbers,530,57,49,1844
Cobol,Harshad-or-Niven-series,619,79,57,2156
Cobol,Integer-comparison,180,27,20,719
Cobol,Knuth-shuffle,224,30,22,871
Cobol,Last-Friday-of-each-month,373,49,48,1554
Cobol,Leap-year,276,34,29,1222
Cobol,Least-common-multiple,391,64,52,1633
Cobol,Levenshtein-distance,531,63,54,2188
Cobol,Logical-operations,169,27,19,687
Cobol,Look-and-say-sequence,423,44,41,1532
Cobol,Loop-over-multiple-arrays-simultaneously,171,24,17,558
Cobol,Loops-Break,136,27,21,604
Cobol,Loops-Continue,122,22,16,504
Cobol,Loops-Do-while,88,16,12,348
Cobol,Loops-For,140,22,16,547
Cobol,Loops-N-plus-one-half,158,18,17,414
Cobol,Loops-Nested,391,46,34,1643
Cobol,Loops-While,82,16,12,326
Cobol,Luhn-test-of-credit-card-numbers,807,88,84,3069
Cobol,Map-range,432,54,40,1763
Cobol,Middle-three-digits,813,92,76,2613
Cobol,Monty-Hall-problem,652,90,65,2785
Cobol,Multiplication-tables,305,47,41,1469
Cobol,Nth,395,32,31,1117
Cobol,Nth-root,684,102,70,2771
Cobol,Number-reversal-game,799,116,81,3151
Cobol,Ordered-words,478,67,56,1882
Cobol,Palindrome-detection,117,20,15,568
Cobol,Pangram-checker,374,52,50,1648
Cobol,Parsing-RPN-calculator-algorithm,727,128,87,3588
Cobol,Perfect-numbers,253,38,30,1052
Cobol,Population-count,750,74,64,2507
Cobol,Primality-by-trial-division,232,39,31,928
Cobol,Range-expansion,636,94,77,2571
Cobol,Range-extraction,1362,181,128,5846
Cobol,Real-constants-and-functions,140,14,11,497
Cobol,Roman-numerals-Decode,744,76,74,2683
Cobol,Rot-13,179,22,18,690
Cobol,Run-length-encoding,860,125,96,3513
Cobol,Search-a-list,520,64,50,2012
Cobol,Sierpinski-triangle,309,37,36,1117
Cobol,Sieve-of-Eratosthenes,489,56,38,1953
Cobol,Sleep,143,19,12,609
Cobol,Sorting-algorithms-Bubble-sort,1095,146,107,3923
Cobol,Sorting-algorithms-Gnome-sort,270,31,24,847
Cobol,Sorting-algorithms-Insertion-sort,495,71,51,1802
Cobol,Sorting-algorithms-Quicksort,535,67,50,2108
Cobol,Sorting-algorithms-Selection-sort,241,29,21,766
Cobol,Stack,41,6,5,154
Cobol,String-concatenation,99,16,12,370
Cobol,Strip-whitespace-from-a-string-Top-and-tail,33,4,3,124
Cobol,Substring,347,57,48,1524
Cobol,Substring-Top-and-tail,110,18,14,503
Cobol,Sum-and-product-of-an-array,197,26,19,775
Cobol,Sum-multiples-of-3-and-5,371,48,39,1109
Cobol,Take-notes-on-the-command-line,474,79,57,2233
Cobol,Temperature-conversion,324,37,27,1174
Cobol,The-Twelve-Days-of-Christmas,392,45,38,1537
Cobol,Towers-of-Hanoi,254,30,25,832
Crystal,100-doors,89,12,9,219
Crystal,100-prisoners,186,23,20,536
Crystal,99-bottles-of-beer,115,8,7,289
Crystal,ABC-problem,201,18,15,564
Crystal,Accumulator-factory,101,13,8,285
Crystal,Ackermann-function,92,15,12,190
Crystal,Align-columns,320,38,33,1029
Crystal,Almost-prime,140,23,20,347
Crystal,Anagrams,139,23,16,492
Crystal,Anonymous-recursion,108,15,12,305
Crystal,Anti-primes,163,33,24,384
Crystal,Arbitrary-precision-integers-included-,69,6,4,148
Crystal,Arithmetic-Complex,111,16,13,250
Crystal,Arithmetic-Integer,129,11,9,409
Crystal,Arithmetic-geometric-mean,68,9,7,152
Crystal,Array-concatenation,50,4,3,94
Crystal,Arrays,315,21,10,1155
Crystal,Averages-Arithmetic-mean,32,5,3,108
Crystal,Averages-Mode,84,7,5,157
Crystal,Averages-Pythagorean-means,134,25,19,379
Crystal,Babbage-problem,51,8,6,119
Crystal,Balanced-brackets,132,27,24,401
Crystal,Binary-search,239,30,26,627
Crystal,Bitwise-operations,60,10,8,152
Crystal,Bulls-and-cows,226,36,29,710
Crystal,Caesar-cipher,83,12,8,247
Crystal,Case-sensitivity-of-identifiers,35,6,4,106
Crystal,Catalan-numbers,336,42,28,883
Crystal,Check-that-file-exists,78,15,13,311
Crystal,Classes,45,14,9,131
Crystal,Comma-quibbling,107,20,18,308
Crystal,Count-occurrences-of-a-substring,85,14,12,262
Crystal,Create-a-two-dimensional-array-at-runtime,91,15,9,299
Crystal,Cumulative-standard-deviation,146,17,14,324
Crystal,Date-format,35,6,4,93
Crystal,Day-of-the-week,27,2,1,64
Crystal,Department-numbers,35,2,1,90
Crystal,Detect-division-by-zero,31,7,6,109
Crystal,Digital-root,113,19,13,363
Crystal,Dot-product,174,21,15,467
Crystal,Entropy,263,41,34,792
Crystal,Ethiopian-multiplication,115,18,15,286
Crystal,Even-or-odd,250,41,32,615
Crystal,Factorial,37,8,7,102
Crystal,Factors-of-an-integer,29,4,3,77
Crystal,Fibonacci-sequence,43,4,3,115
Crystal,Filter,124,18,11,321
Crystal,Five-weekends,188,14,13,542
Crystal,FizzBuzz,75,12,10,191
Crystal,Function-composition,69,8,5,185
Crystal,Gray-code,52,13,11,144
Crystal,Guess-the-number,43,5,4,127
Crystal,Guess-the-number-With-feedback,96,20,17,345
Crystal,Hailstone-sequence,202,18,13,482
Crystal,Happy-numbers,139,15,13,342
Crystal,Harshad-or-Niven-series,81,5,3,217
Crystal,Haversine-formula,183,18,13,454
Crystal,Integer-comparison,81,13,10,251
Crystal,JSON,73,15,11,242
Crystal,Knapsack-problem-0-1,879,87,73,3029
Crystal,Knuth-shuffle,51,10,8,152
Crystal,Last-Friday-of-each-month,97,11,9,292
Crystal,Leap-year,27,4,3,72
Crystal,Levenshtein-distance,234,24,19,593
Crystal,Logical-operations,83,8,6,194
Crystal,Look-and-say-sequence,56,9,7,141
Crystal,Loops-Do-while,31,7,6,58
Crystal,Loops-For,33,7,6,67
Crystal,Loops-N-plus-one-half,29,7,6,69
Crystal,Loops-While,25,6,5,48
Crystal,Luhn-test-of-credit-card-numbers,160,10,8,340
Crystal,Map-range,105,11,8,217
Crystal,Middle-three-digits,200,24,22,493
Crystal,Nth,127,19,17,363
Crystal,Number-names,446,42,40,1355
Crystal,Number-reversal-game,122,22,16,392
Crystal,Ordered-words,61,7,6,184
Crystal,Palindrome-detection,65,12,10,172
Crystal,Pangram-checker,54,7,5,171
Crystal,Parsing-RPN-calculator-algorithm,187,27,24,595
Crystal,Perfect-numbers,69,9,7,177
Crystal,Pi,227,31,28,553
Crystal,Population-count,107,10,8,306
Crystal,Power-set,87,15,13,249
Crystal,Primality-by-trial-division,1936,125,98,4750
Crystal,Priority-queue,417,73,60,1159
Crystal,Range-expansion,99,13,11,258
Crystal,Range-extraction,239,25,23,606
Crystal,Real-constants-and-functions,213,21,17,732
Crystal,Reverse-a-string,40,7,4,101
Crystal,Rot-13,83,6,5,171
Crystal,Run-length-encoding,143,20,17,368
Crystal,Search-a-list,168,16,7,654
Crystal,Set,236,33,21,553
Crystal,Short-circuit-evaluation,105,19,16,239
Crystal,Sierpinski-carpet,104,12,10,294
Crystal,Sieve-of-Eratosthenes,452,54,46,1266
Crystal,Sleep,29,6,5,113
Crystal,Sort-using-a-custom-comparator,64,5,3,238
Crystal,Sorting-algorithms-Bubble-sort,94,18,15,244
Crystal,Sorting-algorithms-Quicksort,139,10,8,273
Crystal,Sorting-algorithms-Selection-sort,91,14,13,332
Crystal,Stack,46,14,6,136
Crystal,String-concatenation,25,6,4,48
Crystal,String-matching,133,13,9,359
Crystal,Strip-whitespace-from-a-string-Top-and-tail,46,11,6,156
Crystal,Substring,120,18,11,468
Crystal,Substring-Top-and-tail,89,12,6,297
Crystal,Sum-and-product-of-an-array,47,10,8,142
Crystal,Sum-digits-of-an-integer,89,14,12,245
Crystal,Sum-multiples-of-3-and-5,154,14,9,302
Crystal,Symmetric-difference,47,5,3,95
Crystal,Take-notes-on-the-command-line,61,10,8,166
Crystal,Temperature-conversion,74,6,4,142
Crystal,The-Twelve-Days-of-Christmas,152,20,18,539
Crystal,Towers-of-Hanoi,97,12,10,226
Crystal,Vector-products,336,40,31,1011
Dart,100-doors,67,8,7,177
Dart,100-prisoners,475,68,64,1621
Dart,99-bottles-of-beer,445,60,53,1756
Dart,Ackermann-function,115,14,12,236
Dart,Anti-primes,162,23,21,419
Dart,Arbitrary-precision-integers-included-,112,12,9,374
Dart,Arithmetic-Complex,308,51,37,997
Dart,Arithmetic-Integer,142,19,14,441
Dart,Arrays,348,43,16,1224
Dart,Averages-Arithmetic-mean,48,6,4,119
Dart,Babbage-problem,37,8,6,94
Dart,Caesar-cipher,414,65,52,1390
Dart,Case-sensitivity-of-identifiers,53,6,4,153
Dart,Day-of-the-week,75,10,9,244
Dart,Dot-product,107,17,15,308
Dart,Empty-string,45,12,9,144
Dart,Even-or-odd,56,10,9,148
Dart,Factorial,76,16,14,219
Dart,Fibonacci-sequence,73,14,10,197
Dart,Five-weekends,128,14,13,359
Dart,FizzBuzz,78,11,10,209
Dart,Guess-the-number,78,10,8,273
Dart,Hailstone-sequence,364,42,37,1047
Dart,Happy-numbers,194,36,33,698
Dart,Haversine-formula,209,24,19,591
Dart,JSON,214,31,23,739
Dart,Knapsack-problem-0-1,1012,105,84,3008
Dart,Leap-year,102,10,7,290
Dart,Least-common-multiple,71,17,14,174
Dart,Loops-Do-while,34,8,7,91
Dart,Loops-For,55,9,8,159
Dart,Loops-N-plus-one-half,74,16,14,239
Dart,Loops-While,35,8,7,89
Dart,Map-range,119,11,9,277
Dart,Middle-three-digits,223,47,43,570
Dart,Monty-Hall-problem,451,84,72,1455
Dart,Mutual-recursion,92,13,11,208
Dart,N-queens-problem,364,66,48,1141
Dart,Nth-root,75,12,9,204
Dart,Palindrome-detection,49,8,7,143
Dart,Pascals-triangle,252,43,35,762
Dart,Perfect-numbers,47,3,2,100
Dart,Primality-by-trial-division,101,13,10,261
Dart,Reverse-a-string,168,18,15,632
Dart,Rot-13,224,22,19,708
Dart,Set,384,39,30,1165
Dart,Sieve-of-Eratosthenes,405,44,42,1440
Dart,Sorting-algorithms-Gnome-sort,224,31,27,562
Dart,Sorting-algorithms-Insertion-sort,125,18,16,346
Dart,Sorting-algorithms-Quicksort,232,40,31,704
Dart,Sorting-algorithms-Selection-sort,183,22,20,569
Dart,Substring-Top-and-tail,69,7,6,263
Dart,Sum-digits-of-an-integer,201,21,18,566
Dart,Temperature-conversion,186,25,20,530
Dart,Towers-of-Hanoi,115,14,11,347
Delphi,24-game,1609,285,211,5505
Delphi,ABC-problem,520,64,54,1531
Delphi,Accumulator-factory,119,29,22,368
Delphi,Ackermann-function,73,10,9,213
Delphi,Align-columns,652,57,55,2247
Delphi,Almost-prime,221,41,35,603
Delphi,Anagrams,735,127,95,2470
Delphi,Anonymous-recursion,149,34,24,471
Delphi,Arbitrary-precision-integers-included-,144,24,18,486
Delphi,Arithmetic-Complex,175,28,16,454
Delphi,Arithmetic-Integer,213,20,14,538
Delphi,Arithmetic-geometric-mean,244,45,36,684
Delphi,Array-concatenation,497,54,27,1735
Delphi,Arrays,379,37,31,1428
Delphi,Averages-Arithmetic-mean,117,23,16,397
Delphi,Averages-Mode,404,73,55,1256
Delphi,Averages-Pythagorean-means,348,51,43,1102
Delphi,Balanced-brackets,233,32,27,784
Delphi,Bitwise-operations,124,15,10,311
Delphi,CSV-data-manipulation,233,47,36,793
Delphi,Case-sensitivity-of-identifiers,57,13,9,192
Delphi,Check-that-file-exists,164,29,21,607
Delphi,Classes,192,45,33,716
Delphi,Count-occurrences-of-a-substring,133,24,18,483
Delphi,Create-a-two-dimensional-array-at-runtime,224,29,17,769
Delphi,Create-an-HTML-table,168,24,18,471
Delphi,Cumulative-standard-deviation,156,32,22,484
Delphi,Date-format,33,2,1,100
Delphi,Day-of-the-week,128,21,17,417
Delphi,Department-numbers,208,37,31,643
Delphi,Detect-division-by-zero,72,19,14,204
Delphi,Determine-if-a-string-is-numeric,236,53,41,793
Delphi,Dot-product,189,28,22,504
Delphi,Empty-string,81,21,14,281
Delphi,Entropy,395,61,49,1220
Delphi,Even-or-odd,118,30,21,345
Delphi,Factorial,79,16,11,263
Delphi,Fibonacci-sequence,94,19,18,282
Delphi,Filter,182,36,24,573
Delphi,Five-weekends,251,35,29,824
Delphi,FizzBuzz,106,22,17,302
Delphi,Function-composition,188,38,27,611
Delphi,Gray-code,280,46,37,804
Delphi,Guess-the-number,98,20,14,336
Delphi,Guess-the-number-With-feedback,417,86,52,1576
Delphi,Hailstone-sequence,420,58,49,1282
Delphi,Happy-numbers,269,65,52,877
Delphi,Haversine-formula,214,21,17,530
Delphi,Horners-rule-for-polynomial-evaluation,357,46,34,1107
Delphi,Identity-matrix,130,26,17,385
Delphi,Integer-comparison,82,13,9,242
Delphi,JSON,284,56,37,1077
Delphi,Knapsack-problem-0-1,1176,139,105,3924
Delphi,Last-Friday-of-each-month,151,28,21,462
Delphi,Leap-year,85,20,14,262
Delphi,Levenshtein-distance,424,64,52,1175
Delphi,Logical-operations,28,3,1,69
Delphi,Loop-over-multiple-arrays-simultaneously,134,19,13,345
Delphi,Loops-Break,57,17,12,179
Delphi,Loops-Continue,65,16,15,195
Delphi,Loops-Do-while,58,17,12,153
Delphi,Loops-For,59,15,11,160
Delphi,Loops-N-plus-one-half,72,18,14,206
Delphi,Loops-Nested,188,28,24,626
Delphi,Loops-While,45,12,10,110
Delphi,Luhn-test-of-credit-card-numbers,553,58,39,1449
Delphi,Monty-Hall-problem,331,50,28,1039
Delphi,Multiplication-tables,179,31,26,549
Delphi,Mutual-recursion,145,29,22,485
Delphi,N-queens-problem,361,65,53,987
Delphi,Nth-root,106,16,14,288
Delphi,Number-names,740,88,80,2331
Delphi,Number-reversal-game,845,149,113,2979
Delphi,Ordered-words,357,55,47,1264
Delphi,Palindrome-detection,40,8,6,158
Delphi,Pangram-checker,115,22,15,381
Delphi,Parsing-RPN-calculator-algorithm,739,119,83,2571
Delphi,Pascals-triangle,103,22,19,275
Delphi,Pi,1114,138,101,3569
Delphi,Population-count,336,66,53,1015
Delphi,Power-set,141,31,22,393
Delphi,Primality-by-trial-division,110,19,16,335
Delphi,Priority-queue,110,19,12,379
Delphi,Range-expansion,507,71,62,1688
Delphi,Real-constants-and-functions,76,8,7,231
Delphi,Reverse-a-string,46,8,7,161
Delphi,Roman-numerals-Decode,317,45,38,930
Delphi,Rot-13,185,29,22,509
Delphi,Run-length-encoding,476,97,78,1589
Delphi,Search-a-list,149,37,29,560
Delphi,Set,260,26,19,646
Delphi,Short-circuit-evaluation,205,33,26,623
Delphi,Sierpinski-triangle,138,27,22,411
Delphi,Sieve-of-Eratosthenes,466,86,73,1487
Delphi,Sleep,90,18,13,287
Delphi,Sort-using-a-custom-comparator,183,22,12,641
Delphi,Sorting-algorithms-Bubble-sort,338,55,40,960
Delphi,Sorting-algorithms-Gnome-sort,370,60,45,1022
Delphi,Sorting-algorithms-Insertion-sort,318,51,36,904
Delphi,Sorting-algorithms-Quicksort,1000,144,108,3334
Delphi,Sorting-algorithms-Selection-sort,311,50,35,884
Delphi,Stack,143,25,19,450
Delphi,String-concatenation,55,13,9,142
Delphi,String-matching,97,14,9,310
Delphi,Strip-whitespace-from-a-string-Top-and-tail,84,15,10,298
Delphi,Substring,187,20,15,622
Delphi,Substring-Top-and-tail,116,15,10,440
Delphi,Sum-and-product-of-an-array,139,22,17,384
Delphi,Sum-multiples-of-3-and-5,115,23,17,332
Delphi,Symmetric-difference,267,44,33,811
Delphi,Take-notes-on-the-command-line,206,43,35,671
Delphi,Temperature-conversion,262,42,32,816
Delphi,The-Twelve-Days-of-Christmas,307,41,35,923
Elixir,100-doors,277,31,19,923
Elixir,100-prisoners,288,34,27,969
Elixir,24-game,331,40,34,1037
Elixir,99-bottles-of-beer,222,37,31,695
Elixir,ABC-problem,193,17,14,563
Elixir,Accumulator-factory,82,14,11,254
Elixir,Ackermann-function,104,10,8,234
Elixir,Align-columns,433,36,32,1530
Elixir,Almost-prime,275,24,19,669
Elixir,Anagrams,119,17,14,381
Elixir,Anonymous-recursion,113,14,11,238
Elixir,Anti-primes,283,34,28,858
Elixir,Arbitrary-precision-integers-included-,189,18,15,469
Elixir,Arithmetic-Complex,671,86,69,1763
Elixir,Arithmetic-Integer,277,26,20,991
Elixir,Arithmetic-geometric-mean,89,9,7,204
Elixir,Array-concatenation,133,7,6,190
Elixir,Arrays,27,2,1,75
Elixir,Averages-Mode,169,15,13,419
Elixir,Averages-Pythagorean-means,168,18,16,518
Elixir,Babbage-problem,52,7,5,142
Elixir,Balanced-brackets,271,28,22,791
Elixir,Binary-search,266,23,20,748
Elixir,Bitwise-operations,296,23,20,695
Elixir,Bulls-and-cows,322,43,38,1013
Elixir,CSV-data-manipulation,327,52,40,1128
Elixir,Caesar-cipher,187,19,16,576
Elixir,Case-sensitivity-of-identifiers,41,5,4,108
Elixir,Catalan-numbers,286,24,17,678
Elixir,Check-that-file-exists,28,5,4,92
Elixir,Comma-quibbling,177,17,14,543
Elixir,Count-occurrences-of-a-substring,140,16,13,442
Elixir,Create-a-two-dimensional-array-at-runtime,187,30,21,581
Elixir,Create-an-HTML-table,149,20,17,409
Elixir,Cumulative-standard-deviation,345,44,34,1023
Elixir,Date-format,246,24,18,858
Elixir,Day-of-the-week,59,5,4,156
Elixir,Department-numbers,85,10,8,178
Elixir,Detect-division-by-zero,147,16,14,324
Elixir,Determine-if-a-string-is-numeric,98,11,9,261
Elixir,Digital-root,218,23,19,609
Elixir,Dot-product,125,12,9,382
Elixir,Empty-string,82,17,8,280
Elixir,Entropy,99,15,13,346
Elixir,Ethiopian-multiplication,163,20,14,499
Elixir,Even-or-odd,135,15,9,400
Elixir,Factorial,274,26,15,759
Elixir,Factors-of-an-integer,325,27,21,890
Elixir,Fibonacci-sequence,116,14,11,292
Elixir,Filter,107,7,6,218
Elixir,Five-weekends,262,19,16,783
Elixir,FizzBuzz,87,10,8,225
Elixir,Function-composition,149,12,8,353
Elixir,Gray-code,153,16,12,350
Elixir,Greatest-common-divisor,62,8,6,139
Elixir,Guess-the-number,129,22,19,431
Elixir,Guess-the-number-With-feedback,167,21,19,569
Elixir,Hailstone-sequence,236,24,18,738
Elixir,Happy-numbers,194,28,24,564
Elixir,Harshad-or-Niven-series,139,13,8,389
Elixir,Haversine-formula,191,15,13,451
Elixir,Horners-rule-for-polynomial-evaluation,47,4,2,106
Elixir,Identity-matrix,69,10,8,173
Elixir,Integer-comparison,97,12,10,287
Elixir,Knapsack-problem-0-1,653,62,59,2470
Elixir,Knuth-shuffle,188,23,19,531
Elixir,Last-Friday-of-each-month,146,16,14,442
Elixir,Leap-year,41,3,2,112
Elixir,Least-common-multiple,63,9,6,153
Elixir,Levenshtein-distance,349,29,27,1039
Elixir,Logical-operations,71,15,14,152
Elixir,Look-and-say-sequence,151,24,19,485
Elixir,Loop-over-multiple-arrays-simultaneously,81,6,4,175
Elixir,Loops-Break,76,14,10,214
Elixir,Loops-Continue,59,11,9,170
Elixir,Loops-Do-while,70,11,9,173
Elixir,Loops-For,61,11,9,173
Elixir,Loops-N-plus-one-half,84,11,9,236
Elixir,Loops-Nested,129,24,21,415
Elixir,Loops-While,51,10,8,126
Elixir,Luhn-test-of-credit-card-numbers,161,14,12,479
Elixir,Map-range,103,10,8,211
Elixir,Middle-three-digits,289,31,26,794
Elixir,Monty-Hall-problem,286,24,20,789
Elixir,Multiplication-tables,151,17,15,414
Elixir,Mutual-recursion,103,10,8,256
Elixir,N-queens-problem,354,39,34,1072
Elixir,Nth,147,21,19,493
Elixir,Nth-root,188,14,11,490
Elixir,Number-names,585,49,43,1762
Elixir,Number-reversal-game,248,21,17,865
Elixir,Ordered-words,87,9,8,300
Elixir,Pangram-checker,108,12,10,345
Elixir,Pascals-triangle,91,13,10,275
Elixir,Perfect-numbers,179,14,11,476
Elixir,Pi,198,18,15,402
Elixir,Population-count,237,21,13,726
Elixir,Power-set,289,30,25,715
Elixir,Primality-by-trial-division,124,12,9,319
Elixir,Priority-queue,274,31,24,886
Elixir,Range-expansion,115,13,11,358
Elixir,Range-extraction,343,31,28,1001
Elixir,Real-constants-and-functions,182,17,15,645
Elixir,Roman-numerals-Decode,257,23,20,622
Elixir,Rot-13,287,47,43,1036
Elixir,Run-length-encoding,290,28,24,892
Elixir,Search-a-list,82,8,6,280
Elixir,Set,256,29,21,593
Elixir,Short-circuit-evaluation,165,23,19,432
Elixir,Sierpinski-carpet,181,17,14,537
Elixir,Sierpinski-triangle,135,15,12,354
Elixir,Sieve-of-Eratosthenes,564,54,47,1694
Elixir,Sleep,66,9,7,243
Elixir,Sort-using-a-custom-comparator,110,10,6,431
Elixir,Sorting-algorithms-Bubble-sort,113,12,9,299
Elixir,Sorting-algorithms-Gnome-sort,132,11,8,332
Elixir,Sorting-algorithms-Insertion-sort,113,11,8,353
Elixir,Sorting-algorithms-Quicksort,66,8,7,173
Elixir,Sorting-algorithms-Selection-sort,72,10,8,274
Elixir,Stack,73,13,8,178
Elixir,String-matching,190,29,12,469
Elixir,Strip-whitespace-from-a-string-Top-and-tail,35,5,4,122
Elixir,Substring,154,13,10,377
Elixir,Substring-Top-and-tail,68,9,8,159
Elixir,Sum-and-product-of-an-array,254,19,18,606
Elixir,Sum-digits-of-an-integer,220,18,16,589
Elixir,Sum-multiples-of-3-and-5,117,16,13,257
Elixir,Symmetric-difference,146,9,4,372
Elixir,Take-notes-on-the-command-line,118,16,11,422
Elixir,Temperature-conversion,122,17,13,294
Elixir,The-Twelve-Days-of-Christmas,177,24,21,612
Elixir,Towers-of-Hanoi,137,15,11,290
Elixir,Vector-products,296,22,16,735
Erlang,100-doors,152,17,13,363
Erlang,24-game,613,66,59,1841
Erlang,99-bottles-of-beer,403,40,33,1336
Erlang,ABC-problem,261,17,13,753
Erlang,Accumulator-factory,86,18,15,279
Erlang,Ackermann-function,77,10,8,192
Erlang,Align-columns,521,39,33,1870
Erlang,Almost-prime,273,25,20,663
Erlang,Anagrams,211,30,25,651
Erlang,Anonymous-recursion,147,17,11,351
Erlang,Anti-primes,235,29,22,654
Erlang,Arbitrary-precision-integers-included-,184,21,17,460
Erlang,Arithmetic-Complex,480,59,42,1476
Erlang,Arithmetic-Integer,150,15,12,461
Erlang,Arithmetic-geometric-mean,172,20,14,398
Erlang,Array-concatenation,72,6,5,97
Erlang,Arrays,302,31,12,1031
Erlang,Averages-Mode,245,22,15,658
Erlang,Averages-Pythagorean-means,315,36,24,1096
Erlang,Babbage-problem,88,12,11,222
Erlang,Balanced-brackets,283,30,21,865
Erlang,Binary-search,187,28,21,694
Erlang,Bitwise-operations,156,14,11,370
Erlang,Bulls-and-cows,444,46,30,1503
Erlang,CSV-data-manipulation,390,37,25,1281
Erlang,Caesar-cipher,275,35,22,813
Erlang,Case-sensitivity-of-identifiers,76,10,7,246
Erlang,Catalan-numbers,268,31,23,640
Erlang,Check-that-file-exists,138,13,9,492
Erlang,Comma-quibbling,174,18,11,524
Erlang,Count-occurrences-of-a-substring,34,2,1,121
Erlang,Create-a-two-dimensional-array-at-runtime,234,19,13,637
Erlang,Create-an-HTML-table,257,26,15,900
Erlang,Cumulative-standard-deviation,333,40,28,932
Erlang,Date-format,308,25,22,1031
Erlang,Day-of-the-week,123,13,8,347
Erlang,Detect-division-by-zero,30,6,5,96
Erlang,Determine-if-a-string-is-numeric,40,5,4,151
Erlang,Digital-root,174,15,9,510
Erlang,Dot-product,94,8,5,257
Erlang,Empty-string,80,9,8,242
Erlang,Entropy,178,20,11,646
Erlang,Ethiopian-multiplication,158,26,20,478
Erlang,Even-or-odd,63,14,10,183
Erlang,Factors-of-an-integer,179,18,14,429
Erlang,Fibonacci-sequence,46,6,3,118
Erlang,Filter,33,3,2,93
Erlang,Five-weekends,644,52,40,1957
Erlang,FizzBuzz,230,28,23,749
Erlang,Function-composition,93,7,6,204
Erlang,Gray-code,117,12,8,283
Erlang,Greatest-common-divisor,55,10,5,133
Erlang,Guess-the-number,114,19,14,338
Erlang,Guess-the-number-With-feedback,187,28,23,552
Erlang,Hailstone-sequence,400,29,24,987
Erlang,Happy-numbers,188,19,14,497
Erlang,Harshad-or-Niven-series,293,27,16,829
Erlang,Haversine-formula,221,18,14,526
Erlang,Horners-rule-for-polynomial-evaluation,48,5,4,112
Erlang,Identity-matrix,105,12,6,385
Erlang,Integer-comparison,175,19,17,521
Erlang,JSON,325,42,40,1159
Erlang,Knapsack-problem-0-1,680,72,65,2496
Erlang,Knuth-shuffle,104,15,9,327
Erlang,Last-Friday-of-each-month,254,19,13,743
Erlang,Leap-year,27,5,3,87
Erlang,Least-common-multiple,72,16,10,173
Erlang,Levenshtein-distance,317,36,31,828
Erlang,Logical-operations,41,11,10,121
Erlang,Look-and-say-sequence,205,19,12,582
Erlang,Loop-over-multiple-arrays-simultaneously,41,4,3,111
Erlang,Loops-Break,93,18,14,263
Erlang,Loops-Continue,131,22,16,335
Erlang,Loops-Do-while,72,12,10,162
Erlang,Loops-For,126,25,17,379
Erlang,Loops-N-plus-one-half,75,15,11,204
Erlang,Loops-Nested,207,22,14,672
Erlang,Loops-While,73,13,9,179
Erlang,Luhn-test-of-credit-card-numbers,214,23,17,605
Erlang,Map-range,54,6,4,120
Erlang,Middle-three-digits,253,40,35,667
Erlang,Monty-Hall-problem,254,28,23,791
Erlang,Multiplication-tables,247,25,16,599
Erlang,Mutual-recursion,143,14,10,324
Erlang,N-queens-problem,997,84,59,2779
Erlang,Nth-root,73,7,6,255
Erlang,Number-names,661,78,72,1677
Erlang,Number-reversal-game,300,24,16,961
Erlang,Ordered-words,220,22,14,800
Erlang,Palindrome-detection,169,19,11,556
Erlang,Pangram-checker,49,6,4,150
Erlang,Parsing-RPN-calculator-algorithm,374,44,35,1266
Erlang,Pascals-triangle,69,9,7,162
Erlang,Perfect-numbers,33,3,2,81
Erlang,Pi,231,30,22,467
Erlang,Population-count,360,51,41,973
Erlang,Power-set,64,7,5,168
Erlang,Primality-by-trial-division,85,8,6,229
Erlang,Priority-queue,292,29,19,906
Erlang,Range-expansion,146,15,8,431
Erlang,Range-extraction,407,22,14,1056
Erlang,Real-constants-and-functions,380,36,29,869
Erlang,Reverse-a-string,37,5,4,105
Erlang,Roman-numerals-Decode,206,21,17,556
Erlang,Rot-13,99,7,6,238
Erlang,Run-length-encoding,434,47,39,1378
Erlang,Search-a-list,198,16,12,582
Erlang,Short-circuit-evaluation,185,23,15,528
Erlang,Sierpinski-carpet,174,20,15,447
Erlang,Sierpinski-triangle,111,12,9,308
Erlang,Sieve-of-Eratosthenes,391,34,26,1104
Erlang,Sleep,41,7,6,130
Erlang,Sort-using-a-custom-comparator,176,13,7,585
Erlang,Sorting-algorithms-Bubble-sort,164,17,11,480
Erlang,Sorting-algorithms-Gnome-sort,87,10,8,211
Erlang,Sorting-algorithms-Insertion-sort,72,9,6,189
Erlang,Sorting-algorithms-Quicksort,319,21,18,785
Erlang,Sorting-algorithms-Selection-sort,115,17,15,345
Erlang,Stack,117,15,14,282
Erlang,String-concatenation,37,5,4,91
Erlang,String-matching,256,29,17,836
Erlang,Strip-whitespace-from-a-string-Top-and-tail,87,10,6,323
Erlang,Substring-Top-and-tail,101,9,8,316
Erlang,Sum-and-product-of-an-array,52,7,3,131
Erlang,Sum-digits-of-an-integer,96,16,12,289
Erlang,Sum-multiples-of-3-and-5,131,9,7,269
Erlang,Symmetric-difference,107,12,9,349
Erlang,Take-notes-on-the-command-line,191,25,16,676
Erlang,Temperature-conversion,131,16,11,328
Erlang,The-Twelve-Days-of-Christmas,273,21,16,927
Erlang,Towers-of-Hanoi,78,7,6,152
Erlang,Vector-products,254,22,21,568
F#,100-doors,75,9,8,189
F#,100-prisoners,440,38,31,1679
F#,24-game,1468,107,93,4839
F#,99-bottles-of-beer,141,13,12,460
F#,ABC-problem,314,31,27,1141
F#,Accumulator-factory,199,21,17,521
F#,Ackermann-function,105,8,7,254
F#,Align-columns,371,34,27,1265
F#,Almost-prime,173,20,15,477
F#,Anagrams,127,9,8,353
F#,Anonymous-recursion,69,6,4,161
F#,Anti-primes,50,2,1,133
F#,Arbitrary-precision-integers-included-,95,7,6,279
F#,Arithmetic-Complex,468,46,39,1591
F#,Arithmetic-Integer,73,5,4,176
F#,Arithmetic-geometric-mean,67,6,4,161
F#,Array-concatenation,41,5,4,76
F#,Arrays,126,16,15,404
F#,Averages-Arithmetic-mean,76,5,4,139
F#,Averages-Mode,184,11,10,788
F#,Averages-Pythagorean-means,217,19,14,582
F#,Babbage-problem,38,4,3,100
F#,Balanced-brackets,169,23,16,576
F#,Binary-search,117,13,11,406
F#,Bitwise-operations,140,10,8,352
F#,Bulls-and-cows,469,69,58,1749
F#,CSV-data-manipulation,98,15,13,373
F#,Caesar-cipher,95,14,11,350
F#,Case-sensitivity-of-identifiers,41,5,4,121
F#,Catalan-numbers,54,2,1,121
F#,Check-that-file-exists,27,6,5,118
F#,Classes,108,16,12,380
F#,Comma-quibbling,115,15,12,342
F#,Count-occurrences-of-a-substring,133,17,13,458
F#,Create-a-two-dimensional-array-at-runtime,56,8,6,169
F#,Create-an-HTML-table,389,45,39,1403
F#,Date-format,52,6,5,159
F#,Day-of-the-week,52,6,4,145
F#,Department-numbers,144,5,3,365
F#,Detect-division-by-zero,82,10,7,251
F#,Digital-root,90,8,5,297
F#,Dot-product,63,4,3,208
F#,Empty-string,80,9,7,273
F#,Entropy,90,12,8,269
F#,Ethiopian-multiplication,98,10,9,287
F#,Factorial,102,7,1,293
F#,Factors-of-an-integer,70,7,6,282
F#,Fibonacci-sequence,87,10,9,210
F#,Filter,47,5,3,94
F#,Five-weekends,336,35,27,1094
F#,FizzBuzz,90,9,8,256
F#,Function-composition,39,7,4,108
F#,Gray-code,76,3,1,177
F#,Greatest-common-divisor,97,6,4,254
F#,Guess-the-number-With-feedback,222,31,25,1062
F#,Hailstone-sequence,188,15,12,528
F#,Happy-numbers,384,30,27,2056
F#,Harshad-or-Niven-series,183,21,17,541
F#,Haversine-formula,278,26,18,684
F#,Horners-rule-for-polynomial-evaluation,40,5,3,94
F#,Identity-matrix,320,12,11,522
F#,Integer-comparison,109,9,8,316
F#,JSON,86,8,6,266
F#,Knapsack-problem-0-1,437,23,20,1258
F#,Knuth-shuffle,131,11,10,622
F#,Leap-year,48,6,5,148
F#,Least-common-multiple,38,4,2,90
F#,Levenshtein-distance,316,33,24,1010
F#,Logical-operations,87,7,5,245
F#,Look-and-say-sequence,148,21,17,392
F#,Loop-over-multiple-arrays-simultaneously,51,4,3,90
F#,Loops-Break,58,5,3,150
F#,Loops-Continue,127,6,5,306
F#,Loops-Do-while,35,2,1,95
F#,Loops-For,46,9,8,134
F#,Loops-N-plus-one-half,60,11,9,193
F#,Loops-Nested,94,6,4,255
F#,Loops-While,29,3,2,70
F#,Luhn-test-of-credit-card-numbers,94,8,7,198
F#,Map-range,107,7,4,215
F#,Monty-Hall-problem,352,33,23,1232
F#,Multiplication-tables,169,20,17,605
F#,Mutual-recursion,65,9,8,142
F#,N-queens-problem,318,43,31,1133
F#,Nth,143,16,12,389
F#,Nth-root,196,22,20,561
F#,Number-names,539,59,46,1542
F#,Number-reversal-game,210,22,16,638
F#,Ordered-words,97,14,10,333
F#,Palindrome-detection,56,7,6,192
F#,Pangram-checker,29,2,1,75
F#,Parsing-RPN-calculator-algorithm,220,24,20,639
F#,Pascals-triangle,133,6,4,335
F#,Perfect-numbers,58,4,2,144
F#,Pi,193,15,11,423
F#,Population-count,195,6,4,485
F#,Power-set,34,5,4,96
F#,Primality-by-trial-division,157,19,16,566
F#,Priority-queue,1153,104,78,4411
F#,Range-expansion,212,24,15,703
F#,Range-extraction,295,25,18,859
F#,Real-constants-and-functions,170,16,13,594
F#,Reverse-a-string,74,4,2,268
F#,Roman-numerals-Decode,178,17,16,522
F#,Rot-13,114,10,9,293
F#,Run-length-encoding,221,19,14,841
F#,Search-a-list,62,5,1,323
F#,Set,446,27,24,959
F#,Short-circuit-evaluation,113,8,6,266
F#,Sierpinski-carpet,134,17,12,403
F#,Sierpinski-triangle,112,14,12,343
F#,Sieve-of-Eratosthenes,358,18,16,937
F#,Sleep,57,11,9,233
F#,Sort-using-a-custom-comparator,95,11,7,306
F#,Sorting-algorithms-Bubble-sort,100,9,8,339
F#,Sorting-algorithms-Gnome-sort,108,10,9,258
F#,Sorting-algorithms-Insertion-sort,162,15,10,596
F#,Sorting-algorithms-Quicksort,47,6,5,165
F#,Sorting-algorithms-Selection-sort,72,10,9,277
F#,Stack,150,21,15,495
F#,String-concatenation,53,11,9,179
F#,String-matching,305,25,22,952
F#,Strip-whitespace-from-a-string-Top-and-tail,55,7,6,150
F#,Substring,133,14,12,333
F#,Substring-Top-and-tail,78,8,7,192
F#,Sum-and-product-of-an-array,28,4,3,99
F#,Sum-digits-of-an-integer,154,19,15,404
F#,Sum-multiples-of-3-and-5,183,14,8,438
F#,Symmetric-difference,103,9,6,277
F#,Take-notes-on-the-command-line,166,24,19,636
F#,Temperature-conversion,210,17,11,551
F#,The-Twelve-Days-of-Christmas,247,30,26,783
F#,Towers-of-Hanoi,124,13,11,383
F#,Vector-products,229,23,18,524
Fortran,100-doors,143,21,16,397
Fortran,100-prisoners,1456,155,85,5554
Fortran,24-game,1588,211,143,5763
Fortran,99-bottles-of-beer,213,29,16,811
Fortran,Accumulator-factory,599,80,51,1800
Fortran,Ackermann-function,176,28,20,471
Fortran,Align-columns,1600,95,64,4874
Fortran,Almost-prime,287,46,34,966
Fortran,Anagrams,1422,176,92,6074
Fortran,Anonymous-recursion,127,19,17,383
Fortran,Anti-primes,275,37,29,888
Fortran,Arbitrary-precision-integers-included-,106,13,8,288
Fortran,Arithmetic-Complex,454,29,17,1587
Fortran,Arithmetic-Integer,146,15,14,444
Fortran,Arithmetic-geometric-mean,131,16,15,340
Fortran,Array-concatenation,175,18,10,445
Fortran,Averages-Arithmetic-mean,351,21,11,1266
Fortran,Averages-Mode,914,99,67,2944
Fortran,Averages-Pythagorean-means,126,17,12,312
Fortran,Babbage-problem,59,11,9,152
Fortran,Balanced-brackets,705,98,64,2156
Fortran,Binary-search,398,21,18,1099
Fortran,Bitwise-operations,332,9,8,942
Fortran,Bulls-and-cows,643,85,58,1997
Fortran,CSV-data-manipulation,793,108,79,2839
Fortran,Caesar-cipher,345,44,25,1090
Fortran,Case-sensitivity-of-identifiers,95,17,11,297
Fortran,Catalan-numbers,278,45,21,1279
Fortran,Check-that-file-exists,46,5,3,231
Fortran,Classes,1246,180,100,5498
Fortran,Comma-quibbling,1049,67,53,3248
Fortran,Count-occurrences-of-a-substring,200,29,20,528
Fortran,Create-a-two-dimensional-array-at-runtime,130,21,13,421
Fortran,Cumulative-standard-deviation,1284,75,70,3980
Fortran,Date-format,469,70,37,1387
Fortran,Day-of-the-week,230,31,22,575
Fortran,Department-numbers,266,12,11,775
Fortran,Detect-division-by-zero,289,42,20,1076
Fortran,Determine-if-a-string-is-numeric,64,10,8,210
Fortran,Digital-root,232,32,26,564
Fortran,Dot-product,40,6,3,114
Fortran,Empty-string,120,12,6,424
Fortran,Entropy,553,59,25,1606
Fortran,Ethiopian-multiplication,406,59,41,1295
Fortran,Even-or-odd,677,79,42,1810
Fortran,Factorial,71,12,11,204
Fortran,Factors-of-an-integer,149,21,15,433
Fortran,Fibonacci-sequence,193,23,20,374
Fortran,Filter,246,44,31,910
Fortran,Five-weekends,542,58,45,1452
Fortran,FizzBuzz,103,12,10,308
Fortran,Function-composition,412,80,57,1557
Fortran,Gray-code,393,47,35,1011
Fortran,Greatest-common-divisor,72,11,9,231
Fortran,Guess-the-number,246,35,20,887
Fortran,Guess-the-number-With-feedback,221,28,22,749
Fortran,Hailstone-sequence,443,50,37,1234
Fortran,Happy-numbers,353,68,54,1229
Fortran,Harshad-or-Niven-series,436,45,28,1160
Fortran,Haversine-formula,350,35,23,1106
Fortran,Horners-rule-for-polynomial-evaluation,166,15,10,387
Fortran,Identity-matrix,57,10,7,165
Fortran,Integer-comparison,94,10,7,249
Fortran,JSON,425,49,21,1458
Fortran,Knuth-shuffle,258,34,22,707
Fortran,Last-Friday-of-each-month,205,14,13,436
Fortran,Leap-year,108,18,10,324
Fortran,Least-common-multiple,85,15,13,292
Fortran,Levenshtein-distance,456,39,25,1637
Fortran,Logical-operations,197,20,8,794
Fortran,Look-and-say-sequence,212,32,18,641
Fortran,Loop-over-multiple-arrays-simultaneously,115,16,9,373
Fortran,Loops-Break,286,32,24,720
Fortran,Loops-Continue,66,9,7,163
Fortran,Loops-Do-while,62,8,7,150
Fortran,Loops-For,41,5,4,80
Fortran,Loops-N-plus-one-half,59,9,8,133
Fortran,Loops-Nested,772,77,48,2391
Fortran,Loops-While,83,13,11,225
Fortran,Luhn-test-of-credit-card-numbers,330,38,24,878
Fortran,Map-range,154,22,14,360
Fortran,Middle-three-digits,727,74,39,2232
Fortran,Monty-Hall-problem,381,47,28,1303
Fortran,Multiplication-tables,216,11,8,622
Fortran,Mutual-recursion,139,25,21,429
Fortran,N-queens-problem,716,102,88,2086
Fortran,Nth,1076,92,49,3572
Fortran,Nth-root,289,43,30,787
Fortran,Number-names,679,68,60,1950
Fortran,Number-reversal-game,379,55,42,1099
Fortran,Ordered-words,736,114,55,4096
Fortran,Palindrome-detection,99,15,8,307
Fortran,Pangram-checker,293,49,30,1078
Fortran,Parsing-RPN-calculator-algorithm,875,49,36,2787
Fortran,Pascals-triangle,179,27,17,479
Fortran,Perfect-numbers,108,13,11,301
Fortran,Pi,377,49,39,1443
Fortran,Population-count,365,52,42,901
Fortran,Primality-by-trial-division,137,20,18,430
Fortran,Priority-queue,679,102,66,2186
Fortran,Range-expansion,1480,101,76,5219
Fortran,Range-extraction,959,60,47,2999
Fortran,Real-constants-and-functions,124,11,9,399
Fortran,Reverse-a-string,124,17,11,384
Fortran,Roman-numerals-Decode,262,42,27,777
Fortran,Rot-13,464,59,38,1407
Fortran,Run-length-encoding,520,60,37,1620
Fortran,Search-a-list,212,36,24,628
Fortran,Short-circuit-evaluation,367,52,40,1035
Fortran,Sierpinski-carpet,279,43,34,751
Fortran,Sierpinski-triangle,214,30,21,608
Fortran,Sieve-of-Eratosthenes,220,20,15,541
Fortran,Sleep,116,19,12,377
Fortran,Sort-using-a-custom-comparator,169,27,18,549
Fortran,Sorting-algorithms-Bubble-sort,147,20,18,394
Fortran,Sorting-algorithms-Gnome-sort,626,97,62,1744
Fortran,Sorting-algorithms-Insertion-sort,128,16,15,314
Fortran,Sorting-algorithms-Quicksort,419,58,43,1444
Fortran,Sorting-algorithms-Selection-sort,219,28,18,609
Fortran,Stack,704,112,86,2357
Fortran,String-concatenation,58,11,6,204
Fortran,String-matching,587,63,42,2323
Fortran,Strip-whitespace-from-a-string-Top-and-tail,238,30,15,777
Fortran,Substring,260,25,13,955
Fortran,Substring-Top-and-tail,65,12,7,213
Fortran,Sum-and-product-of-an-array,42,6,4,116
Fortran,Sum-digits-of-an-integer,765,92,45,2255
Fortran,Sum-multiples-of-3-and-5,685,40,35,1963
Fortran,Symmetric-difference,220,23,16,647
Fortran,Take-notes-on-the-command-line,294,30,23,981
Fortran,Temperature-conversion,224,27,16,627
Fortran,The-Twelve-Days-of-Christmas,304,33,12,1056
Fortran,Towers-of-Hanoi,1375,141,73,4976
Fortran,Vector-products,341,40,23,942
GDScript,100-doors,169,24,14,601
GDScript,100-prisoners,436,66,44,1638
GDScript,99-bottles-of-beer,256,25,18,881
GDScript,Arithmetic-Integer,160,30,24,530
GDScript,Balanced-brackets,247,41,31,989
GDScript,FizzBuzz,75,15,12,205
GDScript,Loop-over-multiple-arrays-simultaneously,169,20,15,587
GDScript,Loops-Break,74,16,11,218
GDScript,Loops-Continue,54,12,8,162
GDScript,Map-range,92,6,4,187
GDScript,Sorting-algorithms-Bubble-sort,172,26,18,685
GDScript,Stack,132,26,17,483
GDScript,String-concatenation,44,12,7,171
GDScript,String-matching,76,15,10,332
Gleam,Ackermann-function,178,21,19,411
Gleam,Arithmetic-Integer,202,21,16,631
Gleam,Array-concatenation,66,12,10,193
Gleam,Date-format,67,11,9,227
Gleam,Detect-division-by-zero,182,24,18,581
Gleam,Determine-if-a-string-is-numeric,53,10,8,188
Gleam,Digital-root,366,50,42,1088
Gleam,Dot-product,191,19,16,559
Gleam,Empty-string,43,9,6,154
Gleam,Ethiopian-multiplication,218,30,23,621
Gleam,Even-or-odd,65,16,13,184
Gleam,Factorial,35,7,6,80
Gleam,Fibonacci-sequence,81,11,9,216
Gleam,Filter,62,8,6,120
Gleam,FizzBuzz,111,19,16,301
Gleam,Function-composition,82,9,7,192
Gleam,Greatest-common-divisor,93,20,16,265
Gleam,Look-and-say-sequence,128,18,15,401
Gleam,Luhn-test-of-credit-card-numbers,239,26,23,607
Gleam,Multiplication-tables,184,22,19,505
Gleam,Nth,188,25,21,461
Gleam,Set,155,21,19,547
Gleam,Sorting-algorithms-Quicksort,173,20,17,495
Gleam,Stack,246,39,25,804
Gleam,Sum-and-product-of-an-array,77,11,9,239
Gleam,Sum-digits-of-an-integer,173,23,19,502
Gleam,Sum-multiples-of-3-and-5,142,18,14,388
Gleam,Symmetric-difference,113,12,10,376
Gleam,Temperature-conversion,162,25,20,477
Gleam,Vector-products,477,55,46,1319
Go,100-doors,97,21,16,375
Go,100-prisoners,467,68,61,1990
Go,24-game,449,69,66,1726
Go,99-bottles-of-beer,678,81,67,2169
Go,ABC-problem,260,40,35,794
Go,Accumulator-factory,167,35,31,707
Go,Ackermann-function,118,16,15,302
Go,Align-columns,414,62,54,1478
Go,Almost-prime,173,37,32,540
Go,Anagrams,297,48,43,1006
Go,Anonymous-recursion,303,46,40,933
Go,Anti-primes,165,32,28,528
Go,Arbitrary-precision-integers-included-,117,20,17,304
Go,Arithmetic-Complex,135,19,16,347
Go,Arithmetic-Integer,338,30,17,923
Go,Arithmetic-geometric-mean,93,20,15,253
Go,Array-concatenation,456,58,48,1491
Go,Arrays,491,64,29,1819
Go,Averages-Arithmetic-mean,523,66,53,1698
Go,Averages-Mode,313,58,45,1143
Go,Averages-Pythagorean-means,132,19,16,336
Go,Babbage-problem,109,21,18,412
Go,Balanced-brackets,266,55,49,958
Go,Binary-search,98,13,12,322
Go,Bitwise-operations,334,39,26,974
Go,Bulls-and-cows,450,69,60,1847
Go,CSV-data-manipulation,284,59,52,971
Go,Caesar-cipher,432,60,53,1420
Go,Case-sensitivity-of-identifiers,445,48,30,1469
Go,Catalan-numbers,192,28,24,613
Go,Check-that-file-exists,106,25,21,388
Go,Classes,471,51,26,1881
Go,Comma-quibbling,175,31,27,568
Go,Count-occurrences-of-a-substring,58,11,9,217
Go,Create-a-two-dimensional-array-at-runtime,55,7,5,157
Go,Create-an-HTML-table,219,37,27,664
Go,Cumulative-standard-deviation,137,24,20,375
Go,Date-format,49,10,7,169
Go,Day-of-the-week,87,14,11,274
Go,Department-numbers,161,22,19,554
Go,Detect-division-by-zero,74,17,13,232
Go,Determine-if-a-string-is-numeric,143,29,25,470
Go,Digital-root,564,69,57,1456
Go,Dot-product,165,31,26,453
Go,Empty-string,111,24,17,391
Go,Entropy,121,26,21,412
Go,Ethiopian-multiplication,128,23,16,378
Go,Even-or-odd,333,49,39,1070
Go,Factorial,103,23,19,306
Go,Factors-of-an-integer,351,53,49,1060
Go,Fibonacci-sequence,89,16,14,229
Go,Filter,260,41,33,932
Go,Five-weekends,451,51,45,1622
Go,FizzBuzz,85,19,16,317
Go,Function-composition,85,12,6,360
Go,Gray-code,139,24,19,380
Go,Greatest-common-divisor,82,16,12,239
Go,Guess-the-number,132,24,21,476
Go,Guess-the-number-With-feedback,172,30,26,646
Go,Hailstone-sequence,651,69,43,2267
Go,Happy-numbers,146,30,26,363
Go,Harshad-or-Niven-series,225,48,42,712
Go,Haversine-formula,212,31,23,588
Go,Horners-rule-for-polynomial-evaluation,87,15,11,227
Go,Identity-matrix,91,20,15,257
Go,Integer-comparison,145,27,24,420
Go,JSON,373,60,51,1392
Go,Knapsack-problem-0-1,471,58,51,1174
Go,Knuth-shuffle,345,49,31,1285
Go,Last-Friday-of-each-month,161,23,20,430
Go,Leap-year,32,4,3,88
Go,Least-common-multiple,106,18,13,290
Go,Levenshtein-distance,263,39,34,795
Go,Logical-operations,372,36,9,892
Go,Look-and-say-sequence,157,32,28,477
Go,Loop-over-multiple-arrays-simultaneously,88,14,10,203
Go,Loops-Break,77,19,16,279
Go,Loops-Continue,62,15,12,216
Go,Loops-Do-while,42,15,12,182
Go,Loops-For,56,13,10,177
Go,Loops-N-plus-one-half,51,15,12,194
Go,Loops-Nested,164,33,28,595
Go,Loops-While,28,6,5,57
Go,Luhn-test-of-credit-card-numbers,202,36,30,579
Go,Map-range,317,38,30,925
Go,Middle-three-digits,415,60,55,1281
Go,Monty-Hall-problem,251,28,24,723
Go,Multiplication-tables,157,28,25,494
Go,Mutual-recursion,132,24,20,339
Go,N-queens-problem,1247,137,107,3157
Go,Nth,209,38,34,645
Go,Nth-root,445,66,55,1159
Go,Number-names,451,59,52,1166
Go,Number-reversal-game,289,44,41,968
Go,Ordered-words,319,58,43,1390
Go,Palindrome-detection,73,11,10,195
Go,Pangram-checker,221,38,33,692
Go,Parsing-RPN-calculator-algorithm,330,44,40,1269
Go,Pascals-triangle,245,43,35,801
Go,Perfect-numbers,211,38,29,724
Go,Pi,578,84,69,1528
Go,Population-count,118,14,13,290
Go,Power-set,919,142,110,3170
Go,Primality-by-trial-division,90,16,14,235
Go,Priority-queue,271,44,32,870
Go,Range-expansion,382,65,61,1688
Go,Range-extraction,433,56,52,1260
Go,Real-constants-and-functions,645,55,29,2288
Go,Reverse-a-string,538,77,63,1899
Go,Roman-numerals-Decode,608,85,72,2257
Go,Rot-13,135,24,19,389
Go,Run-length-encoding,476,72,63,1504
Go,Search-a-list,345,15,13,853
Go,Set,982,134,100,2797
Go,Short-circuit-evaluation,169,33,25,530
Go,Sierpinski-carpet,173,29,23,662
Go,Sierpinski-triangle,156,27,23,515
Go,Sieve-of-Eratosthenes,373,61,52,1145
Go,Sleep,71,14,11,269
Go,Sort-using-a-custom-comparator,172,28,22,568
Go,Sorting-algorithms-Bubble-sort,173,30,25,590
Go,Sorting-algorithms-Gnome-sort,151,28,24,451
Go,Sorting-algorithms-Insertion-sort,153,24,19,429
Go,Sorting-algorithms-Quicksort,730,94,66,3202
Go,Sorting-algorithms-Selection-sort,169,27,22,491
Go,String-concatenation,107,22,9,486
Go,String-matching,226,31,27,778
Go,Strip-whitespace-from-a-string-Top-and-tail,130,23,17,504
Go,Substring,316,30,21,1010
Go,Substring-Top-and-tail,218,24,19,785
Go,Sum-and-product-of-an-array,64,15,10,198
Go,Sum-digits-of-an-integer,316,52,44,856
Go,Sum-multiples-of-3-and-5,237,32,27,630
Go,Symmetric-difference,131,22,18,422
Go,Take-notes-on-the-command-line,284,50,44,872
Go,Temperature-conversion,173,28,25,505
Go,The-Twelve-Days-of-Christmas,233,26,20,728
Go,Towers-of-Hanoi,279,43,25,1080
Go,Vector-products,226,37,28,610
Groovy,100-doors,55,6,5,132
Groovy,100-prisoners,460,62,53,1935
Groovy,24-game,407,68,51,1626
Groovy,99-bottles-of-beer,89,11,9,236
Groovy,ABC-problem,92,13,10,375
Groovy,Accumulator-factory,94,24,16,361
Groovy,Ackermann-function,66,5,4,155
Groovy,Align-columns,203,15,12,810
Groovy,Almost-prime,177,35,34,655
Groovy,Anagrams,96,6,5,347
Groovy,Anonymous-recursion,50,10,8,152
Groovy,Anti-primes,94,16,14,362
Groovy,Arbitrary-precision-integers-included-,51,7,4,167
Groovy,Arithmetic-Complex,819,65,57,2144
Groovy,Arithmetic-Integer,219,15,13,656
Groovy,Arithmetic-geometric-mean,69,6,5,151
Groovy,Array-concatenation,29,2,1,61
Groovy,Arrays,68,8,5,209
Groovy,Averages-Mode,73,7,6,227
Groovy,Averages-Pythagorean-means,132,24,21,490
Groovy,Babbage-problem,71,7,6,158
Groovy,Balanced-brackets,147,12,11,503
Groovy,Binary-search,127,18,17,410
Groovy,Bitwise-operations,158,12,11,363
Groovy,Bulls-and-cows,330,47,44,1464
Groovy,CSV-data-manipulation,101,9,7,321
Groovy,Caesar-cipher,90,8,7,279
Groovy,Case-sensitivity-of-identifiers,51,3,2,165
Groovy,Catalan-numbers,115,24,22,459
Groovy,Check-that-file-exists,34,5,4,148
Groovy,Classes,98,16,9,409
Groovy,Comma-quibbling,80,5,4,244
Groovy,Count-occurrences-of-a-substring,70,5,4,183
Groovy,Create-a-two-dimensional-array-at-runtime,137,20,13,384
Groovy,Create-an-HTML-table,127,21,18,517
Groovy,Cumulative-standard-deviation,88,14,11,267
Groovy,Date-format,34,3,2,118
Groovy,Day-of-the-week,42,2,1,123
Groovy,Department-numbers,166,21,20,643
Groovy,Detect-division-by-zero,45,5,4,160
Groovy,Determine-if-a-string-is-numeric,65,10,6,273
Groovy,Digital-root,226,27,25,923
Groovy,Dot-product,43,5,4,129
Groovy,Empty-string,32,6,4,97
Groovy,Entropy,148,12,10,417
Groovy,Even-or-odd,31,3,2,80
Groovy,Factorial,36,2,1,79
Groovy,Factors-of-an-integer,150,14,9,438
Groovy,Fibonacci-sequence,106,7,5,188
Groovy,Filter,30,2,1,50
Groovy,Five-weekends,58,5,4,238
Groovy,FizzBuzz,36,2,1,81
Groovy,Function-composition,72,9,6,203
Groovy,Gray-code,233,22,20,598
Groovy,Greatest-common-divisor,49,2,1,107
Groovy,Guess-the-number,80,11,10,314
Groovy,Guess-the-number-With-feedback,205,21,18,869
Groovy,Hailstone-sequence,90,8,6,247
Groovy,Happy-numbers,113,16,14,391
Groovy,Harshad-or-Niven-series,191,38,37,625
Groovy,Haversine-formula,185,17,12,455
Groovy,Horners-rule-for-polynomial-evaluation,260,24,18,785
Groovy,Identity-matrix,31,6,5,115
Groovy,Integer-comparison,53,4,3,126
Groovy,JSON,254,14,13,865
Groovy,Knapsack-problem-0-1,135,12,11,374
Groovy,Knuth-shuffle,76,11,10,230
Groovy,Last-Friday-of-each-month,47,4,3,139
Groovy,Leap-year,25,2,1,80
Groovy,Least-common-multiple,148,12,9,302
Groovy,Levenshtein-distance,266,20,17,693
Groovy,Logical-operations,104,10,9,236
Groovy,Look-and-say-sequence,61,8,7,219
Groovy,Loop-over-multiple-arrays-simultaneously,80,7,6,200
Groovy,Loops-Break,52,10,8,179
Groovy,Loops-Continue,39,9,8,112
Groovy,Loops-Do-while,32,7,6,75
Groovy,Loops-For,29,7,6,83
Groovy,Loops-N-plus-one-half,28,6,5,72
Groovy,Loops-Nested,117,23,20,361
Groovy,Loops-While,26,6,5,56
Groovy,Luhn-test-of-credit-card-numbers,85,9,7,284
Groovy,Map-range,97,8,6,188
Groovy,Middle-three-digits,117,9,8,329
Groovy,Multiplication-tables,152,20,12,458
Groovy,Mutual-recursion,60,4,3,153
Groovy,N-queens-problem,201,25,20,618
Groovy,Nth-root,198,22,19,469
Groovy,Number-names,849,76,68,3009
Groovy,Number-reversal-game,112,16,13,381
Groovy,Ordered-words,105,10,7,386
Groovy,Palindrome-detection,49,6,5,129
Groovy,Parsing-RPN-calculator-algorithm,175,20,18,641
Groovy,Pascals-triangle,55,5,4,152
Groovy,Perfect-numbers,52,4,3,138
Groovy,Pi,179,11,9,388
Groovy,Power-set,58,7,5,203
Groovy,Primality-by-trial-division,54,8,6,138
Groovy,Priority-queue,135,19,15,506
Groovy,Range-expansion,40,4,3,126
Groovy,Range-extraction,161,13,10,445
Groovy,Reverse-a-string,142,16,14,490
Groovy,Roman-numerals-Decode,177,21,17,626
Groovy,Rot-13,110,13,12,377
Groovy,Run-length-encoding,117,16,14,407
Groovy,Search-a-list,138,14,13,477
Groovy,Set,319,20,19,945
Groovy,Short-circuit-evaluation,125,16,13,339
Groovy,Sierpinski-carpet,162,20,15,520
Groovy,Sierpinski-triangle,188,17,15,492
Groovy,Sieve-of-Eratosthenes,101,12,11,308
Groovy,Sleep,54,13,12,190
Groovy,Sort-using-a-custom-comparator,43,6,5,165
Groovy,Sorting-algorithms-Bubble-sort,114,10,7,308
Groovy,Sorting-algorithms-Gnome-sort,132,13,10,363
Groovy,Sorting-algorithms-Insertion-sort,91,14,12,291
Groovy,Stack,162,38,25,615
Groovy,String-concatenation,27,6,4,84
Groovy,String-matching,196,24,20,647
Groovy,Strip-whitespace-from-a-string-Top-and-tail,140,23,15,530
Groovy,Substring,142,22,13,372
Groovy,Substring-Top-and-tail,43,8,7,148
Groovy,Sum-and-product-of-an-array,48,3,2,98
Groovy,Sum-digits-of-an-integer,139,10,9,358
Groovy,Sum-multiples-of-3-and-5,55,5,4,162
Groovy,Symmetric-difference,688,94,75,2042
Groovy,Take-notes-on-the-command-line,50,7,6,162
Groovy,Temperature-conversion,115,13,12,308
Groovy,The-Twelve-Days-of-Christmas,196,13,12,664
Groovy,Towers-of-Hanoi,166,18,13,501
Groovy,Vector-products,139,17,13,349
Haskell,100-doors,84,7,5,216
Haskell,100-prisoners,845,76,58,2961
Haskell,24-game,494,54,46,1666
Haskell,99-bottles-of-beer,195,32,27,695
Haskell,ABC-problem,212,39,30,746
Haskell,Accumulator-factory,110,18,15,376
Haskell,Ackermann-function,122,11,6,360
Haskell,Align-columns,368,36,32,1112
Haskell,Almost-prime,357,28,18,905
Haskell,Anagrams,101,11,8,298
Haskell,Anonymous-recursion,62,8,7,203
Haskell,Anti-primes,226,29,21,739
Haskell,Arbitrary-precision-integers-included-,79,8,7,191
Haskell,Arithmetic-Complex,190,15,11,512
Haskell,Arithmetic-Integer,311,16,15,785
Haskell,Arithmetic-geometric-mean,227,21,13,706
Haskell,Arrays,60,8,6,196
Haskell,Averages-Arithmetic-mean,32,4,3,93
Haskell,Averages-Mode,79,7,5,251
Haskell,Averages-Pythagorean-means,180,22,14,634
Haskell,Babbage-problem,158,19,16,517
Haskell,Balanced-brackets,263,31,24,843
Haskell,Binary-search,326,51,45,1103
Haskell,Bitwise-operations,189,25,20,634
Haskell,Bulls-and-cows,427,51,42,1670
Haskell,CSV-data-manipulation,389,50,26,1376
Haskell,Caesar-cipher,183,25,18,633
Haskell,Case-sensitivity-of-identifiers,53,7,5,166
Haskell,Catalan-numbers,102,10,8,245
Haskell,Check-that-file-exists,107,18,15,397
Haskell,Classes,279,34,16,1166
Haskell,Comma-quibbling,169,26,20,657
Haskell,Count-occurrences-of-a-substring,93,10,9,274
Haskell,Create-a-two-dimensional-array-at-runtime,35,4,2,81
Haskell,Create-an-HTML-table,355,53,47,1203
Haskell,Cumulative-standard-deviation,296,29,20,750
Haskell,Date-format,107,12,9,376
Haskell,Day-of-the-week,197,30,27,573
Haskell,Department-numbers,84,9,8,236
Haskell,Detect-division-by-zero,32,4,3,131
Haskell,Determine-if-a-string-is-numeric,77,11,8,256
Haskell,Digital-root,558,64,45,1755
Haskell,Dot-product,94,13,10,258
Haskell,Empty-string,90,11,5,322
Haskell,Entropy,85,13,10,264
Haskell,Ethiopian-multiplication,298,34,25,872
Haskell,Even-or-odd,59,12,8,170
Haskell,Factorial,28,3,2,62
Haskell,Factors-of-an-integer,67,12,10,183
Haskell,Fibonacci-sequence,51,7,6,119
Haskell,Five-weekends,1239,105,69,4147
Haskell,FizzBuzz,110,13,10,301
Haskell,Function-composition,30,4,3,77
Haskell,Gray-code,226,24,18,648
Haskell,Greatest-common-divisor,57,6,5,125
Haskell,Guess-the-number,131,17,11,463
Haskell,Guess-the-number-With-feedback,216,24,16,794
Haskell,Hailstone-sequence,216,33,25,791
Haskell,Happy-numbers,152,20,17,450
Haskell,Harshad-or-Niven-series,115,14,10,351
Haskell,Haversine-formula,332,48,37,1205
Haskell,Horners-rule-for-polynomial-evaluation,54,5,3,113
Haskell,Identity-matrix,43,5,4,113
Haskell,Integer-comparison,79,11,9,215
Haskell,JSON,132,18,13,556
Haskell,Knapsack-problem-0-1,262,14,11,711
Haskell,Knuth-shuffle,242,23,18,664
Haskell,Last-Friday-of-each-month,215,27,22,736
Haskell,Leap-year,84,10,7,238
Haskell,Least-common-multiple,55,5,4,103
Haskell,Levenshtein-distance,166,13,11,464
Haskell,Logical-operations,41,9,8,186
Haskell,Look-and-say-sequence,235,26,17,1128
Haskell,Loop-over-multiple-arrays-simultaneously,51,11,8,157
Haskell,Loops-Break,55,10,8,164
Haskell,Loops-Continue,55,6,5,156
Haskell,Loops-Do-while,57,8,7,136
Haskell,Loops-For,26,4,2,81
Haskell,Loops-N-plus-one-half,44,5,4,128
Haskell,Loops-Nested,59,6,4,164
Haskell,Loops-While,80,12,9,245
Haskell,Luhn-test-of-credit-card-numbers,59,4,3,161
Haskell,Map-range,322,29,22,872
Haskell,Middle-three-digits,299,44,38,956
Haskell,Monty-Hall-problem,177,22,19,589
Haskell,Multiplication-tables,257,37,28,917
Haskell,Mutual-recursion,74,10,7,146
Haskell,N-queens-problem,397,55,45,1297
Haskell,Nth,196,20,15,554
Haskell,Nth-root,271,29,24,807
Haskell,Number-names,475,37,31,1482
Haskell,Number-reversal-game,279,36,28,884
Haskell,Ordered-words,94,12,8,284
Haskell,Palindrome-detection,39,4,3,151
Haskell,Pangram-checker,63,8,5,212
Haskell,Parsing-RPN-calculator-algorithm,70,7,6,257
Haskell,Pascals-triangle,66,3,2,102
Haskell,Perfect-numbers,106,17,15,339
Haskell,Pi,196,19,14,453
Haskell,Population-count,175,23,18,623
Haskell,Power-set,66,3,2,175
Haskell,Primality-by-trial-division,37,2,1,86
Haskell,Priority-queue,575,44,37,1462
Haskell,Range-expansion,121,11,9,385
Haskell,Range-extraction,307,30,25,782
Haskell,Real-constants-and-functions,108,12,11,395
Haskell,Reverse-a-string,28,4,3,107
Haskell,Roman-numerals-Decode,383,40,36,1188
Haskell,Rot-13,90,12,8,278
Haskell,Run-length-encoding,203,23,13,740
Haskell,Search-a-list,28,3,2,94
Haskell,Set,367,36,35,1059
Haskell,Short-circuit-evaluation,64,12,10,292
Haskell,Sierpinski-carpet,112,18,15,403
Haskell,Sierpinski-triangle,103,15,12,279
Haskell,Sieve-of-Eratosthenes,236,11,10,634
Haskell,Sleep,40,7,5,166
Haskell,Sort-using-a-custom-comparator,174,35,28,838
Haskell,Sorting-algorithms-Bubble-sort,107,10,8,295
Haskell,Sorting-algorithms-Gnome-sort,103,10,8,288
Haskell,Sorting-algorithms-Insertion-sort,77,9,3,180
Haskell,Sorting-algorithms-Quicksort,58,7,5,156
Haskell,Sorting-algorithms-Selection-sort,154,22,14,519
Haskell,Stack,101,23,16,350
Haskell,String-concatenation,36,6,5,109
Haskell,String-matching,118,13,12,299
Haskell,Strip-whitespace-from-a-string-Top-and-tail,60,12,8,236
Haskell,Substring,261,32,22,789
Haskell,Substring-Top-and-tail,120,19,11,402
Haskell,Sum-and-product-of-an-array,44,5,3,131
Haskell,Sum-digits-of-an-integer,155,22,16,519
Haskell,Sum-multiples-of-3-and-5,305,43,31,861
Haskell,Symmetric-difference,25,6,4,66
Haskell,Take-notes-on-the-command-line,88,13,11,323
Haskell,Temperature-conversion,227,25,19,822
Haskell,The-Twelve-Days-of-Christmas,312,46,42,941
Haskell,Towers-of-Hanoi,92,7,5,211
Haskell,Vector-products,474,57,46,1301
Java,100-doors,97,13,11,425
Java,100-prisoners,480,66,57,2074
Java,24-game,428,63,54,1719
Java,99-bottles-of-beer,221,18,16,835
Java,ABC-problem,314,37,30,1171
Java,Accumulator-factory,213,28,19,804
Java,Ackermann-function,369,47,42,1468
Java,Align-columns,893,145,103,4204
Java,Almost-prime,190,28,24,677
Java,Anagrams,374,54,50,1669
Java,Anonymous-recursion,225,26,20,889
Java,Anti-primes,185,26,23,654
Java,Arbitrary-precision-integers-included-,121,12,10,457
Java,Arithmetic-Complex,348,53,41,1355
Java,Arithmetic-Integer,283,23,18,1128
Java,Arithmetic-geometric-mean,176,24,16,556
Java,Array-concatenation,90,9,8,325
Java,Averages-Arithmetic-mean,42,8,7,146
Java,Averages-Mode,250,29,26,933
Java,Averages-Pythagorean-means,375,42,37,1442
Java,Babbage-problem,99,21,9,391
Java,Balanced-brackets,378,50,45,1568
Java,Binary-search,225,30,27,847
Java,Bitwise-operations,190,12,11,590
Java,Bulls-and-cows,357,53,50,1510
Java,CSV-data-manipulation,430,69,57,2024
Java,Caesar-cipher,224,31,26,977
Java,Case-sensitivity-of-identifiers,84,6,4,364
Java,Catalan-numbers,881,109,89,3566
Java,Classes,74,20,8,288
Java,Comma-quibbling,184,22,19,651
Java,Count-occurrences-of-a-substring,125,16,14,485
Java,Create-a-two-dimensional-array-at-runtime,101,15,11,370
Java,Create-an-HTML-table,198,26,23,743
Java,Cumulative-standard-deviation,127,23,18,415
Java,Date-format,83,12,10,403
Java,Day-of-the-week,134,21,19,598
Java,Department-numbers,183,20,19,706
Java,Detect-division-by-zero,51,7,6,220
Java,Determine-if-a-string-is-numeric,46,11,9,183
Java,Digital-root,232,32,29,878
Java,Dot-product,136,21,17,432
Java,Empty-string,61,7,6,207
Java,Entropy,345,52,45,1200
Java,Ethiopian-multiplication,301,52,36,963
Java,Factorial,309,55,46,1379
Java,Factors-of-an-integer,78,14,13,276
Java,Fibonacci-sequence,71,10,8,210
Java,Filter,73,7,6,191
Java,Five-weekends,304,33,29,1302
Java,FizzBuzz,112,16,15,478
Java,Function-composition,101,14,10,386
Java,Gray-code,752,86,65,2516
Java,Greatest-common-divisor,54,7,6,150
Java,Guess-the-number,90,11,10,393
Java,Guess-the-number-With-feedback,197,29,26,896
Java,Hailstone-sequence,757,97,86,2864
Java,Happy-numbers,169,27,20,743
Java,Harshad-or-Niven-series,154,25,24,645
Java,Haversine-formula,198,19,15,656
Java,Horners-rule-for-polynomial-evaluation,165,24,21,706
Java,Identity-matrix,87,14,10,340
Java,Integer-comparison,150,22,16,620
Java,JSON,210,44,29,740
Java,Knapsack-problem-0-1,697,85,71,2694
Java,Knuth-shuffle,164,25,20,642
Java,Last-Friday-of-each-month,197,27,19,850
Java,Leap-year,167,19,15,716
Java,Least-common-multiple,264,28,20,950
Java,Levenshtein-distance,447,47,29,1720
Java,Logical-operations,56,6,5,181
Java,Look-and-say-sequence,103,19,16,397
Java,Loop-over-multiple-arrays-simultaneously,77,8,7,264
Java,Loops-Break,56,11,9,206
Java,Loops-Continue,46,9,8,150
Java,Loops-Do-while,27,6,5,77
Java,Loops-For,46,7,6,125
Java,Loops-N-plus-one-half,53,10,9,205
Java,Loops-Nested,194,22,19,725
Java,Loops-While,35,6,5,95
Java,Luhn-test-of-credit-card-numbers,251,26,24,926
Java,Map-range,124,13,11,339
Java,Middle-three-digits,272,28,22,937
Java,Monty-Hall-problem,269,26,21,859
Java,Multiplication-tables,152,21,19,600
Java,Mutual-recursion,312,42,33,1107
Java,N-queens-problem,298,49,43,910
Java,Nth,293,49,42,1022
Java,Nth-root,160,19,18,459
Java,Number-names,662,79,67,2519
Java,Number-reversal-game,414,74,63,1897
Java,Ordered-words,255,44,38,1297
Java,Palindrome-detection,69,10,9,236
Java,Pangram-checker,232,19,17,868
Java,Parsing-RPN-calculator-algorithm,442,56,53,1781
Java,Pascals-triangle,158,28,23,464
Java,Perfect-numbers,75,13,11,279
Java,Pi,388,46,41,1460
Java,Population-count,391,57,54,1232
Java,Power-set,201,17,16,668
Java,Primality-by-trial-division,88,13,12,262
Java,Priority-queue,196,32,25,816
Java,Range-expansion,383,66,50,1727
Java,Range-extraction,242,23,20,701
Java,Real-constants-and-functions,87,10,9,283
Java,Reverse-a-string,55,6,5,193
Java,Roman-numerals-Decode,489,60,50,1746
Java,Rot-13,230,34,29,899
Java,Run-length-encoding,80,12,11,370
Java,Search-a-list,106,13,10,399
Java,Set,603,63,44,2302
Java,Short-circuit-evaluation,243,26,20,856
Java,Sierpinski-carpet,426,60,52,1732
Java,Sierpinski-triangle,271,45,35,1149
Java,Sieve-of-Eratosthenes,141,23,19,780
Java,Sleep,122,23,18,685
Java,Sort-using-a-custom-comparator,119,18,11,508
Java,Sorting-algorithms-Bubble-sort,117,15,14,481
Java,Sorting-algorithms-Gnome-sort,102,17,15,251
Java,Sorting-algorithms-Insertion-sort,170,15,14,505
Java,Sorting-algorithms-Quicksort,191,31,23,776
Java,Sorting-algorithms-Selection-sort,127,16,15,434
Java,Stack,144,30,29,677
Java,String-matching,353,41,38,1357
Java,Strip-whitespace-from-a-string-Top-and-tail,73,10,9,310
Java,Substring,129,16,15,521
Java,Substring-Top-and-tail,190,17,13,639
Java,Sum-and-product-of-an-array,114,13,11,359
Java,Sum-digits-of-an-integer,257,33,31,981
Java,Sum-multiples-of-3-and-5,363,41,31,1362
Java,Symmetric-difference,423,45,27,1801
Java,Take-notes-on-the-command-line,154,22,20,701
Java,Temperature-conversion,259,32,28,1036
Java,The-Twelve-Days-of-Christmas,281,27,23,1018
Java,Towers-of-Hanoi,77,8,7,224
Java,Vector-products,630,63,37,2284
JavaScript,100-doors,76,10,7,234
JavaScript,100-prisoners,856,106,60,3703
JavaScript,24-game,429,52,39,1629
JavaScript,99-bottles-of-beer,122,3,1,359
JavaScript,ABC-problem,351,38,24,1277
JavaScript,Accumulator-factory,40,6,5,139
JavaScript,Ackermann-function,126,21,20,368
JavaScript,Align-columns,557,49,40,2055
JavaScript,Almost-prime,157,25,23,506
JavaScript,Anagrams,210,23,16,761
JavaScript,Anonymous-recursion,61,8,6,181
JavaScript,Anti-primes,259,40,36,941
JavaScript,Arbitrary-precision-integers-included-,86,4,3,217
JavaScript,Arithmetic-Complex,389,56,41,1206
JavaScript,Arithmetic-Integer,225,27,24,702
JavaScript,Arithmetic-geometric-mean,88,11,9,230
JavaScript,Array-concatenation,75,17,11,271
JavaScript,Arrays,194,23,8,660
JavaScript,Averages-Arithmetic-mean,83,13,11,226
JavaScript,Averages-Mode,175,22,19,493
JavaScript,Averages-Pythagorean-means,354,61,51,1516
JavaScript,Babbage-problem,741,112,65,3044
JavaScript,Balanced-brackets,378,57,52,1334
JavaScript,Binary-search,101,14,11,316
JavaScript,Bitwise-operations,115,10,9,312
JavaScript,Bulls-and-cows,656,89,77,2352
JavaScript,CSV-data-manipulation,504,77,50,2226
JavaScript,Caesar-cipher,112,12,9,314
JavaScript,Case-sensitivity-of-identifiers,44,5,4,148
JavaScript,Catalan-numbers,451,86,46,1892
JavaScript,Check-that-file-exists,471,75,50,2183
JavaScript,Classes,397,78,31,1313
JavaScript,Comma-quibbling,98,14,12,289
JavaScript,Count-occurrences-of-a-substring,35,5,4,136
JavaScript,Create-a-two-dimensional-array-at-runtime,107,18,9,339
JavaScript,Create-an-HTML-table,1358,207,145,5644
JavaScript,Cumulative-standard-deviation,151,23,18,487
JavaScript,Date-format,87,14,10,285
JavaScript,Day-of-the-week,123,22,15,452
JavaScript,Department-numbers,321,52,35,1331
JavaScript,Detect-division-by-zero,92,8,7,332
JavaScript,Determine-if-a-string-is-numeric,112,10,6,390
JavaScript,Digital-root,115,17,12,335
JavaScript,Dot-product,124,12,10,374
JavaScript,Entropy,200,20,13,680
JavaScript,Ethiopian-multiplication,133,13,11,364
JavaScript,Even-or-odd,36,9,6,107
JavaScript,Factorial,77,13,9,247
JavaScript,Factors-of-an-integer,326,13,11,566
JavaScript,Fibonacci-sequence,76,8,7,234
JavaScript,Filter,58,6,5,144
JavaScript,Five-weekends,347,55,44,1426
JavaScript,FizzBuzz,87,10,9,257
JavaScript,Function-composition,25,3,2,68
JavaScript,Gray-code,140,23,19,508
JavaScript,Greatest-common-divisor,91,18,15,231
JavaScript,Guess-the-number,79,13,9,297
JavaScript,Guess-the-number-With-feedback,173,22,18,683
JavaScript,Hailstone-sequence,259,8,7,479
JavaScript,Happy-numbers,143,27,23,521
JavaScript,Harshad-or-Niven-series,138,18,15,430
JavaScript,Haversine-formula,319,38,24,962
JavaScript,Horners-rule-for-polynomial-evaluation,55,5,4,165
JavaScript,Identity-matrix,86,17,11,369
JavaScript,Integer-comparison,253,27,20,837
JavaScript,JSON,52,5,3,155
JavaScript,Knapsack-problem-0-1,1645,203,163,5447
JavaScript,Knuth-shuffle,226,26,21,584
JavaScript,Last-Friday-of-each-month,470,72,57,1734
JavaScript,Leap-year,44,3,1,134
JavaScript,Least-common-multiple,148,19,11,409
JavaScript,Levenshtein-distance,679,110,70,2766
JavaScript,Logical-operations,46,6,5,116
JavaScript,Look-and-say-sequence,103,14,13,290
JavaScript,Loop-over-multiple-arrays-simultaneously,107,18,15,351
JavaScript,Loops-Break,63,14,9,253
JavaScript,Loops-Continue,56,11,10,158
JavaScript,Loops-For,41,8,7,119
JavaScript,Loops-N-plus-one-half,36,7,6,94
JavaScript,Loops-Nested,137,14,11,306
JavaScript,Loops-While,26,6,5,54
JavaScript,Luhn-test-of-credit-card-numbers,167,20,19,490
JavaScript,Map-range,158,20,13,483
JavaScript,Middle-three-digits,943,127,81,3390
JavaScript,Monty-Hall-problem,288,39,28,933
JavaScript,Multiplication-tables,397,46,31,1420
JavaScript,Mutual-recursion,138,15,10,401
JavaScript,N-queens-problem,810,130,80,3564
JavaScript,Nth,176,25,19,559
JavaScript,Nth-root,90,12,9,222
JavaScript,Number-names,487,45,42,1493
JavaScript,Number-reversal-game,47,11,9,174
JavaScript,Ordered-words,167,27,25,611
JavaScript,Palindrome-detection,36,6,4,146
JavaScript,Pangram-checker,110,19,12,469
JavaScript,Parsing-RPN-calculator-algorithm,234,27,25,706
JavaScript,Pascals-triangle,543,72,52,1690
JavaScript,Perfect-numbers,123,22,19,310
JavaScript,Pi,438,49,46,1452
JavaScript,Population-count,830,131,82,3199
JavaScript,Power-set,95,15,12,297
JavaScript,Primality-by-trial-division,107,14,13,276
JavaScript,Priority-queue,608,98,80,2610
JavaScript,Range-expansion,268,40,25,1151
JavaScript,Range-extraction,508,65,44,1736
JavaScript,Real-constants-and-functions,35,10,9,105
JavaScript,Reverse-a-string,141,12,5,392
JavaScript,Roman-numerals-Decode,247,42,34,747
JavaScript,Rot-13,389,60,44,1318
JavaScript,Run-length-encoding,111,4,3,319
JavaScript,Search-a-list,137,19,15,515
JavaScript,Set,149,25,17,453
JavaScript,Short-circuit-evaluation,93,23,15,343
JavaScript,Sierpinski-carpet,563,73,62,2109
JavaScript,Sierpinski-triangle,464,70,37,1837
JavaScript,Sieve-of-Eratosthenes,247,31,30,876
JavaScript,Sleep,68,12,10,223
JavaScript,Sort-using-a-custom-comparator,514,77,51,1974
JavaScript,Sorting-algorithms-Bubble-sort,91,14,13,329
JavaScript,Sorting-algorithms-Gnome-sort,105,14,13,293
JavaScript,Sorting-algorithms-Insertion-sort,120,14,12,305
JavaScript,Sorting-algorithms-Quicksort,87,9,7,219
JavaScript,Sorting-algorithms-Selection-sort,111,18,16,334
JavaScript,Stack,72,9,7,293
JavaScript,String-matching,301,28,17,908
JavaScript,Strip-whitespace-from-a-string-Top-and-tail,364,49,21,1165
JavaScript,Substring,174,21,9,597
JavaScript,Substring-Top-and-tail,54,4,3,185
JavaScript,Sum-and-product-of-an-array,72,9,8,203
JavaScript,Sum-digits-of-an-integer,166,28,17,604
JavaScript,Sum-multiples-of-3-and-5,61,8,7,140
JavaScript,Symmetric-difference,131,14,10,496
JavaScript,Take-notes-on-the-command-line,208,27,22,718
JavaScript,Temperature-conversion,290,39,30,990
JavaScript,The-Twelve-Days-of-Christmas,301,23,21,915
JavaScript,Towers-of-Hanoi,125,17,13,409
JavaScript,Vector-products,1111,141,91,4007
Julia,100-doors,65,8,7,158
Julia,100-prisoners,356,42,38,1303
Julia,24-game,258,29,28,988
Julia,99-bottles-of-beer,48,2,1,151
Julia,ABC-problem,174,20,17,545
Julia,Accumulator-factory,42,11,8,113
Julia,Ackermann-function,60,3,2,125
Julia,Align-columns,431,41,35,1320
Julia,Almost-prime,142,18,14,411
Julia,Anagrams,141,17,13,520
Julia,Anonymous-recursion,56,8,7,165
Julia,Anti-primes,189,22,19,610
Julia,Arbitrary-precision-integers-included-,74,12,8,185
Julia,Arithmetic-Complex,233,23,22,385
Julia,Arithmetic-Integer,49,6,5,152
Julia,Arithmetic-geometric-mean,197,21,17,525
Julia,Array-concatenation,116,10,6,294
Julia,Averages-Arithmetic-mean,45,7,6,127
Julia,Averages-Mode,215,30,22,757
Julia,Averages-Pythagorean-means,39,6,3,94
Julia,Babbage-problem,117,15,12,358
Julia,Balanced-brackets,143,18,14,431
Julia,Binary-search,141,19,18,476
Julia,Bitwise-operations,175,13,10,404
Julia,Bulls-and-cows,352,33,32,1256
Julia,CSV-data-manipulation,57,9,6,175
Julia,Caesar-cipher,260,33,27,852
Julia,Case-sensitivity-of-identifiers,59,8,6,182
Julia,Catalan-numbers,44,5,3,103
Julia,Check-that-file-exists,49,7,6,144
Julia,Classes,147,21,17,440
Julia,Comma-quibbling,102,11,9,304
Julia,Count-occurrences-of-a-substring,121,15,13,421
Julia,Create-a-two-dimensional-array-at-runtime,161,17,14,500
Julia,Create-an-HTML-table,253,12,9,594
Julia,Cumulative-standard-deviation,169,21,18,434
Julia,Date-format,36,7,5,126
Julia,Day-of-the-week,87,11,8,242
Julia,Department-numbers,165,22,18,502
Julia,Detect-division-by-zero,86,7,5,202
Julia,Determine-if-a-string-is-numeric,155,12,8,389
Julia,Digital-root,133,15,13,389
Julia,Dot-product,42,6,5,64
Julia,Empty-string,86,12,9,370
Julia,Entropy,86,4,3,175
Julia,Ethiopian-multiplication,64,12,10,184
Julia,Factorial,63,13,11,174
Julia,Factors-of-an-integer,110,13,9,335
Julia,Five-weekends,256,24,16,771
Julia,FizzBuzz,51,5,4,111
Julia,Function-composition,30,3,2,81
Julia,Gray-code,58,9,8,145
Julia,Greatest-common-divisor,68,11,10,164
Julia,Guess-the-number,51,11,9,195
Julia,Guess-the-number-With-feedback,112,16,14,443
Julia,Hailstone-sequence,340,41,34,942
Julia,Happy-numbers,106,17,16,308
Julia,Harshad-or-Niven-series,153,15,12,383
Julia,Haversine-formula,100,6,4,200
Julia,Horners-rule-for-polynomial-evaluation,60,4,2,139
Julia,Identity-matrix,27,4,3,62
Julia,Integer-comparison,78,11,10,259
Julia,JSON,128,14,9,426
Julia,Knapsack-problem-0-1,379,28,26,1076
Julia,Knuth-shuffle,107,12,10,309
Julia,Last-Friday-of-each-month,162,26,22,552
Julia,Leap-year,103,5,3,201
Julia,Levenshtein-distance,160,13,10,369
Julia,Logical-operations,150,17,14,414
Julia,Look-and-say-sequence,154,26,22,452
Julia,Loop-over-multiple-arrays-simultaneously,47,4,3,91
Julia,Loops-Break,58,11,10,150
Julia,Loops-Continue,36,9,8,106
Julia,Loops-Do-while,126,26,23,409
Julia,Loops-For,28,7,6,75
Julia,Loops-N-plus-one-half,26,6,5,61
Julia,Loops-Nested,108,18,15,289
Julia,Luhn-test-of-credit-card-numbers,105,11,9,274
Julia,Map-range,106,9,7,216
Julia,Middle-three-digits,178,15,12,423
Julia,Monty-Hall-problem,226,23,21,688
Julia,Multiplication-tables,122,15,12,320
Julia,Mutual-recursion,44,3,2,81
Julia,N-queens-problem,444,68,56,1309
Julia,Nth,95,13,12,257
Julia,Nth-root,178,18,16,418
Julia,Number-names,798,66,62,2295
Julia,Number-reversal-game,118,19,15,394
Julia,Ordered-words,37,5,4,127
Julia,Palindrome-detection,48,10,9,159
Julia,Pangram-checker,182,21,17,747
Julia,Parsing-RPN-calculator-algorithm,133,17,16,436
Julia,Pascals-triangle,131,16,15,337
Julia,Perfect-numbers,56,5,3,142
Julia,Pi,69,12,11,236
Julia,Population-count,87,4,3,255
Julia,Power-set,142,19,15,490
Julia,Primality-by-trial-division,118,15,11,391
Julia,Priority-queue,127,20,16,426
Julia,Range-expansion,69,6,3,190
Julia,Range-extraction,264,18,15,597
Julia,Real-constants-and-functions,28,10,9,58
Julia,Reverse-a-string,28,3,2,60
Julia,Roman-numerals-Decode,156,20,19,491
Julia,Rot-13,73,8,5,178
Julia,Run-length-encoding,138,11,8,432
Julia,Search-a-list,85,5,4,233
Julia,Short-circuit-evaluation,130,10,8,339
Julia,Sierpinski-carpet,118,17,14,337
Julia,Sierpinski-triangle,135,19,16,341
Julia,Sieve-of-Eratosthenes,220,21,19,724
Julia,Sleep,30,6,5,133
Julia,Sort-using-a-custom-comparator,91,8,6,343
Julia,Sorting-algorithms-Bubble-sort,95,12,10,287
Julia,Sorting-algorithms-Gnome-sort,139,21,19,422
Julia,Sorting-algorithms-Insertion-sort,112,18,14,308
Julia,Sorting-algorithms-Quicksort,51,2,1,122
Julia,Sorting-algorithms-Selection-sort,117,16,14,361
Julia,Stack,97,9,8,244
Julia,String-matching,105,8,7,434
Julia,Strip-whitespace-from-a-string-Top-and-tail,98,12,8,241
Julia,Substring,104,24,16,213
Julia,Substring-Top-and-tail,64,9,6,203
Julia,Sum-and-product-of-an-array,51,12,8,96
Julia,Sum-multiples-of-3-and-5,62,3,2,143
Julia,Symmetric-difference,39,4,3,97
Julia,Take-notes-on-the-command-line,76,13,10,242
Julia,Temperature-conversion,75,5,4,174
Julia,The-Twelve-Days-of-Christmas,222,32,30,797
Julia,Towers-of-Hanoi,95,12,10,252
Julia,Vector-products,91,15,11,215
Kotlin,100-doors,98,15,12,339
Kotlin,100-prisoners,380,55,51,1332
Kotlin,24-game,353,53,45,1406
Kotlin,99-bottles-of-beer,66,9,8,259
Kotlin,ABC-problem,327,40,33,1135
Kotlin,Accumulator-factory,147,23,18,396
Kotlin,Ackermann-function,272,26,22,737
Kotlin,Align-columns,564,64,53,2248
Kotlin,Almost-prime,182,26,23,509
Kotlin,Anagrams,208,27,25,830
Kotlin,Anonymous-recursion,94,12,10,246
Kotlin,Anti-primes,172,28,24,515
Kotlin,Arbitrary-precision-integers-included-,97,9,7,277
Kotlin,Arithmetic-Complex,341,40,31,1137
Kotlin,Arithmetic-Integer,208,18,16,677
Kotlin,Arithmetic-geometric-mean,169,20,15,539
Kotlin,Array-concatenation,70,7,6,152
Kotlin,Arrays,55,8,7,162
Kotlin,Averages-Arithmetic-mean,78,5,4,165
Kotlin,Averages-Mode,247,22,20,802
Kotlin,Averages-Pythagorean-means,284,24,19,744
Kotlin,Babbage-problem,94,15,13,353
Kotlin,Balanced-brackets,269,33,29,929
Kotlin,Binary-search,421,39,33,1299
Kotlin,Bitwise-operations,212,19,15,679
Kotlin,Bulls-and-cows,350,41,38,1431
Kotlin,CSV-data-manipulation,122,15,11,411
Kotlin,Caesar-cipher,249,36,31,898
Kotlin,Case-sensitivity-of-identifiers,49,7,6,164
Kotlin,Catalan-numbers,414,54,45,1279
Kotlin,Check-that-file-exists,163,17,13,549
Kotlin,Classes,56,9,7,168
Kotlin,Comma-quibbling,195,27,23,704
Kotlin,Count-occurrences-of-a-substring,69,10,6,262
Kotlin,Create-a-two-dimensional-array-at-runtime,96,16,10,316
Kotlin,Create-an-HTML-table,306,32,28,974
Kotlin,Cumulative-standard-deviation,177,21,16,452
Kotlin,Date-format,67,10,6,207
Kotlin,Day-of-the-week,97,13,9,364
Kotlin,Department-numbers,146,20,17,512
Kotlin,Detect-division-by-zero,117,21,17,389
Kotlin,Determine-if-a-string-is-numeric,112,15,11,382
Kotlin,Digital-root,288,37,32,1017
Kotlin,Dot-product,91,7,5,231
Kotlin,Empty-string,62,9,8,228
Kotlin,Entropy,262,34,29,955
Kotlin,Ethiopian-multiplication,171,15,11,500
Kotlin,Even-or-odd,93,14,11,339
Kotlin,Factorial,150,21,18,466
Kotlin,Factors-of-an-integer,104,14,12,305
Kotlin,Fibonacci-sequence,292,37,34,951
Kotlin,Filter,123,14,9,370
Kotlin,Five-weekends,295,28,24,1057
Kotlin,FizzBuzz,126,8,6,324
Kotlin,Function-composition,88,11,7,193
Kotlin,Gray-code,156,25,20,513
Kotlin,Greatest-common-divisor,34,2,1,89
Kotlin,Guess-the-number,79,9,6,261
Kotlin,Guess-the-number-With-feedback,156,17,15,634
Kotlin,Hailstone-sequence,266,25,21,868
Kotlin,Happy-numbers,194,31,27,656
Kotlin,Harshad-or-Niven-series,223,40,32,753
Kotlin,Haversine-formula,182,14,10,469
Kotlin,Horners-rule-for-polynomial-evaluation,113,13,9,294
Kotlin,Identity-matrix,113,17,14,403
Kotlin,Integer-comparison,91,11,10,259
Kotlin,JSON,125,16,8,428
Kotlin,Knapsack-problem-0-1,615,55,48,1764
Kotlin,Knuth-shuffle,224,32,28,715
Kotlin,Last-Friday-of-each-month,205,24,19,780
Kotlin,Leap-year,34,2,1,82
Kotlin,Least-common-multiple,73,6,5,186
Kotlin,Levenshtein-distance,378,34,22,1174
Kotlin,Logical-operations,182,21,19,555
Kotlin,Look-and-say-sequence,148,26,22,502
Kotlin,Loop-over-multiple-arrays-simultaneously,210,15,12,550
Kotlin,Loops-Break,50,11,9,186
Kotlin,Loops-Continue,58,12,9,184
Kotlin,Loops-Do-while,46,10,7,137
Kotlin,Loops-For,36,7,6,118
Kotlin,Loops-N-plus-one-half,47,9,6,132
Kotlin,Loops-Nested,133,19,16,442
Kotlin,Loops-While,47,10,7,145
Kotlin,Luhn-test-of-credit-card-numbers,183,21,15,570
Kotlin,Map-range,217,17,12,766
Kotlin,Middle-three-digits,164,17,15,540
Kotlin,Monty-Hall-problem,230,29,24,806
Kotlin,Multiplication-tables,400,41,35,1331
Kotlin,Mutual-recursion,193,28,23,518
Kotlin,N-queens-problem,241,31,26,693
Kotlin,Nth,122,10,7,348
Kotlin,Nth-root,222,22,18,647
Kotlin,Number-names,800,74,67,2573
Kotlin,Number-reversal-game,333,43,39,1208
Kotlin,Ordered-words,146,17,15,536
Kotlin,Palindrome-detection,276,30,23,1013
Kotlin,Pangram-checker,191,21,17,605
Kotlin,Parsing-RPN-calculator-algorithm,747,80,69,1954
Kotlin,Pascals-triangle,131,19,15,367
Kotlin,Perfect-numbers,190,25,20,702
Kotlin,Pi,319,46,40,1009
Kotlin,Population-count,274,41,37,923
Kotlin,Power-set,192,27,22,774
Kotlin,Primality-by-trial-division,121,13,9,355
Kotlin,Priority-queue,152,21,17,710
Kotlin,Range-expansion,283,36,32,969
Kotlin,Range-extraction,388,38,32,1071
Kotlin,Real-constants-and-functions,118,16,14,310
Kotlin,Roman-numerals-Decode,297,26,22,815
Kotlin,Rot-13,166,20,16,575
Kotlin,Run-length-encoding,161,15,13,527
Kotlin,Search-a-list,178,15,12,584
Kotlin,Set,478,37,29,1566
Kotlin,Short-circuit-evaluation,154,23,18,551
Kotlin,Sierpinski-carpet,407,58,50,1513
Kotlin,Sierpinski-triangle,98,13,9,280
Kotlin,Sieve-of-Eratosthenes,276,34,33,1174
Kotlin,Sleep,56,10,7,210
Kotlin,Sort-using-a-custom-comparator,121,14,11,474
Kotlin,Sorting-algorithms-Bubble-sort,114,17,15,396
Kotlin,Sorting-algorithms-Gnome-sort,237,26,22,700
Kotlin,Sorting-algorithms-Insertion-sort,215,28,24,772
Kotlin,Sorting-algorithms-Quicksort,67,7,6,228
Kotlin,Sorting-algorithms-Selection-sort,218,29,24,659
Kotlin,Stack,284,46,35,1069
Kotlin,String-concatenation,50,9,8,131
Kotlin,String-matching,172,17,14,570
Kotlin,Strip-whitespace-from-a-string-Top-and-tail,84,8,7,269
Kotlin,Substring,122,18,15,355
Kotlin,Substring-Top-and-tail,53,8,6,158
Kotlin,Sum-and-product-of-an-array,94,11,8,281
Kotlin,Sum-digits-of-an-integer,257,23,18,866
Kotlin,Sum-multiples-of-3-and-5,352,32,25,940
Kotlin,Symmetric-difference,128,15,12,343
Kotlin,Take-notes-on-the-command-line,133,21,16,485
Kotlin,Temperature-conversion,205,22,16,596
Kotlin,The-Twelve-Days-of-Christmas,202,22,19,916
Kotlin,Towers-of-Hanoi,167,26,20,545
Kotlin,Vector-products,332,29,21,851
Lisp,100-doors,141,11,9,487
Lisp,100-prisoners,463,50,41,1603
Lisp,24-game,864,105,89,3351
Lisp,ABC-problem,113,15,14,492
Lisp,Accumulator-factory,28,5,4,73
Lisp,Ackermann-function,141,11,9,322
Lisp,Align-columns,436,49,45,1858
Lisp,Almost-prime,200,14,11,524
Lisp,Anagrams,215,20,17,645
Lisp,Anonymous-recursion,80,9,8,258
Lisp,Anti-primes,202,21,19,729
Lisp,Arbitrary-precision-integers-included-,68,4,3,158
Lisp,Arithmetic-Complex,53,9,6,107
Lisp,Arithmetic-Integer,80,7,6,247
Lisp,Arithmetic-geometric-mean,69,6,5,188
Lisp,Array-concatenation,173,14,13,513
Lisp,Arrays,39,5,4,101
Lisp,Averages-Mode,129,16,15,607
Lisp,Averages-Pythagorean-means,238,24,19,742
Lisp,Babbage-problem,109,14,11,320
Lisp,Balanced-brackets,236,28,25,920
Lisp,Binary-search,100,13,9,397
Lisp,Bitwise-operations,111,10,8,343
Lisp,Bulls-and-cows,370,43,38,1419
Lisp,CSV-data-manipulation,436,40,33,1707
Lisp,Caesar-cipher,118,10,7,322
Lisp,Case-sensitivity-of-identifiers,147,16,3,510
Lisp,Catalan-numbers,357,29,19,993
Lisp,Check-that-file-exists,120,12,10,490
Lisp,Classes,85,13,10,278
Lisp,Comma-quibbling,60,8,6,154
Lisp,Count-occurrences-of-a-substring,86,9,7,229
Lisp,Create-a-two-dimensional-array-at-runtime,112,11,10,305
Lisp,Create-an-HTML-table,120,13,12,389
Lisp,Cumulative-standard-deviation,177,18,16,354
Lisp,Date-format,165,11,9,507
Lisp,Day-of-the-week,84,8,7,354
Lisp,Determine-if-a-string-is-numeric,29,3,2,127
Lisp,Digital-root,147,12,10,482
Lisp,Dot-product,31,3,2,87
Lisp,Empty-string,147,10,7,539
Lisp,Entropy,106,11,10,391
Lisp,Ethiopian-multiplication,95,9,8,278
Lisp,Even-or-odd,94,11,8,263
Lisp,Factorial,32,3,2,84
Lisp,Factors-of-an-integer,106,11,10,392
Lisp,Fibonacci-sequence,81,9,8,242
Lisp,Filter,39,3,2,63
Lisp,Five-weekends,459,47,34,1486
Lisp,FizzBuzz,91,9,8,241
Lisp,Function-composition,55,6,5,143
Lisp,Gray-code,114,12,9,272
Lisp,Greatest-common-divisor,31,4,3,76
Lisp,Guess-the-number,129,10,9,424
Lisp,Guess-the-number-With-feedback,206,17,16,602
Lisp,Hailstone-sequence,138,12,10,384
Lisp,Happy-numbers,153,22,17,462
Lisp,Harshad-or-Niven-series,157,13,10,411
Lisp,Haversine-formula,190,22,16,543
Lisp,Horners-rule-for-polynomial-evaluation,76,8,6,195
Lisp,Identity-matrix,46,6,5,176
Lisp,Integer-comparison,152,11,10,469
Lisp,JSON,95,11,7,235
Lisp,Knapsack-problem-0-1,410,31,25,1135
Lisp,Knuth-shuffle,135,17,14,529
Lisp,Last-Friday-of-each-month,192,15,12,601
Lisp,Leap-year,55,5,4,151
Lisp,Least-common-multiple,102,11,10,234
Lisp,Levenshtein-distance,199,17,15,634
Lisp,Logical-operations,98,9,7,271
Lisp,Look-and-say-sequence,109,12,10,311
Lisp,Loop-over-multiple-arrays-simultaneously,53,5,4,124
Lisp,Loops-Break,81,4,3,232
Lisp,Loops-Continue,141,20,17,323
Lisp,Loops-Do-while,34,6,5,100
Lisp,Loops-For,48,7,6,106
Lisp,Loops-N-plus-one-half,29,4,3,89
Lisp,Loops-Nested,118,15,13,320
Lisp,Loops-While,107,15,12,284
Lisp,Luhn-test-of-credit-card-numbers,134,9,8,348
Lisp,Map-range,89,12,10,205
Lisp,Middle-three-digits,178,18,16,658
Lisp,Monty-Hall-problem,179,15,11,591
Lisp,Multiplication-tables,166,17,16,485
Lisp,Mutual-recursion,60,10,8,147
Lisp,N-queens-problem,253,22,20,871
Lisp,Nth,75,7,6,245
Lisp,Nth-root,112,10,9,317
Lisp,Number-reversal-game,286,33,28,1075
Lisp,Ordered-words,230,27,24,892
Lisp,Palindrome-detection,86,14,11,299
Lisp,Pangram-checker,55,5,4,177
Lisp,Parsing-RPN-calculator-algorithm,191,21,18,778
Lisp,Pascals-triangle,86,9,8,121
Lisp,Perfect-numbers,30,3,2,84
Lisp,Pi,192,26,25,668
Lisp,Population-count,125,13,11,374
Lisp,Power-set,55,7,6,161
Lisp,Primality-by-trial-division,101,13,10,369
Lisp,Priority-queue,294,33,21,886
Lisp,Range-expansion,220,24,22,815
Lisp,Range-extraction,292,27,25,926
Lisp,Real-constants-and-functions,148,11,10,513
Lisp,Reverse-a-string,148,16,15,720
Lisp,Roman-numerals-Decode,100,11,9,271
Lisp,Rot-13,169,14,12,384
Lisp,Run-length-encoding,257,24,20,892
Lisp,Search-a-list,78,7,6,285
Lisp,Set,207,23,17,470
Lisp,Short-circuit-evaluation,107,14,11,278
Lisp,Sierpinski-carpet,115,11,10,367
Lisp,Sierpinski-triangle,91,8,7,287
Lisp,Sieve-of-Eratosthenes,204,18,17,746
Lisp,Sleep,44,8,6,140
Lisp,Sort-using-a-custom-comparator,103,7,6,269
Lisp,Sorting-algorithms-Bubble-sort,113,11,10,513
Lisp,Sorting-algorithms-Gnome-sort,110,14,13,427
Lisp,Sorting-algorithms-Insertion-sort,256,25,10,935
Lisp,Sorting-algorithms-Quicksort,86,7,6,287
Lisp,Sorting-algorithms-Selection-sort,323,38,35,1329
Lisp,Stack,79,17,11,326
Lisp,String-concatenation,50,6,5,149
Lisp,String-matching,300,29,23,927
Lisp,Strip-whitespace-from-a-string-Top-and-tail,396,37,17,1056
Lisp,Substring,107,13,12,377
Lisp,Substring-Top-and-tail,111,9,8,231
Lisp,Sum-and-product-of-an-array,43,4,3,127
Lisp,Sum-digits-of-an-integer,43,5,4,154
Lisp,Sum-multiples-of-3-and-5,94,7,6,284
Lisp,Symmetric-difference,28,4,3,119
Lisp,Take-notes-on-the-command-line,218,23,19,776
Lisp,Temperature-conversion,133,14,12,370
Lisp,The-Twelve-Days-of-Christmas,180,14,12,635
Lisp,Towers-of-Hanoi,79,8,7,236
Lisp,Vector-products,501,46,38,1567
Lua,100-prisoners,413,84,70,1538
Lua,24-game,699,100,92,2243
Lua,99-bottles-of-beer,126,12,10,414
Lua,ABC-problem,291,32,29,763
Lua,Accumulator-factory,113,7,6,410
Lua,Ackermann-function,459,39,36,1105
Lua,Align-columns,717,61,54,2693
Lua,Almost-prime,241,35,29,810
Lua,Anagrams,195,25,19,697
Lua,Anonymous-recursion,78,8,6,229
Lua,Anti-primes,252,30,23,924
Lua,Arbitrary-precision-integers-included-,123,8,4,316
Lua,Arithmetic-Complex,455,32,28,1432
Lua,Arithmetic-Integer,98,10,8,290
Lua,Arithmetic-geometric-mean,94,12,10,277
Lua,Array-concatenation,47,9,6,110
Lua,Arrays,115,8,7,330
Lua,Averages-Arithmetic-mean,69,9,7,206
Lua,Averages-Mode,250,28,24,753
Lua,Averages-Pythagorean-means,167,13,8,432
Lua,Babbage-problem,106,15,8,288
Lua,Balanced-brackets,136,21,16,518
Lua,Binary-search,92,11,10,347
Lua,Bitwise-operations,700,66,55,1855
Lua,Bulls-and-cows,746,102,86,2918
Lua,CSV-data-manipulation,169,27,20,590
Lua,Caesar-cipher,197,31,25,761
Lua,Case-sensitivity-of-identifiers,38,6,4,121
Lua,Catalan-numbers,97,13,10,259
Lua,Check-that-file-exists,76,10,9,269
Lua,Classes,94,15,10,323
Lua,Comma-quibbling,148,23,21,514
Lua,Count-occurrences-of-a-substring,69,11,9,238
Lua,Create-a-two-dimensional-array-at-runtime,88,8,6,223
Lua,Create-an-HTML-table,203,25,22,617
Lua,Cumulative-standard-deviation,110,13,11,246
Lua,Date-format,32,3,2,67
Lua,Day-of-the-week,61,8,7,167
Lua,Department-numbers,123,13,12,334
Lua,Digital-root,97,14,12,274
Lua,Dot-product,67,10,8,149
Lua,Empty-string,147,27,18,538
Lua,Entropy,147,20,17,443
Lua,Ethiopian-multiplication,118,29,21,378
Lua,Even-or-odd,55,10,6,157
Lua,Factorial,42,8,7,107
Lua,Factors-of-an-integer,64,13,10,167
Lua,Fibonacci-sequence,49,5,3,148
Lua,Filter,94,12,9,240
Lua,Five-weekends,304,31,26,839
Lua,FizzBuzz,89,14,12,229
Lua,Gray-code,176,25,21,529
Lua,Greatest-common-divisor,85,16,13,218
Lua,Guess-the-number,81,15,11,261
Lua,Guess-the-number-With-feedback,192,23,22,684
Lua,Hailstone-sequence,194,31,24,597
Lua,Happy-numbers,143,16,15,406
Lua,Harshad-or-Niven-series,151,29,24,417
Lua,Haversine-formula,139,7,6,301
Lua,Horners-rule-for-polynomial-evaluation,81,12,10,222
Lua,Identity-matrix,104,19,16,395
Lua,Integer-comparison,86,9,7,289
Lua,JSON,242,39,34,697
Lua,Knuth-shuffle,108,14,11,250
Lua,Last-Friday-of-each-month,218,21,17,600
Lua,Leap-year,29,4,3,82
Lua,Least-common-multiple,90,15,12,227
Lua,Levenshtein-distance,155,21,16,418
Lua,Look-and-say-sequence,132,20,18,363
Lua,Loop-over-multiple-arrays-simultaneously,70,10,8,164
Lua,Loops-Break,34,7,6,104
Lua,Loops-Continue,55,10,9,155
Lua,Loops-N-plus-one-half,32,6,5,78
Lua,Loops-Nested,103,16,15,243
Lua,Loops-While,27,6,5,59
Lua,Luhn-test-of-credit-card-numbers,78,9,8,219
Lua,Map-range,88,8,6,181
Lua,Middle-three-digits,185,27,21,468
Lua,Monty-Hall-problem,181,18,17,595
Lua,Multiplication-tables,143,19,16,383
Lua,Mutual-recursion,50,4,3,118
Lua,N-queens-problem,298,36,30,774
Lua,Nth,141,13,10,387
Lua,Number-names,832,42,37,2093
Lua,Number-reversal-game,407,66,52,1385
Lua,Ordered-words,181,30,25,590
Lua,Pangram-checker,80,10,8,236
Lua,Pascals-triangle,104,17,14,248
Lua,Perfect-numbers,82,11,10,219
Lua,Pi,306,42,40,851
Lua,Population-count,319,44,36,1080
Lua,Power-set,239,34,28,668
Lua,Primality-by-trial-division,76,14,11,208
Lua,Priority-queue,306,51,44,1147
Lua,Range-expansion,215,29,24,613
Lua,Range-extraction,279,29,27,787
Lua,Real-constants-and-functions,41,11,10,114
Lua,Roman-numerals-Decode,245,26,21,695
Lua,Rot-13,62,8,6,251
Lua,Run-length-encoding,271,32,28,666
Lua,Search-a-list,65,8,5,208
Lua,Set,619,112,83,2179
Lua,Short-circuit-evaluation,93,18,14,257
Lua,Sierpinski-carpet,153,20,18,382
Lua,Sierpinski-triangle,114,18,15,357
Lua,Sieve-of-Eratosthenes,194,15,14,438
Lua,Sleep,40,7,6,169
Lua,Sort-using-a-custom-comparator,100,13,9,335
Lua,Sorting-algorithms-Bubble-sort,101,15,14,297
Lua,Sorting-algorithms-Gnome-sort,123,18,16,353
Lua,Sorting-algorithms-Insertion-sort,285,47,37,1062
Lua,Sorting-algorithms-Quicksort,229,23,18,586
Lua,Sorting-algorithms-Selection-sort,130,21,16,338
Lua,String-matching,192,14,10,466
Lua,Strip-whitespace-from-a-string-Top-and-tail,106,6,4,322
Lua,Substring,271,26,16,827
Lua,Substring-Top-and-tail,57,4,3,210
Lua,Sum-and-product-of-an-array,99,13,9,339
Lua,Sum-digits-of-an-integer,103,16,14,302
Lua,Sum-multiples-of-3-and-5,93,13,10,226
Lua,Symmetric-difference,489,57,49,1855
Lua,Take-notes-on-the-command-line,136,22,17,360
Lua,Temperature-conversion,98,14,12,240
Lua,The-Twelve-Days-of-Christmas,270,39,32,846
Lua,Towers-of-Hanoi,117,15,11,287
Lua,Vector-products,287,38,27,754
MATLAB,100-doors,40,8,7,78
MATLAB,100-prisoners,362,59,49,1489
MATLAB,24-game,245,28,26,673
MATLAB,99-bottles-of-beer,130,12,6,451
MATLAB,ABC-problem,267,27,25,790
MATLAB,Ackermann-function,78,10,9,220
MATLAB,Align-columns,244,30,27,705
MATLAB,Anonymous-recursion,61,12,9,200
MATLAB,Arbitrary-precision-integers-included-,98,14,7,272
MATLAB,Arithmetic-Complex,264,60,30,556
MATLAB,Arithmetic-Integer,51,9,8,118
MATLAB,Arithmetic-geometric-mean,65,10,8,152
MATLAB,Array-concatenation,77,10,9,141
MATLAB,Arrays,358,62,34,813
MATLAB,Averages-Pythagorean-means,55,16,7,119
MATLAB,Babbage-problem,178,22,13,583
MATLAB,Balanced-brackets,40,5,4,95
MATLAB,Binary-search,97,21,15,342
MATLAB,Bitwise-operations,115,10,7,312
MATLAB,Bulls-and-cows,615,63,52,2359
MATLAB,CSV-data-manipulation,91,14,12,279
MATLAB,Caesar-cipher,70,7,6,196
MATLAB,Case-sensitivity-of-identifiers,44,6,4,118
MATLAB,Catalan-numbers,36,12,6,97
MATLAB,Check-that-file-exists,26,5,4,98
MATLAB,Comma-quibbling,83,13,12,253
MATLAB,Count-occurrences-of-a-substring,59,7,3,231
MATLAB,Create-a-two-dimensional-array-at-runtime,70,11,6,229
MATLAB,Create-an-HTML-table,199,13,12,551
MATLAB,Cumulative-standard-deviation,63,8,6,118
MATLAB,Date-format,45,12,6,117
MATLAB,Day-of-the-week,63,4,3,142
MATLAB,Department-numbers,143,19,16,459
MATLAB,Detect-division-by-zero,52,4,2,177
MATLAB,Determine-if-a-string-is-numeric,80,12,8,192
MATLAB,Empty-string,68,9,5,266
MATLAB,Entropy,61,8,7,162
MATLAB,Factorial,26,6,5,62
MATLAB,Factors-of-an-integer,123,12,11,374
MATLAB,Fibonacci-sequence,113,17,12,252
MATLAB,Filter,49,6,3,92
MATLAB,Five-weekends,206,26,20,569
MATLAB,FizzBuzz,110,18,17,268
MATLAB,Gray-code,313,44,31,1183
MATLAB,Greatest-common-divisor,28,3,2,103
MATLAB,Guess-the-number,67,8,6,223
MATLAB,Guess-the-number-With-feedback,245,27,24,776
MATLAB,Hailstone-sequence,56,3,2,131
MATLAB,Happy-numbers,137,23,21,441
MATLAB,Harshad-or-Niven-series,83,14,13,191
MATLAB,Haversine-formula,210,18,13,544
MATLAB,Horners-rule-for-polynomial-evaluation,26,6,3,53
MATLAB,JSON,63,10,8,168
MATLAB,Knuth-shuffle,71,11,6,227
MATLAB,Last-Friday-of-each-month,132,10,8,347
MATLAB,Leap-year,27,4,3,82
MATLAB,Levenshtein-distance,241,31,20,762
MATLAB,Loops-Do-while,37,7,6,91
MATLAB,Loops-For,36,8,7,110
MATLAB,Loops-N-plus-one-half,37,7,6,108
MATLAB,Loops-While,27,6,5,61
MATLAB,Luhn-test-of-credit-card-numbers,180,14,12,445
MATLAB,Middle-three-digits,97,16,11,317
MATLAB,Monty-Hall-problem,88,3,2,215
MATLAB,Multiplication-tables,131,18,6,519
MATLAB,Mutual-recursion,39,10,7,115
MATLAB,N-queens-problem,160,26,22,492
MATLAB,Nth,106,19,18,376
MATLAB,Nth-root,71,14,9,254
MATLAB,Number-reversal-game,269,28,27,989
MATLAB,Ordered-words,106,17,15,317
MATLAB,Palindrome-detection,125,16,11,521
MATLAB,Pangram-checker,53,6,4,166
MATLAB,Perfect-numbers,110,21,20,426
MATLAB,Pi,510,60,43,1471
MATLAB,Power-set,65,6,3,135
MATLAB,Primality-by-trial-division,189,20,10,677
MATLAB,Range-expansion,100,14,11,252
MATLAB,Range-extraction,270,24,21,650
MATLAB,Real-constants-and-functions,91,12,11,249
MATLAB,Reverse-a-string,78,7,4,244
MATLAB,Roman-numerals-Decode,155,12,5,385
MATLAB,Rot-13,130,14,10,460
MATLAB,Search-a-list,85,17,10,293
MATLAB,Set,244,17,9,745
MATLAB,Short-circuit-evaluation,81,12,10,162
MATLAB,Sierpinski-carpet,54,7,6,124
MATLAB,Sierpinski-triangle,69,7,6,129
MATLAB,Sieve-of-Eratosthenes,185,14,9,679
MATLAB,Sleep,45,10,7,180
MATLAB,Sorting-algorithms-Bubble-sort,107,21,14,426
MATLAB,Sorting-algorithms-Gnome-sort,118,22,17,372
MATLAB,Sorting-algorithms-Insertion-sort,87,17,11,282
MATLAB,Sorting-algorithms-Quicksort,82,14,9,318
MATLAB,Sorting-algorithms-Selection-sort,137,25,16,546
MATLAB,Stack,90,31,16,249
MATLAB,String-concatenation,50,12,6,145
MATLAB,String-matching,168,12,5,579
MATLAB,Strip-whitespace-from-a-string-Top-and-tail,101,12,5,374
MATLAB,Substring,125,12,6,452
MATLAB,Substring-Top-and-tail,50,7,3,193
MATLAB,Sum-and-product-of-an-array,135,36,21,280
MATLAB,Sum-digits-of-an-integer,31,3,2,93
MATLAB,Sum-multiples-of-3-and-5,32,2,1,48
MATLAB,Symmetric-difference,113,24,12,306
MATLAB,Take-notes-on-the-command-line,196,27,19,696
MATLAB,Towers-of-Hanoi,67,8,7,197
MATLAB,Vector-products,173,17,8,710
MicroPython,100-doors,44,2,1,108
MicroPython,100-prisoners,594,80,59,2514
MicroPython,24-game,498,69,57,1941
MicroPython,99-bottles-of-beer,661,112,72,2565
MicroPython,ABC-problem,236,26,22,827
MicroPython,Accumulator-factory,50,12,10,151
MicroPython,Ackermann-function,69,11,9,188
MicroPython,Align-columns,269,22,18,867
MicroPython,Almost-prime,282,39,25,898
MicroPython,Anagrams,227,26,21,721
MicroPython,Anonymous-recursion,124,5,4,265
MicroPython,Anti-primes,252,36,31,825
MicroPython,Arbitrary-precision-integers-included-,80,4,3,186
MicroPython,Arithmetic-Complex,178,24,23,295
MicroPython,Arithmetic-Integer,173,15,10,522
MicroPython,Arithmetic-geometric-mean,145,17,13,461
MicroPython,Array-concatenation,104,8,7,165
MicroPython,Averages-Arithmetic-mean,51,7,6,138
MicroPython,Averages-Mode,84,11,9,235
MicroPython,Averages-Pythagorean-means,115,21,12,357
MicroPython,Babbage-problem,121,18,4,398
MicroPython,Balanced-brackets,245,26,25,837
MicroPython,Binary-search,97,9,6,360
MicroPython,Bitwise-operations,330,42,38,1233
MicroPython,Bulls-and-cows,317,36,31,1152
MicroPython,CSV-data-manipulation,101,12,9,376
MicroPython,Caesar-cipher,120,12,11,445
MicroPython,Case-sensitivity-of-identifiers,35,6,4,106
MicroPython,Catalan-numbers,310,50,34,1018
MicroPython,Check-that-file-exists,29,7,5,113
MicroPython,Classes,273,39,32,1119
MicroPython,Comma-quibbling,147,13,9,466
MicroPython,Create-a-two-dimensional-array-at-runtime,79,5,3,219
MicroPython,Create-an-HTML-table,163,18,14,616
MicroPython,Cumulative-standard-deviation,169,26,21,369
MicroPython,Date-format,104,13,7,341
MicroPython,Day-of-the-week,499,72,46,1754
MicroPython,Department-numbers,164,16,9,595
MicroPython,Detect-division-by-zero,32,8,7,107
MicroPython,Determine-if-a-string-is-numeric,55,6,4,147
MicroPython,Digital-root,424,65,40,1430
MicroPython,Dot-product,685,92,55,2475
MicroPython,Empty-string,129,27,16,461
MicroPython,Entropy,136,23,20,447
MicroPython,Ethiopian-multiplication,340,45,35,1249
MicroPython,Even-or-odd,160,10,7,398
MicroPython,Factorial,31,6,5,99
MicroPython,Factors-of-an-integer,118,16,14,378
MicroPython,Fibonacci-sequence,84,8,6,216
MicroPython,Filter,64,6,4,187
MicroPython,Five-weekends,352,39,32,1375
MicroPython,FizzBuzz,63,10,9,179
MicroPython,Function-composition,123,24,13,475
MicroPython,Gray-code,124,18,14,355
MicroPython,Guess-the-number,153,25,20,402
MicroPython,Guess-the-number-With-feedback,189,27,23,722
MicroPython,Hailstone-sequence,189,21,16,550
MicroPython,Happy-numbers,407,80,50,1514
MicroPython,Harshad-or-Niven-series,144,18,13,316
MicroPython,Haversine-formula,166,20,13,430
MicroPython,Horners-rule-for-polynomial-evaluation,54,9,7,133
MicroPython,Identity-matrix,91,12,8,358
MicroPython,Integer-comparison,105,16,13,338
MicroPython,JSON,116,11,10,305
MicroPython,Knapsack-problem-0-1,451,37,33,1367
MicroPython,Knuth-shuffle,140,22,19,491
MicroPython,Last-Friday-of-each-month,130,18,15,473
MicroPython,Least-common-multiple,118,20,18,294
MicroPython,Levenshtein-distance,231,19,17,711
MicroPython,Logical-operations,37,5,4,104
MicroPython,Look-and-say-sequence,72,10,7,276
MicroPython,Loop-over-multiple-arrays-simultaneously,29,7,4,92
MicroPython,Loops-Break,43,10,8,142
MicroPython,Loops-Continue,34,6,5,99
MicroPython,Loops-Do-while,29,6,5,70
MicroPython,Loops-N-plus-one-half,40,8,7,109
MicroPython,Loops-Nested,74,15,12,290
MicroPython,Luhn-test-of-credit-card-numbers,198,38,27,749
MicroPython,Map-range,161,17,9,440
MicroPython,Middle-three-digits,654,86,55,2263
MicroPython,Monty-Hall-problem,338,46,31,1268
MicroPython,Multiplication-tables,607,104,64,2338
MicroPython,Mutual-recursion,68,6,4,169
MicroPython,N-queens-problem,392,14,13,610
MicroPython,Nth,119,16,12,360
MicroPython,Nth-root,136,14,10,369
MicroPython,Number-names,637,50,47,2040
MicroPython,Number-reversal-game,160,23,18,609
MicroPython,Ordered-words,93,9,7,352
MicroPython,Palindrome-detection,101,16,15,306
MicroPython,Pangram-checker,67,10,7,244
MicroPython,Parsing-RPN-calculator-algorithm,520,60,53,1757
MicroPython,Pascals-triangle,105,18,14,314
MicroPython,Perfect-numbers,214,23,18,689
MicroPython,Pi,210,27,25,559
MicroPython,Population-count,383,17,16,651
MicroPython,Power-set,214,27,25,473
MicroPython,Primality-by-trial-division,64,5,4,152
MicroPython,Priority-queue,835,90,62,3333
MicroPython,Range-expansion,102,12,10,297
MicroPython,Range-extraction,418,50,40,1275
MicroPython,Real-constants-and-functions,176,17,12,634
MicroPython,Reverse-a-string,41,4,3,114
MicroPython,Roman-numerals-Decode,161,15,12,509
MicroPython,Rot-13,144,21,14,550
MicroPython,Run-length-encoding,252,23,19,655
MicroPython,Search-a-list,91,10,9,302
MicroPython,Set,450,50,49,865
MicroPython,Short-circuit-evaluation,432,33,14,1259
MicroPython,Sierpinski-carpet,109,19,16,382
MicroPython,Sierpinski-triangle,80,12,7,270
MicroPython,Sieve-of-Eratosthenes,311,13,12,786
MicroPython,Sleep,32,7,5,146
MicroPython,Sort-using-a-custom-comparator,38,5,3,117
MicroPython,Sorting-algorithms-Bubble-sort,199,27,22,784
MicroPython,Sorting-algorithms-Gnome-sort,133,16,14,263
MicroPython,Sorting-algorithms-Insertion-sort,67,9,8,191
MicroPython,Sorting-algorithms-Quicksort,97,10,8,338
MicroPython,Sorting-algorithms-Selection-sort,48,6,5,166
MicroPython,Stack,27,6,5,118
MicroPython,String-concatenation,40,6,4,98
MicroPython,String-matching,91,8,7,246
MicroPython,Strip-whitespace-from-a-string-Top-and-tail,94,11,10,239
MicroPython,Substring,177,21,20,560
MicroPython,Substring-Top-and-tail,302,56,31,1009
MicroPython,Sum-and-product-of-an-array,31,7,5,89
MicroPython,Sum-digits-of-an-integer,113,16,14,362
MicroPython,Sum-multiples-of-3-and-5,532,72,46,1761
MicroPython,Symmetric-difference,84,8,7,255
MicroPython,Take-notes-on-the-command-line,96,13,11,338
MicroPython,Temperature-conversion,326,21,18,839
MicroPython,The-Twelve-Days-of-Christmas,185,24,21,633
MicroPython,Towers-of-Hanoi,241,29,19,772
MicroPython,Vector-products,389,28,23,968
Nim,100-doors,122,16,11,409
Nim,100-prisoners,423,50,42,1407
Nim,24-game,276,39,32,887
Nim,99-bottles-of-beer,156,18,15,511
Nim,ABC-problem,264,27,22,899
Nim,Accumulator-factory,83,11,9,289
Nim,Ackermann-function,180,26,22,624
Nim,Align-columns,283,26,21,890
Nim,Almost-prime,150,24,22,374
Nim,Anagrams,112,19,14,420
Nim,Anonymous-recursion,101,13,8,292
Nim,Anti-primes,170,26,21,507
Nim,Arbitrary-precision-integers-included-,76,11,7,220
Nim,Arithmetic-Complex,101,11,9,216
Nim,Arithmetic-Integer,201,24,19,537
Nim,Arithmetic-geometric-mean,185,21,14,443
Nim,Array-concatenation,59,8,6,90
Nim,Arrays,232,23,17,539
Nim,Averages-Arithmetic-mean,108,12,9,286
Nim,Averages-Mode,81,11,8,205
Nim,Averages-Pythagorean-means,223,26,18,704
Nim,Babbage-problem,31,5,4,68
Nim,Balanced-brackets,139,25,20,447
Nim,Binary-search,84,8,7,234
Nim,Bitwise-operations,87,8,7,201
Nim,Bulls-and-cows,368,41,33,1230
Nim,CSV-data-manipulation,124,26,19,410
Nim,Caesar-cipher,127,15,12,377
Nim,Case-sensitivity-of-identifiers,112,13,11,339
Nim,Catalan-numbers,176,19,14,390
Nim,Check-that-file-exists,29,7,5,113
Nim,Classes,193,28,20,643
Nim,Comma-quibbling,105,11,9,294
Nim,Count-occurrences-of-a-substring,81,15,11,264
Nim,Create-a-two-dimensional-array-at-runtime,120,21,9,371
Nim,Create-an-HTML-table,105,15,12,286
Nim,Cumulative-standard-deviation,136,16,11,375
Nim,Date-format,28,6,4,98
Nim,Day-of-the-week,40,7,5,116
Nim,Department-numbers,121,14,11,341
Nim,Detect-division-by-zero,63,11,9,202
Nim,Determine-if-a-string-is-numeric,88,14,10,286
Nim,Digital-root,139,15,12,371
Nim,Dot-product,123,11,7,301
Nim,Empty-string,51,13,9,151
Nim,Entropy,60,9,6,193
Nim,Ethiopian-multiplication,105,16,12,270
Nim,Even-or-odd,153,15,8,358
Nim,Factorial,27,4,3,68
Nim,Factors-of-an-integer,82,15,11,249
Nim,Fibonacci-sequence,62,12,10,152
Nim,Filter,169,20,10,542
Nim,Five-weekends,121,15,11,347
Nim,FizzBuzz,70,7,6,176
Nim,Function-composition,88,10,6,223
Nim,Gray-code,60,10,8,163
Nim,Greatest-common-divisor,96,11,9,273
Nim,Guess-the-number,71,14,9,277
Nim,Guess-the-number-With-feedback,176,24,19,605
Nim,Hailstone-sequence,229,27,23,632
Nim,Happy-numbers,109,21,18,300
Nim,Harshad-or-Niven-series,151,22,18,423
Nim,Haversine-formula,176,17,12,432
Nim,Horners-rule-for-polynomial-evaluation,100,11,7,307
Nim,Identity-matrix,53,6,5,153
Nim,Integer-comparison,83,11,9,255
Nim,JSON,71,9,6,192
Nim,Knapsack-problem-0-1,642,83,52,2779
Nim,Knuth-shuffle,83,12,9,198
Nim,Last-Friday-of-each-month,189,15,11,457
Nim,Leap-year,67,13,8,192
Nim,Least-common-multiple,87,14,11,197
Nim,Levenshtein-distance,212,26,18,639
Nim,Logical-operations,55,6,5,131
Nim,Look-and-say-sequence,122,20,18,399
Nim,Loop-over-multiple-arrays-simultaneously,53,8,6,101
Nim,Loops-Break,40,10,8,111
Nim,Loops-Continue,32,6,5,82
Nim,Loops-Do-while,29,6,5,72
Nim,Loops-For,25,5,4,65
Nim,Loops-N-plus-one-half,35,7,6,78
Nim,Loops-Nested,163,26,17,511
Nim,Loops-While,27,5,4,55
Nim,Luhn-test-of-credit-card-numbers,152,13,11,371
Nim,Map-range,112,11,7,258
Nim,Middle-three-digits,182,15,12,531
Nim,Monty-Hall-problem,294,39,27,941
Nim,Multiplication-tables,120,13,10,275
Nim,Mutual-recursion,85,14,10,183
Nim,N-queens-problem,237,30,25,808
Nim,Nth,108,10,7,267
Nim,Nth-root,113,14,11,267
Nim,Number-names,689,73,62,1978
Nim,Number-reversal-game,270,37,31,911
Nim,Ordered-words,116,23,18,385
Nim,Palindrome-detection,317,45,32,1121
Nim,Pangram-checker,68,9,6,216
Nim,Parsing-RPN-calculator-algorithm,498,71,57,1493
Nim,Pascals-triangle,188,24,14,654
Nim,Perfect-numbers,95,15,12,258
Nim,Pi,261,47,36,662
Nim,Population-count,186,29,25,477
Nim,Power-set,136,18,14,420
Nim,Primality-by-trial-division,196,21,16,528
Nim,Priority-queue,104,19,14,295
Nim,Range-expansion,193,25,22,624
Nim,Range-extraction,342,31,26,972
Nim,Real-constants-and-functions,54,15,12,149
Nim,Reverse-a-string,33,5,3,90
Nim,Roman-numerals-Decode,151,13,9,376
Nim,Rot-13,85,13,10,238
Nim,Run-length-encoding,245,37,30,841
Nim,Search-a-list,82,9,7,266
Nim,Set,173,22,14,410
Nim,Short-circuit-evaluation,67,11,8,198
Nim,Sierpinski-carpet,144,21,17,361
Nim,Sierpinski-triangle,78,12,10,221
Nim,Sieve-of-Eratosthenes,199,23,19,669
Nim,Sleep,40,8,6,160
Nim,Sort-using-a-custom-comparator,66,12,8,234
Nim,Sorting-algorithms-Bubble-sort,118,14,12,282
Nim,Sorting-algorithms-Gnome-sort,122,17,15,263
Nim,Sorting-algorithms-Insertion-sort,108,13,11,251
Nim,Sorting-algorithms-Selection-sort,104,13,11,241
Nim,Stack,314,43,33,967
Nim,String-concatenation,36,6,3,123
Nim,String-matching,126,16,13,424
Nim,Strip-whitespace-from-a-string-Top-and-tail,99,11,9,330
Nim,Substring,752,71,47,2140
Nim,Substring-Top-and-tail,130,11,8,394
Nim,Sum-and-product-of-an-array,48,10,6,104
Nim,Sum-digits-of-an-integer,89,12,10,242
Nim,Sum-multiples-of-3-and-5,138,17,13,376
Nim,Symmetric-difference,77,8,6,229
Nim,Take-notes-on-the-command-line,72,11,9,248
Nim,Temperature-conversion,84,7,5,220
Nim,The-Twelve-Days-of-Christmas,231,24,20,802
Nim,Towers-of-Hanoi,97,8,6,275
Nim,Vector-products,333,32,23,751
OCaml,100-doors,140,20,16,461
OCaml,24-game,956,91,75,2980
OCaml,99-bottles-of-beer,189,26,23,670
OCaml,ABC-problem,388,41,36,1032
OCaml,Accumulator-factory,81,13,11,210
OCaml,Ackermann-function,62,9,7,155
OCaml,Align-columns,488,55,44,1610
OCaml,Anagrams,278,34,31,804
OCaml,Anonymous-recursion,66,11,10,154
OCaml,Anti-primes,218,19,16,609
OCaml,Arbitrary-precision-integers-included-,96,12,10,325
OCaml,Arithmetic-Complex,151,15,14,367
OCaml,Arithmetic-Integer,124,10,8,321
OCaml,Arithmetic-geometric-mean,75,6,4,162
OCaml,Array-concatenation,113,7,6,230
OCaml,Arrays,196,18,12,357
OCaml,Averages-Arithmetic-mean,150,25,22,450
OCaml,Averages-Mode,113,14,13,441
OCaml,Averages-Pythagorean-means,126,14,13,267
OCaml,Babbage-problem,62,8,7,171
OCaml,Balanced-brackets,218,26,23,602
OCaml,Binary-search,104,14,13,333
OCaml,Bitwise-operations,156,10,9,395
OCaml,Bulls-and-cows,394,51,48,1237
OCaml,CSV-data-manipulation,140,20,18,462
OCaml,Caesar-cipher,209,26,23,608
OCaml,Case-sensitivity-of-identifiers,61,6,5,154
OCaml,Catalan-numbers,504,55,49,1419
OCaml,Check-that-file-exists,30,5,4,112
OCaml,Classes,30,6,5,107
OCaml,Comma-quibbling,160,18,15,424
OCaml,Count-occurrences-of-a-substring,157,18,16,499
OCaml,Create-a-two-dimensional-array-at-runtime,62,6,5,192
OCaml,Create-an-HTML-table,197,40,35,569
OCaml,Cumulative-standard-deviation,155,16,13,375
OCaml,Date-format,144,13,10,438
OCaml,Day-of-the-week,170,21,17,582
OCaml,Department-numbers,588,66,34,2154
OCaml,Detect-division-by-zero,28,7,6,92
OCaml,Determine-if-a-string-is-numeric,57,10,7,188
OCaml,Digital-root,150,17,14,410
OCaml,Dot-product,113,12,6,275
OCaml,Empty-string,73,10,8,198
OCaml,Entropy,330,29,15,1165
OCaml,Ethiopian-multiplication,593,59,30,1993
OCaml,Even-or-odd,33,6,4,67
OCaml,Factorial,42,6,5,115
OCaml,Factors-of-an-integer,45,5,3,123
OCaml,Fibonacci-sequence,174,17,13,378
OCaml,Filter,36,3,2,78
OCaml,Five-weekends,350,28,25,1077
OCaml,FizzBuzz,106,10,7,323
OCaml,Function-composition,79,7,6,198
OCaml,Gray-code,229,27,23,572
OCaml,Greatest-common-divisor,41,5,4,117
OCaml,Guess-the-number,134,19,17,462
OCaml,Guess-the-number-With-feedback,294,37,34,1028
OCaml,Hailstone-sequence,703,64,41,1774
OCaml,Happy-numbers,207,26,21,527
OCaml,Harshad-or-Niven-series,118,11,9,313
OCaml,Haversine-formula,368,33,21,1232
OCaml,Horners-rule-for-polynomial-evaluation,80,8,6,213
OCaml,Identity-matrix,150,18,15,343
OCaml,Integer-comparison,83,11,9,257
OCaml,JSON,213,32,28,692
OCaml,Knapsack-problem-0-1,500,42,38,1496
OCaml,Knuth-shuffle,66,8,7,172
OCaml,Last-Friday-of-each-month,310,37,32,893
OCaml,Leap-year,74,11,10,220
OCaml,Least-common-multiple,103,12,9,217
OCaml,Levenshtein-distance,387,42,32,1104
OCaml,Logical-operations,58,5,4,149
OCaml,Look-and-say-sequence,299,15,13,459
OCaml,Loop-over-multiple-arrays-simultaneously,93,11,9,201
OCaml,Loops-Break,87,19,17,269
OCaml,Loops-Continue,86,13,12,206
OCaml,Loops-Do-while,50,8,6,145
OCaml,Loops-For,35,7,6,91
OCaml,Loops-N-plus-one-half,60,4,3,137
OCaml,Loops-Nested,575,37,32,933
OCaml,Loops-While,41,7,6,103
OCaml,Luhn-test-of-credit-card-numbers,96,10,9,203
OCaml,Map-range,147,12,10,314
OCaml,Middle-three-digits,236,26,21,659
OCaml,Monty-Hall-problem,199,30,25,622
OCaml,Multiplication-tables,163,20,16,444
OCaml,Mutual-recursion,52,8,7,109
OCaml,N-queens-problem,559,60,39,1793
OCaml,Nth,160,16,12,398
OCaml,Nth-root,141,13,11,344
OCaml,Number-names,551,58,48,1601
OCaml,Number-reversal-game,408,50,45,1166
OCaml,Ordered-words,401,53,46,1366
OCaml,Palindrome-detection,118,15,14,328
OCaml,Pangram-checker,71,8,7,211
OCaml,Parsing-RPN-calculator-algorithm,286,28,20,866
OCaml,Pascals-triangle,80,11,7,249
OCaml,Perfect-numbers,69,9,6,179
OCaml,Pi,475,44,40,1277
OCaml,Population-count,189,26,18,544
OCaml,Power-set,99,18,13,293
OCaml,Primality-by-trial-division,86,8,7,186
OCaml,Priority-queue,170,23,21,520
OCaml,Range-expansion,187,24,19,542
OCaml,Range-extraction,273,22,19,642
OCaml,Real-constants-and-functions,84,11,10,346
OCaml,Reverse-a-string,79,10,7,255
OCaml,Roman-numerals-Decode,690,58,40,2193
OCaml,Rot-13,75,5,4,158
OCaml,Run-length-encoding,177,24,22,502
OCaml,Search-a-list,233,24,22,771
OCaml,Set,845,69,68,2374
OCaml,Short-circuit-evaluation,170,25,20,525
OCaml,Sierpinski-carpet,196,19,15,486
OCaml,Sierpinski-triangle,102,14,12,309
OCaml,Sieve-of-Eratosthenes,116,15,14,333
OCaml,Sleep,60,8,7,226
OCaml,Sort-using-a-custom-comparator,96,7,6,295
OCaml,Sorting-algorithms-Bubble-sort,153,18,17,447
OCaml,Sorting-algorithms-Gnome-sort,272,29,25,591
OCaml,Sorting-algorithms-Insertion-sort,93,10,7,258
OCaml,Sorting-algorithms-Quicksort,243,32,25,900
OCaml,Sorting-algorithms-Selection-sort,83,10,9,324
OCaml,Stack,79,19,14,299
OCaml,String-concatenation,35,6,5,102
OCaml,String-matching,728,87,44,2142
OCaml,Strip-whitespace-from-a-string-Top-and-tail,278,37,32,783
OCaml,Substring,173,25,18,471
OCaml,Substring-Top-and-tail,142,19,15,461
OCaml,Sum-and-product-of-an-array,102,9,6,207
OCaml,Sum-digits-of-an-integer,118,15,13,310
OCaml,Sum-multiples-of-3-and-5,144,11,9,317
OCaml,Symmetric-difference,123,15,11,334
OCaml,Take-notes-on-the-command-line,276,32,27,863
OCaml,Temperature-conversion,167,21,15,488
OCaml,Towers-of-Hanoi,78,10,8,191
OCaml,Vector-products,376,31,24,836
Objective-C,100-doors,440,69,36,1877
Objective-C,99-bottles-of-beer,106,18,15,415
Objective-C,Accumulator-factory,111,24,18,460
Objective-C,Anonymous-recursion,163,27,22,627
Objective-C,Array-concatenation,56,5,4,156
Objective-C,Arrays,227,24,7,993
Objective-C,Averages-Mode,148,25,22,589
Objective-C,Binary-search,263,42,33,913
Objective-C,Check-that-file-exists,67,4,3,224
Objective-C,Classes,60,12,7,260
Objective-C,Count-occurrences-of-a-substring,162,21,16,625
Objective-C,Create-a-two-dimensional-array-at-runtime,206,27,18,628
Objective-C,Cumulative-standard-deviation,289,56,48,842
Objective-C,Date-format,75,7,6,309
Objective-C,Day-of-the-week,137,23,20,576
Objective-C,Determine-if-a-string-is-numeric,129,11,8,386
Objective-C,Dot-product,723,108,97,2324
Objective-C,Ethiopian-multiplication,242,44,37,641
Objective-C,Fibonacci-sequence,63,11,10,227
Objective-C,Filter,103,8,7,536
Objective-C,FizzBuzz,120,17,14,332
Objective-C,Function-composition,235,43,29,768
Objective-C,Guess-the-number,214,40,22,908
Objective-C,Haversine-formula,202,18,13,569
Objective-C,Horners-rule-for-polynomial-evaluation,254,43,33,791
Objective-C,JSON,150,15,13,683
Objective-C,Knuth-shuffle,165,23,20,532
Objective-C,Levenshtein-distance,301,36,30,937
Objective-C,Look-and-say-sequence,210,36,29,857
Objective-C,Luhn-test-of-credit-card-numbers,315,39,27,1025
Objective-C,Mutual-recursion,212,35,30,524
Objective-C,Number-names,116,17,12,456
Objective-C,Power-set,149,17,15,539
Objective-C,Priority-queue,538,65,55,1936
Objective-C,Range-extraction,342,35,30,1187
Objective-C,Reverse-a-string,113,21,18,463
Objective-C,Search-a-list,92,9,8,326
Objective-C,Set,573,58,36,1694
Objective-C,Sleep,76,18,13,290
Objective-C,Sort-using-a-custom-comparator,170,29,22,637
Objective-C,Sorting-algorithms-Bubble-sort,112,16,13,437
Objective-C,Sorting-algorithms-Quicksort,372,35,32,1363
Objective-C,Stack,50,9,5,199
Objective-C,String-concatenation,132,21,14,475
Objective-C,String-matching,102,6,5,320
Objective-C,Strip-whitespace-from-a-string-Top-and-tail,311,54,45,1064
Objective-C,Sum-and-product-of-an-array,75,14,11,211
Objective-C,Symmetric-difference,278,31,19,1016
Objective-C,Temperature-conversion,153,20,16,550
Objective-C,Towers-of-Hanoi,145,21,14,418
PHP,100-doors,124,13,12,283
PHP,24-game,565,95,71,2247
PHP,99-bottles-of-beer,116,11,10,334
PHP,ABC-problem,226,30,26,731
PHP,Accumulator-factory,66,9,8,198
PHP,Ackermann-function,93,16,13,250
PHP,Align-columns,525,48,34,1691
PHP,Almost-prime,204,32,28,559
PHP,Anagrams,106,14,12,351
PHP,Anonymous-recursion,100,19,17,329
PHP,Arbitrary-precision-integers-included-,68,5,4,152
PHP,Arithmetic-Integer,141,14,12,393
PHP,Arithmetic-geometric-mean,188,23,16,571
PHP,Array-concatenation,39,4,3,83
PHP,Averages-Arithmetic-mean,49,6,5,113
PHP,Averages-Mode,95,11,9,231
PHP,Averages-Pythagorean-means,190,30,21,590
PHP,Babbage-problem,94,10,7,342
PHP,Balanced-brackets,244,34,25,703
PHP,Binary-search,115,20,14,471
PHP,Bitwise-operations,278,16,14,706
PHP,Bulls-and-cows,298,41,36,1030
PHP,CSV-data-manipulation,242,37,25,687
PHP,Caesar-cipher,168,20,18,565
PHP,Case-sensitivity-of-identifiers,94,17,7,357
PHP,Catalan-numbers,196,34,30,523
PHP,Check-that-file-exists,76,5,4,284
PHP,Classes,78,13,12,289
PHP,Comma-quibbling,143,34,23,479
PHP,Count-occurrences-of-a-substring,41,4,3,138
PHP,Create-an-HTML-table,246,36,31,754
PHP,Cumulative-standard-deviation,247,32,27,758
PHP,Date-format,31,5,4,79
PHP,Day-of-the-week,71,11,10,170
PHP,Department-numbers,151,14,12,466
PHP,Detect-division-by-zero,52,7,6,167
PHP,Digital-root,206,27,22,587
PHP,Dot-product,86,10,8,244
PHP,Empty-string,98,17,8,327
PHP,Entropy,171,28,24,548
PHP,Ethiopian-multiplication,238,46,34,819
PHP,Even-or-odd,74,8,4,195
PHP,Factorial,59,16,13,153
PHP,Factors-of-an-integer,97,13,12,253
PHP,Fibonacci-sequence,84,12,11,221
PHP,Filter,43,5,4,124
PHP,FizzBuzz,61,9,8,131
PHP,Function-composition,71,9,7,234
PHP,Gray-code,156,29,13,472
PHP,Greatest-common-divisor,63,13,12,202
PHP,Guess-the-number,306,48,40,1054
PHP,Guess-the-number-With-feedback,312,51,42,1083
PHP,Hailstone-sequence,233,27,23,698
PHP,Happy-numbers,141,25,23,446
PHP,Haversine-formula,228,35,26,899
PHP,Horners-rule-for-polynomial-evaluation,87,13,11,230
PHP,Identity-matrix,99,9,8,352
PHP,Integer-comparison,194,28,20,583
PHP,JSON,101,8,6,322
PHP,Knapsack-problem-0-1,1160,101,58,3645
PHP,Knuth-shuffle,140,19,15,407
PHP,Last-Friday-of-each-month,163,23,20,471
PHP,Leap-year,48,8,7,135
PHP,Least-common-multiple,116,17,14,267
PHP,Levenshtein-distance,27,3,2,88
PHP,Logical-operations,80,7,6,203
PHP,Look-and-say-sequence,83,20,12,257
PHP,Loop-over-multiple-arrays-simultaneously,129,12,10,370
PHP,Loops-Break,49,9,8,126
PHP,Loops-Continue,49,9,8,127
PHP,Loops-Do-while,29,6,5,70
PHP,Loops-For,47,7,6,96
PHP,Loops-N-plus-one-half,42,8,7,105
PHP,Loops-Nested,116,16,14,321
PHP,Loops-While,28,6,5,59
PHP,Luhn-test-of-credit-card-numbers,170,17,15,463
PHP,Map-range,163,16,12,379
PHP,Middle-three-digits,311,40,33,857
PHP,Monty-Hall-problem,227,28,22,691
PHP,Mutual-recursion,137,24,21,327
PHP,Nth,163,26,24,423
PHP,Nth-root,113,12,11,250
PHP,Number-names,698,58,40,2239
PHP,Number-reversal-game,352,56,47,1436
PHP,Palindrome-detection,45,6,5,116
PHP,Pangram-checker,227,28,18,774
PHP,Parsing-RPN-calculator-algorithm,344,46,41,1292
PHP,Pascals-triangle,198,24,22,515
PHP,Perfect-numbers,116,18,16,329
PHP,Population-count,398,69,55,1311
PHP,Power-set,374,60,51,1180
PHP,Primality-by-trial-division,108,16,13,267
PHP,Priority-queue,127,18,12,437
PHP,Range-expansion,109,13,12,332
PHP,Real-constants-and-functions,71,10,9,209
PHP,Reverse-a-string,42,3,1,171
PHP,Roman-numerals-Decode,732,87,68,1990
PHP,Rot-13,45,9,7,213
PHP,Run-length-encoding,153,19,16,455
PHP,Search-a-list,108,10,8,364
PHP,Sierpinski-carpet,217,29,25,615
PHP,Sierpinski-triangle,228,25,22,578
PHP,Sieve-of-Eratosthenes,163,27,23,480
PHP,Sleep,36,5,4,124
PHP,Sort-using-a-custom-comparator,87,12,10,241
PHP,Sorting-algorithms-Bubble-sort,83,14,13,319
PHP,Sorting-algorithms-Gnome-sort,154,21,20,371
PHP,Sorting-algorithms-Insertion-sort,123,16,14,272
PHP,Sorting-algorithms-Quicksort,183,19,17,594
PHP,Sorting-algorithms-Selection-sort,112,13,12,319
PHP,Stack,81,12,7,245
PHP,String-concatenation,37,7,6,92
PHP,String-matching,643,60,49,2133
PHP,Strip-whitespace-from-a-string-Top-and-tail,64,11,5,192
PHP,Substring,113,11,10,272
PHP,Substring-Top-and-tail,67,6,5,212
PHP,Sum-and-product-of-an-array,34,4,3,87
PHP,Sum-digits-of-an-integer,118,14,13,331
PHP,Sum-multiples-of-3-and-5,130,13,9,348
PHP,Symmetric-difference,196,23,14,729
PHP,Take-notes-on-the-command-line,64,11,9,207
PHP,Temperature-conversion,196,19,18,616
PHP,The-Twelve-Days-of-Christmas,316,35,29,982
PHP,Towers-of-Hanoi,79,10,9,234
PHP,Vector-products,890,105,91,2655
Perl,100-doors,62,13,12,185
Perl,100-prisoners,478,52,47,1728
Perl,24-game,481,50,39,1599
Perl,99-bottles-of-beer,149,15,12,455
Perl,ABC-problem,173,14,11,488
Perl,Accumulator-factory,49,10,8,136
Perl,Ackermann-function,110,14,13,289
Perl,Align-columns,590,57,53,1879
Perl,Almost-prime,517,65,57,1334
Perl,Anagrams,110,13,10,326
Perl,Anonymous-recursion,95,15,13,261
Perl,Anti-primes,100,15,10,260
Perl,Arbitrary-precision-integers-included-,67,4,3,166
Perl,Arithmetic-Complex,94,11,9,248
Perl,Arithmetic-Integer,109,12,10,288
Perl,Arithmetic-geometric-mean,141,18,13,298
Perl,Array-concatenation,58,5,4,103
Perl,Arrays,41,6,5,98
Perl,Averages-Arithmetic-mean,52,9,7,123
Perl,Averages-Mode,64,13,11,181
Perl,Averages-Pythagorean-means,162,27,24,412
Perl,Babbage-problem,187,17,5,649
Perl,Balanced-brackets,56,9,8,181
Perl,Binary-search,127,15,14,419
Perl,Bitwise-operations,186,16,13,505
Perl,Bulls-and-cows,334,40,35,1044
Perl,CSV-data-manipulation,256,39,24,831
Perl,Caesar-cipher,130,12,9,334
Perl,Case-sensitivity-of-identifiers,43,6,4,139
Perl,Catalan-numbers,79,8,6,191
Perl,Check-that-file-exists,55,8,5,177
Perl,Classes,60,13,9,237
Perl,Comma-quibbling,82,9,7,227
Perl,Count-occurrences-of-a-substring,95,11,8,299
Perl,Create-a-two-dimensional-array-at-runtime,256,20,14,779
Perl,Create-an-HTML-table,98,14,11,317
Perl,Cumulative-standard-deviation,59,8,6,127
Perl,Date-format,70,5,3,129
Perl,Day-of-the-week,120,19,14,298
Perl,Department-numbers,174,20,16,493
Perl,Detect-division-by-zero,34,5,4,86
Perl,Determine-if-a-string-is-numeric,105,16,14,301
Perl,Digital-root,450,52,44,1208
Perl,Dot-product,120,14,11,313
Perl,Empty-string,148,15,8,496
Perl,Entropy,73,12,10,221
Perl,Ethiopian-multiplication,192,25,21,553
Perl,Even-or-odd,27,4,3,61
Perl,Factorial,32,6,5,72
Perl,Factors-of-an-integer,43,4,2,129
Perl,Fibonacci-sequence,126,16,10,318
Perl,Filter,38,3,2,62
Perl,Five-weekends,350,35,32,982
Perl,FizzBuzz,65,6,3,140
Perl,Function-composition,55,11,8,153
Perl,Gray-code,148,21,17,464
Perl,Greatest-common-divisor,119,12,6,348
Perl,Guess-the-number,42,4,3,123
Perl,Guess-the-number-With-feedback,173,20,14,513
Perl,Hailstone-sequence,244,38,26,671
Perl,Happy-numbers,98,14,12,263
Perl,Harshad-or-Niven-series,148,18,15,453
Perl,Haversine-formula,243,20,17,544
Perl,Horners-rule-for-polynomial-evaluation,83,12,9,207
Perl,Identity-matrix,86,14,11,225
Perl,Integer-comparison,65,6,4,197
Perl,JSON,56,7,4,165
Perl,Knapsack-problem-0-1,510,60,53,1317
Perl,Knuth-shuffle,66,9,8,146
Perl,Last-Friday-of-each-month,98,13,10,281
Perl,Leap-year,48,8,7,135
Perl,Least-common-multiple,109,14,12,208
Perl,Levenshtein-distance,185,26,19,553
Perl,Logical-operations,97,14,12,303
Perl,Look-and-say-sequence,70,12,10,175
Perl,Loop-over-multiple-arrays-simultaneously,118,15,10,323
Perl,Loops-Break,52,10,9,144
Perl,Loops-Continue,42,10,9,130
Perl,Loops-Do-while,30,6,5,73
Perl,Loops-For,27,7,6,72
Perl,Loops-N-plus-one-half,33,7,6,85
Perl,Loops-Nested,75,14,12,222
Perl,Loops-While,30,6,5,66
Perl,Luhn-test-of-credit-card-numbers,166,18,16,470
Perl,Map-range,151,13,10,405
Perl,Middle-three-digits,257,26,22,746
Perl,Monty-Hall-problem,294,28,15,914
Perl,Multiplication-tables,114,11,9,292
Perl,Mutual-recursion,89,8,5,203
Perl,N-queens-problem,315,41,24,1297
Perl,Nth,157,17,15,462
Perl,Nth-root,115,15,12,231
Perl,Number-reversal-game,145,21,14,393
Perl,Ordered-words,77,13,10,240
Perl,Palindrome-detection,244,38,30,699
Perl,Pangram-checker,168,25,20,480
Perl,Parsing-RPN-calculator-algorithm,247,28,23,685
Perl,Pascals-triangle,72,9,8,165
Perl,Perfect-numbers,67,7,6,147
Perl,Pi,482,42,39,1013
Perl,Population-count,104,12,8,278
Perl,Power-set,66,9,8,168
Perl,Primality-by-trial-division,50,7,5,133
Perl,Priority-queue,224,32,23,775
Perl,Range-expansion,68,7,4,158
Perl,Range-extraction,27,3,2,86
Perl,Real-constants-and-functions,122,18,14,362
Perl,Reverse-a-string,112,12,6,289
Perl,Roman-numerals-Decode,188,27,21,423
Perl,Rot-13,31,6,4,80
Perl,Run-length-encoding,55,8,6,139
Perl,Search-a-list,117,14,10,468
Perl,Set,890,114,91,2330
Perl,Short-circuit-evaluation,118,15,10,314
Perl,Sierpinski-carpet,61,5,4,133
Perl,Sierpinski-triangle,87,13,11,262
Perl,Sieve-of-Eratosthenes,179,18,16,384
Perl,Sleep,28,5,4,95
Perl,Sort-using-a-custom-comparator,159,17,9,503
Perl,Sorting-algorithms-Bubble-sort,68,9,7,180
Perl,Sorting-algorithms-Gnome-sort,140,25,22,322
Perl,Sorting-algorithms-Insertion-sort,139,17,15,361
Perl,Sorting-algorithms-Quicksort,99,10,8,231
Perl,Sorting-algorithms-Selection-sort,96,8,7,225
Perl,String-concatenation,36,5,4,89
Perl,String-matching,305,22,10,854
Perl,Strip-whitespace-from-a-string-Top-and-tail,92,11,8,256
Perl,Substring,111,7,6,297
Perl,Substring-Top-and-tail,62,4,3,203
Perl,Sum-and-product-of-an-array,51,6,4,150
Perl,Sum-digits-of-an-integer,160,18,13,388
Perl,Sum-multiples-of-3-and-5,131,19,14,344
Perl,Symmetric-difference,193,18,11,503
Perl,Take-notes-on-the-command-line,81,10,9,255
Perl,Temperature-conversion,141,14,11,419
Perl,The-Twelve-Days-of-Christmas,187,26,21,619
Perl,Towers-of-Hanoi,113,12,10,278
Perl,Vector-products,320,29,24,903
PowerShell,100-doors,95,3,2,234
PowerShell,100-prisoners,807,122,108,3073
PowerShell,24-game,451,74,66,1768
PowerShell,ABC-problem,859,118,45,3205
PowerShell,Accumulator-factory,34,5,4,119
PowerShell,Ackermann-function,85,12,9,216
PowerShell,Align-columns,222,23,21,632
PowerShell,Anagrams,290,44,27,1044
PowerShell,Anti-primes,149,26,24,357
PowerShell,Arbitrary-precision-integers-included-,113,10,4,335
PowerShell,Arithmetic-Complex,516,40,39,1297
PowerShell,Arithmetic-Integer,128,10,8,437
PowerShell,Arithmetic-geometric-mean,151,15,14,327
PowerShell,Array-concatenation,32,6,4,50
PowerShell,Averages-Arithmetic-mean,63,12,11,195
PowerShell,Averages-Mode,58,4,3,142
PowerShell,Averages-Pythagorean-means,203,24,16,515
PowerShell,Babbage-problem,252,46,6,1293
PowerShell,Balanced-brackets,138,19,16,498
PowerShell,Binary-search,465,67,58,1482
PowerShell,Bitwise-operations,94,7,3,314
PowerShell,Bulls-and-cows,404,48,38,1236
PowerShell,CSV-data-manipulation,284,34,22,832
PowerShell,Caesar-cipher,405,76,65,1339
PowerShell,Case-sensitivity-of-identifiers,36,6,4,93
PowerShell,Catalan-numbers,152,11,10,411
PowerShell,Check-that-file-exists,34,7,6,121
PowerShell,Classes,166,34,24,511
PowerShell,Comma-quibbling,51,12,9,145
PowerShell,Create-a-two-dimensional-array-at-runtime,61,7,5,127
PowerShell,Create-an-HTML-table,109,11,6,383
PowerShell,Cumulative-standard-deviation,96,14,13,316
PowerShell,Date-format,57,6,4,151
PowerShell,Department-numbers,137,14,11,315
PowerShell,Detect-division-by-zero,47,7,6,109
PowerShell,Determine-if-a-string-is-numeric,38,9,8,127
PowerShell,Digital-root,134,20,18,389
PowerShell,Dot-product,70,6,5,170
PowerShell,Empty-string,28,5,3,107
PowerShell,Entropy,75,10,9,227
PowerShell,Ethiopian-multiplication,174,36,29,572
PowerShell,Even-or-odd,29,3,2,68
PowerShell,Factorial,42,7,6,124
PowerShell,Factors-of-an-integer,62,7,6,171
PowerShell,Fibonacci-sequence,52,10,9,175
PowerShell,Five-weekends,227,21,19,709
PowerShell,FizzBuzz,100,2,1,203
PowerShell,Function-composition,28,5,4,73
PowerShell,Gray-code,302,36,29,726
PowerShell,Greatest-common-divisor,50,7,6,111
PowerShell,Guess-the-number,94,13,12,358
PowerShell,Guess-the-number-With-feedback,262,46,38,1012
PowerShell,Hailstone-sequence,158,21,17,456
PowerShell,Happy-numbers,150,21,20,459
PowerShell,Harshad-or-Niven-series,85,3,2,223
PowerShell,Haversine-formula,322,29,21,927
PowerShell,Horners-rule-for-polynomial-evaluation,91,11,10,259
PowerShell,Identity-matrix,65,7,6,163
PowerShell,Integer-comparison,88,11,9,226
PowerShell,JSON,115,8,2,408
PowerShell,Knuth-shuffle,113,10,9,300
PowerShell,Last-Friday-of-each-month,29,2,1,82
PowerShell,Least-common-multiple,142,17,16,326
PowerShell,Levenshtein-distance,457,60,50,1375
PowerShell,Logical-operations,100,8,7,248
PowerShell,Look-and-say-sequence,149,22,20,413
PowerShell,Loop-over-multiple-arrays-simultaneously,45,2,1,94
PowerShell,Loops-Break,53,10,9,141
PowerShell,Loops-Continue,63,9,8,160
PowerShell,Loops-Do-while,27,6,5,51
PowerShell,Loops-For,54,7,6,122
PowerShell,Loops-N-plus-one-half,60,9,8,154
PowerShell,Loops-While,30,6,5,55
PowerShell,Luhn-test-of-credit-card-numbers,67,4,3,172
PowerShell,Map-range,207,37,33,790
PowerShell,Middle-three-digits,206,25,18,491
PowerShell,Monty-Hall-problem,481,55,28,1709
PowerShell,Multiplication-tables,178,27,14,614
PowerShell,Mutual-recursion,72,10,8,167
PowerShell,N-queens-problem,505,60,36,1871
PowerShell,Nth,192,24,20,610
PowerShell,Nth-root,347,40,24,928
PowerShell,Number-names,976,132,92,3624
PowerShell,Number-reversal-game,190,25,16,677
PowerShell,Ordered-words,228,17,13,985
PowerShell,Palindrome-detection,49,6,5,161
PowerShell,Pangram-checker,166,14,10,533
PowerShell,Parsing-RPN-calculator-algorithm,827,133,97,3982
PowerShell,Pascals-triangle,340,65,62,1152
PowerShell,Perfect-numbers,77,15,13,194
PowerShell,Population-count,192,7,6,420
PowerShell,Power-set,297,35,33,865
PowerShell,Primality-by-trial-division,118,11,10,296
PowerShell,Range-expansion,221,23,22,698
PowerShell,Range-extraction,392,31,30,964
PowerShell,Real-constants-and-functions,104,10,9,260
PowerShell,Roman-numerals-Decode,277,34,29,656
PowerShell,Rot-13,71,7,6,183
PowerShell,Run-length-encoding,139,19,17,387
PowerShell,Set,292,18,13,1009
PowerShell,Short-circuit-evaluation,326,34,22,941
PowerShell,Sierpinski-carpet,661,55,28,2175
PowerShell,Sierpinski-triangle,199,22,21,499
PowerShell,Sieve-of-Eratosthenes,171,19,18,490
PowerShell,Sleep,29,5,4,100
PowerShell,Sort-using-a-custom-comparator,38,3,2,111
PowerShell,Sorting-algorithms-Bubble-sort,119,15,14,337
PowerShell,Sorting-algorithms-Gnome-sort,177,21,20,435
PowerShell,Sorting-algorithms-Insertion-sort,126,16,14,262
PowerShell,Sorting-algorithms-Quicksort,177,16,15,485
PowerShell,Sorting-algorithms-Selection-sort,190,21,19,448
PowerShell,String-concatenation,44,9,5,146
PowerShell,String-matching,67,6,5,169
PowerShell,Strip-whitespace-from-a-string-Top-and-tail,45,5,4,209
PowerShell,Substring,232,24,7,706
PowerShell,Substring-Top-and-tail,51,6,5,159
PowerShell,Sum-and-product-of-an-array,61,12,11,186
PowerShell,Sum-digits-of-an-integer,109,15,14,379
PowerShell,Sum-multiples-of-3-and-5,174,11,8,419
PowerShell,Symmetric-difference,138,22,12,489
PowerShell,Take-notes-on-the-command-line,68,10,9,202
PowerShell,Temperature-conversion,148,22,18,449
PowerShell,The-Twelve-Days-of-Christmas,306,40,37,827
PowerShell,Towers-of-Hanoi,98,11,10,204
PowerShell,Vector-products,289,28,22,620
Prolog,100-doors,268,35,25,642
Prolog,100-prisoners,414,44,36,1557
Prolog,24-game,340,31,25,1020
Prolog,ABC-problem,243,23,16,616
Prolog,Accumulator-factory,111,16,13,284
Prolog,Ackermann-function,195,17,3,653
Prolog,Align-columns,684,80,53,1794
Prolog,Almost-prime,204,21,11,672
Prolog,Anagrams,458,50,23,1467
Prolog,Anonymous-recursion,161,24,16,417
Prolog,Anti-primes,285,30,22,682
Prolog,Arbitrary-precision-integers-included-,60,9,6,184
Prolog,Arithmetic-Integer,81,11,8,279
Prolog,Arithmetic-geometric-mean,84,6,4,157
Prolog,Array-concatenation,37,3,2,54
Prolog,Arrays,179,10,9,584
Prolog,Averages-Arithmetic-mean,26,5,4,96
Prolog,Babbage-problem,122,14,11,328
Prolog,Balanced-brackets,430,53,41,1303
Prolog,Binary-search,223,24,22,647
Prolog,Bulls-and-cows,477,57,37,1389
Prolog,CSV-data-manipulation,202,23,16,652
Prolog,Caesar-cipher,334,34,18,832
Prolog,Case-sensitivity-of-identifiers,51,6,5,137
Prolog,Catalan-numbers,127,18,13,268
Prolog,Check-that-file-exists,25,7,4,107
Prolog,Comma-quibbling,185,19,14,685
Prolog,Count-occurrences-of-a-substring,156,34,27,463
Prolog,Create-a-two-dimensional-array-at-runtime,70,10,8,227
Prolog,Create-an-HTML-table,192,17,14,510
Prolog,Date-format,62,6,5,181
Prolog,Day-of-the-week,124,13,10,412
Prolog,Department-numbers,141,18,13,362
Prolog,Detect-division-by-zero,25,3,2,63
Prolog,Determine-if-a-string-is-numeric,61,8,7,167
Prolog,Digital-root,303,34,28,851
Prolog,Dot-product,41,7,5,96
Prolog,Empty-string,34,5,3,135
Prolog,Entropy,1092,132,43,3472
Prolog,Ethiopian-multiplication,239,26,17,609
Prolog,Even-or-odd,28,4,3,72
Prolog,Factorial,102,15,11,236
Prolog,Factors-of-an-integer,76,16,14,180
Prolog,Fibonacci-sequence,122,10,8,303
Prolog,Filter,48,3,2,72
Prolog,Five-weekends,611,73,51,2018
Prolog,FizzBuzz,231,22,15,587
Prolog,Function-composition,31,5,3,84
Prolog,Gray-code,309,32,26,785
Prolog,Greatest-common-divisor,70,5,4,132
Prolog,Guess-the-number,41,8,7,135
Prolog,Guess-the-number-With-feedback,216,38,24,796
Prolog,Hailstone-sequence,78,7,5,207
Prolog,Happy-numbers,320,48,29,1016
Prolog,Harshad-or-Niven-series,282,43,32,701
Prolog,Horners-rule-for-polynomial-evaluation,58,4,3,139
Prolog,Identity-matrix,240,30,22,744
Prolog,Integer-comparison,117,15,12,399
Prolog,JSON,352,23,19,1239
Prolog,Knapsack-problem-0-1,802,71,57,2492
Prolog,Leap-year,72,3,2,143
Prolog,Levenshtein-distance,490,62,42,1128
Prolog,Look-and-say-sequence,337,45,20,998
Prolog,Loop-over-multiple-arrays-simultaneously,47,6,4,117
Prolog,Loops-Continue,87,20,16,282
Prolog,Loops-Do-while,70,16,8,182
Prolog,Loops-For,27,5,4,83
Prolog,Loops-N-plus-one-half,27,4,3,80
Prolog,Loops-While,30,6,5,76
Prolog,Map-range,132,11,7,286
Prolog,Middle-three-digits,152,15,13,520
Prolog,Monty-Hall-problem,308,44,28,899
Prolog,Multiplication-tables,229,34,29,649
Prolog,Mutual-recursion,86,14,12,217
Prolog,N-queens-problem,214,21,16,412
Prolog,Nth,209,17,14,511
Prolog,Nth-root,292,22,18,601
Prolog,Number-names,748,62,48,1982
Prolog,Number-reversal-game,217,28,21,577
Prolog,Ordered-words,390,45,24,1320
Prolog,Palindrome-detection,56,3,2,150
Prolog,Pangram-checker,134,13,10,362
Prolog,Parsing-RPN-calculator-algorithm,432,48,34,1154
Prolog,Pascals-triangle,420,19,18,774
Prolog,Perfect-numbers,266,27,19,535
Prolog,Pi,208,20,17,541
Prolog,Population-count,152,13,11,484
Prolog,Power-set,86,7,5,193
Prolog,Primality-by-trial-division,87,8,7,225
Prolog,Priority-queue,261,29,15,836
Prolog,Range-expansion,632,82,41,1735
Prolog,Range-extraction,719,90,44,1861
Prolog,Reverse-a-string,42,5,3,91
Prolog,Roman-numerals-Decode,245,33,27,828
Prolog,Rot-13,78,8,6,218
Prolog,Run-length-encoding,818,109,48,2407
Prolog,Search-a-list,288,24,19,685
Prolog,Set,576,50,37,1328
Prolog,Short-circuit-evaluation,333,27,21,853
Prolog,Sierpinski-carpet,491,41,37,1402
Prolog,Sierpinski-triangle,366,41,33,872
Prolog,Sieve-of-Eratosthenes,192,15,10,462
Prolog,Sort-using-a-custom-comparator,156,19,15,418
Prolog,Sorting-algorithms-Bubble-sort,275,21,15,779
Prolog,Sorting-algorithms-Insertion-sort,143,20,11,354
Prolog,Sorting-algorithms-Quicksort,162,9,5,354
Prolog,Sorting-algorithms-Selection-sort,145,18,12,356
Prolog,Stack,80,12,3,272
Prolog,String-concatenation,62,10,7,202
Prolog,String-matching,265,44,21,784
Prolog,Strip-whitespace-from-a-string-Top-and-tail,367,87,72,1249
Prolog,Substring,202,18,15,692
Prolog,Substring-Top-and-tail,121,13,11,365
Prolog,Sum-and-product-of-an-array,144,24,16,372
Prolog,Sum-digits-of-an-integer,186,22,18,498
Prolog,Sum-multiples-of-3-and-5,183,17,13,358
Prolog,Symmetric-difference,190,16,15,517
Prolog,Temperature-conversion,153,15,13,424
Prolog,The-Twelve-Days-of-Christmas,410,43,35,1108
Prolog,Towers-of-Hanoi,145,18,13,373
Prolog,Vector-products,192,17,13,439
Python,100-doors,44,2,1,108
Python,100-prisoners,594,80,59,2514
Python,24-game,498,69,57,1941
Python,99-bottles-of-beer,661,112,72,2565
Python,ABC-problem,236,26,22,827
Python,Accumulator-factory,50,12,10,151
Python,Ackermann-function,69,11,9,188
Python,Align-columns,269,22,18,867
Python,Almost-prime,282,39,25,898
Python,Anagrams,227,26,21,721
Python,Anonymous-recursion,124,5,4,265
Python,Anti-primes,252,36,31,825
Python,Arbitrary-precision-integers-included-,80,4,3,186
Python,Arithmetic-Complex,178,24,23,295
Python,Arithmetic-Integer,173,15,10,522
Python,Arithmetic-geometric-mean,145,17,13,461
Python,Array-concatenation,104,8,7,165
Python,Averages-Arithmetic-mean,51,7,6,138
Python,Averages-Mode,84,11,9,235
Python,Averages-Pythagorean-means,115,21,12,357
Python,Babbage-problem,121,18,4,398
Python,Balanced-brackets,245,26,25,837
Python,Binary-search,97,9,6,360
Python,Bitwise-operations,330,42,38,1233
Python,Bulls-and-cows,317,36,31,1152
Python,CSV-data-manipulation,101,12,9,376
Python,Caesar-cipher,120,12,11,445
Python,Case-sensitivity-of-identifiers,35,6,4,106
Python,Catalan-numbers,310,50,34,1018
Python,Check-that-file-exists,29,7,5,113
Python,Classes,273,39,32,1119
Python,Comma-quibbling,147,13,9,466
Python,Create-a-two-dimensional-array-at-runtime,79,5,3,219
Python,Create-an-HTML-table,163,18,14,616
Python,Cumulative-standard-deviation,169,26,21,369
Python,Date-format,104,13,7,341
Python,Day-of-the-week,499,72,46,1754
Python,Department-numbers,164,16,9,595
Python,Detect-division-by-zero,32,8,7,107
Python,Determine-if-a-string-is-numeric,55,6,4,147
Python,Digital-root,424,65,40,1430
Python,Dot-product,685,92,55,2475
Python,Empty-string,129,27,16,461
Python,Entropy,136,23,20,447
Python,Ethiopian-multiplication,340,45,35,1249
Python,Even-or-odd,160,10,7,398
Python,Factorial,31,6,5,99
Python,Factors-of-an-integer,118,16,14,378
Python,Fibonacci-sequence,84,8,6,216
Python,Filter,64,6,4,187
Python,Five-weekends,352,39,32,1375
Python,FizzBuzz,63,10,9,179
Python,Function-composition,123,24,13,475
Python,Gray-code,124,18,14,355
Python,Guess-the-number,153,25,20,402
Python,Guess-the-number-With-feedback,189,27,23,722
Python,Hailstone-sequence,189,21,16,550
Python,Happy-numbers,407,80,50,1514
Python,Harshad-or-Niven-series,144,18,13,316
Python,Haversine-formula,166,20,13,430
Python,Horners-rule-for-polynomial-evaluation,54,9,7,133
Python,Identity-matrix,91,12,8,358
Python,Integer-comparison,105,16,13,338
Python,JSON,116,11,10,305
Python,Knapsack-problem-0-1,451,37,33,1367
Python,Knuth-shuffle,140,22,19,491
Python,Last-Friday-of-each-month,130,18,15,473
Python,Least-common-multiple,118,20,18,294
Python,Levenshtein-distance,231,19,17,711
Python,Logical-operations,37,5,4,104
Python,Look-and-say-sequence,72,10,7,276
Python,Loop-over-multiple-arrays-simultaneously,29,7,4,92
Python,Loops-Break,43,10,8,142
Python,Loops-Continue,34,6,5,99
Python,Loops-Do-while,29,6,5,70
Python,Loops-N-plus-one-half,40,8,7,109
Python,Loops-Nested,74,15,12,290
Python,Luhn-test-of-credit-card-numbers,198,38,27,749
Python,Map-range,161,17,9,440
Python,Middle-three-digits,654,86,55,2263
Python,Monty-Hall-problem,338,46,31,1268
Python,Multiplication-tables,607,104,64,2338
Python,Mutual-recursion,68,6,4,169
Python,N-queens-problem,392,14,13,610
Python,Nth,119,16,12,360
Python,Nth-root,136,14,10,369
Python,Number-names,637,50,47,2040
Python,Number-reversal-game,160,23,18,609
Python,Ordered-words,93,9,7,352
Python,Palindrome-detection,101,16,15,306
Python,Pangram-checker,67,10,7,244
Python,Parsing-RPN-calculator-algorithm,520,60,53,1757
Python,Pascals-triangle,105,18,14,314
Python,Perfect-numbers,214,23,18,689
Python,Pi,210,27,25,559
Python,Population-count,383,17,16,651
Python,Power-set,214,27,25,473
Python,Primality-by-trial-division,64,5,4,152
Python,Priority-queue,835,90,62,3333
Python,Range-expansion,102,12,10,297
Python,Range-extraction,418,50,40,1275
Python,Real-constants-and-functions,176,17,12,634
Python,Reverse-a-string,41,4,3,114
Python,Roman-numerals-Decode,161,15,12,509
Python,Rot-13,144,21,14,550
Python,Run-length-encoding,252,23,19,655
Python,Search-a-list,91,10,9,302
Python,Set,450,50,49,865
Python,Short-circuit-evaluation,432,33,14,1259
Python,Sierpinski-carpet,109,19,16,382
Python,Sierpinski-triangle,80,12,7,270
Python,Sieve-of-Eratosthenes,311,13,12,786
Python,Sleep,32,7,5,146
Python,Sort-using-a-custom-comparator,38,5,3,117
Python,Sorting-algorithms-Bubble-sort,199,27,22,784
Python,Sorting-algorithms-Gnome-sort,133,16,14,263
Python,Sorting-algorithms-Insertion-sort,67,9,8,191
Python,Sorting-algorithms-Quicksort,97,10,8,338
Python,Sorting-algorithms-Selection-sort,48,6,5,166
Python,Stack,27,6,5,118
Python,String-concatenation,40,6,4,98
Python,String-matching,91,8,7,246
Python,Strip-whitespace-from-a-string-Top-and-tail,94,11,10,239
Python,Substring,177,21,20,560
Python,Substring-Top-and-tail,302,56,31,1009
Python,Sum-and-product-of-an-array,31,7,5,89
Python,Sum-digits-of-an-integer,113,16,14,362
Python,Sum-multiples-of-3-and-5,532,72,46,1761
Python,Symmetric-difference,84,8,7,255
Python,Take-notes-on-the-command-line,96,13,11,338
Python,Temperature-conversion,326,21,18,839
Python,The-Twelve-Days-of-Christmas,185,24,21,633
Python,Towers-of-Hanoi,241,29,19,772
Python,Vector-products,389,28,23,968
R,100-doors,53,6,4,158
R,100-prisoners,277,33,27,935
R,24-game,446,55,52,1840
R,99-bottles-of-beer,281,9,3,762
R,ABC-problem,321,44,42,921
R,Accumulator-factory,36,8,7,135
R,Ackermann-function,66,10,9,158
R,Align-columns,288,26,18,932
R,Almost-prime,314,50,28,1278
R,Anagrams,257,23,18,1008
R,Anonymous-recursion,49,5,4,123
R,Anti-primes,131,24,18,344
R,Arbitrary-precision-integers-included-,103,7,6,285
R,Arithmetic-Complex,216,14,13,357
R,Arithmetic-Integer,102,11,10,266
R,Arithmetic-geometric-mean,140,15,12,424
R,Array-concatenation,36,4,3,50
R,Arrays,26,8,4,66
R,Averages-Arithmetic-mean,26,5,4,65
R,Averages-Mode,146,15,12,376
R,Babbage-problem,51,9,8,144
R,Balanced-brackets,61,7,5,216
R,Binary-search,95,16,15,274
R,Bitwise-operations,98,9,7,246
R,Bulls-and-cows,273,33,31,971
R,CSV-data-manipulation,75,10,8,156
R,Caesar-cipher,233,29,18,739
R,Case-sensitivity-of-identifiers,92,15,10,285
R,Catalan-numbers,91,5,4,198
R,Check-that-file-exists,41,8,5,154
R,Classes,178,25,19,600
R,Comma-quibbling,246,20,17,764
R,Count-occurrences-of-a-substring,59,6,4,181
R,Create-a-two-dimensional-array-at-runtime,91,8,7,276
R,Create-an-HTML-table,164,16,14,499
R,Cumulative-standard-deviation,259,16,8,599
R,Date-format,29,4,3,75
R,Day-of-the-week,268,22,9,747
R,Department-numbers,114,6,5,389
R,Detect-division-by-zero,31,5,3,62
R,Determine-if-a-string-is-numeric,37,4,3,116
R,Digital-root,80,14,13,254
R,Dot-product,109,17,12,276
R,Empty-string,61,10,5,149
R,Entropy,53,8,6,141
R,Ethiopian-multiplication,189,20,17,540
R,Even-or-odd,49,6,3,116
R,Factorial,28,5,4,65
R,Factors-of-an-integer,56,4,2,208
R,Fibonacci-sequence,232,40,30,624
R,Five-weekends,119,7,6,353
R,FizzBuzz,57,3,2,143
R,Function-composition,28,4,3,85
R,Gray-code,185,26,24,597
R,Greatest-common-divisor,42,8,7,91
R,Guess-the-number,61,9,8,213
R,Guess-the-number-With-feedback,390,34,27,1494
R,Hailstone-sequence,407,31,16,1417
R,Happy-numbers,64,10,8,154
R,Harshad-or-Niven-series,181,27,22,533
R,Haversine-formula,284,21,9,768
R,Horners-rule-for-polynomial-evaluation,60,10,8,126
R,Identity-matrix,38,8,7,109
R,Integer-comparison,104,12,11,309
R,JSON,29,4,3,76
R,Knapsack-problem-0-1,779,80,73,2224
R,Knuth-shuffle,130,20,18,346
R,Last-Friday-of-each-month,99,8,7,270
R,Leap-year,82,8,6,197
R,Least-common-multiple,64,6,3,139
R,Logical-operations,41,10,8,131
R,Look-and-say-sequence,134,16,10,464
R,Loop-over-multiple-arrays-simultaneously,147,22,14,544
R,Loops-Break,77,13,12,211
R,Loops-Continue,40,11,10,98
R,Loops-Do-while,33,8,7,69
R,Loops-For,39,8,7,92
R,Loops-N-plus-one-half,36,11,10,93
R,Loops-Nested,106,23,22,314
R,Loops-While,28,7,6,56
R,Luhn-test-of-credit-card-numbers,105,8,5,293
R,Map-range,167,10,8,469
R,Middle-three-digits,343,37,29,1029
R,Monty-Hall-problem,609,59,28,2266
R,Multiplication-tables,80,11,10,245
R,Mutual-recursion,46,3,2,100
R,Nth,167,19,13,408
R,Nth-root,132,13,12,283
R,Number-names,729,52,43,2008
R,Number-reversal-game,225,25,18,726
R,Ordered-words,123,11,8,416
R,Palindrome-detection,60,9,8,215
R,Pangram-checker,89,11,9,288
R,Parsing-RPN-calculator-algorithm,308,38,31,976
R,Pascals-triangle,80,11,10,220
R,Perfect-numbers,95,12,10,246
R,Pi,413,51,46,1057
R,Population-count,215,19,18,670
R,Power-set,35,4,3,71
R,Primality-by-trial-division,121,5,2,222
R,Priority-queue,195,27,25,629
R,Range-expansion,121,8,6,273
R,Range-extraction,262,17,14,537
R,Real-constants-and-functions,91,12,11,356
R,Reverse-a-string,44,8,7,164
R,Rot-13,168,11,10,418
R,Run-length-encoding,104,12,10,372
R,Search-a-list,135,9,7,429
R,Short-circuit-evaluation,132,28,20,287
R,Sierpinski-carpet,360,27,22,891
R,Sierpinski-triangle,124,14,13,298
R,Sieve-of-Eratosthenes,155,20,18,357
R,Sleep,31,10,8,124
R,Sort-using-a-custom-comparator,41,3,2,111
R,Sorting-algorithms-Bubble-sort,258,24,22,672
R,Sorting-algorithms-Gnome-sort,279,30,27,643
R,Sorting-algorithms-Insertion-sort,122,18,16,328
R,Sorting-algorithms-Quicksort,93,13,11,286
R,Sorting-algorithms-Selection-sort,79,12,11,228
R,Stack,329,55,28,830
R,String-concatenation,61,5,4,209
R,String-matching,161,15,10,523
R,Strip-whitespace-from-a-string-Top-and-tail,59,11,7,127
R,Substring,116,10,9,318
R,Substring-Top-and-tail,58,5,4,170
R,Sum-digits-of-an-integer,149,28,21,418
R,Sum-multiples-of-3-and-5,49,4,3,101
R,Symmetric-difference,99,8,6,240
R,Take-notes-on-the-command-line,95,13,9,312
R,Temperature-conversion,84,15,11,254
R,The-Twelve-Days-of-Christmas,193,9,7,594
R,Towers-of-Hanoi,115,12,10,270
R,Vector-products,389,58,27,1612
Ruby,100-doors,76,8,7,193
Ruby,100-prisoners,179,23,20,526
Ruby,24-game,295,41,35,989
Ruby,99-bottles-of-beer,115,14,13,330
Ruby,ABC-problem,110,8,6,296
Ruby,Accumulator-factory,53,10,7,152
Ruby,Ackermann-function,56,10,9,110
Ruby,Align-columns,439,44,35,1470
Ruby,Almost-prime,75,9,6,223
Ruby,Anagrams,119,18,14,389
Ruby,Anonymous-recursion,65,6,5,144
Ruby,Anti-primes,143,19,16,461
Ruby,Arbitrary-precision-integers-included-,49,3,2,99
Ruby,Arithmetic-Complex,186,15,11,553
Ruby,Arithmetic-Integer,139,13,11,415
Ruby,Arithmetic-geometric-mean,178,22,14,576
Ruby,Array-concatenation,101,6,5,147
Ruby,Arrays,200,21,9,514
Ruby,Averages-Arithmetic-mean,77,10,8,170
Ruby,Averages-Mode,282,28,25,641
Ruby,Averages-Pythagorean-means,168,29,23,454
Ruby,Babbage-problem,31,4,3,62
Ruby,Balanced-brackets,176,18,15,467
Ruby,Binary-search,215,25,22,558
Ruby,Bitwise-operations,142,14,12,352
Ruby,Bulls-and-cows,317,42,38,1097
Ruby,CSV-data-manipulation,81,13,7,266
Ruby,Caesar-cipher,87,13,8,246
Ruby,Case-sensitivity-of-identifiers,139,15,13,423
Ruby,Catalan-numbers,328,40,26,876
Ruby,Check-that-file-exists,65,5,4,186
Ruby,Classes,59,14,9,203
Ruby,Comma-quibbling,82,9,7,208
Ruby,Count-occurrences-of-a-substring,55,7,5,171
Ruby,Create-a-two-dimensional-array-at-runtime,44,6,5,111
Ruby,Create-an-HTML-table,142,23,19,363
Ruby,Cumulative-standard-deviation,203,26,20,495
Ruby,Date-format,55,5,4,172
Ruby,Day-of-the-week,37,4,2,100
Ruby,Department-numbers,31,2,1,77
Ruby,Detect-division-by-zero,35,10,9,101
Ruby,Determine-if-a-string-is-numeric,35,10,9,109
Ruby,Digital-root,239,25,23,715
Ruby,Dot-product,69,9,7,188
Ruby,Entropy,64,12,9,207
Ruby,Ethiopian-multiplication,312,16,15,896
Ruby,Even-or-odd,110,11,4,322
Ruby,Factorial,298,40,26,925
Ruby,Factors-of-an-integer,86,10,9,234
Ruby,Fibonacci-sequence,74,14,12,165
Ruby,Filter,44,4,3,78
Ruby,Five-weekends,198,16,10,610
Ruby,FizzBuzz,56,7,6,128
Ruby,Function-composition,74,9,6,187
Ruby,Gray-code,199,26,21,614
Ruby,Greatest-common-divisor,43,8,7,84
Ruby,Guess-the-number,35,5,4,112
Ruby,Guess-the-number-With-feedback,94,20,17,344
Ruby,Hailstone-sequence,304,39,32,968
Ruby,Happy-numbers,112,15,13,293
Ruby,Harshad-or-Niven-series,73,5,3,205
Ruby,Haversine-formula,169,19,13,456
Ruby,Horners-rule-for-polynomial-evaluation,53,5,4,124
Ruby,Identity-matrix,61,8,6,157
Ruby,Integer-comparison,85,9,7,231
Ruby,JSON,67,9,6,210
Ruby,Knapsack-problem-0-1,819,64,56,2662
Ruby,Knuth-shuffle,129,22,19,329
Ruby,Last-Friday-of-each-month,98,11,7,330
Ruby,Least-common-multiple,100,15,12,206
Ruby,Levenshtein-distance,251,35,27,667
Ruby,Logical-operations,71,7,6,156
Ruby,Look-and-say-sequence,53,9,7,137
Ruby,Loop-over-multiple-arrays-simultaneously,38,2,1,72
Ruby,Loops-Break,46,11,10,106
Ruby,Loops-Continue,34,4,3,73
Ruby,Loops-Do-while,30,7,6,68
Ruby,Loops-For,33,7,6,71
Ruby,Loops-N-plus-one-half,30,7,6,71
Ruby,Loops-Nested,75,15,12,224
Ruby,Loops-While,25,6,5,48
Ruby,Luhn-test-of-credit-card-numbers,153,10,8,351
Ruby,Map-range,85,7,5,192
Ruby,Middle-three-digits,119,15,7,438
Ruby,Monty-Hall-problem,229,28,14,752
Ruby,Multiplication-tables,111,13,11,259
Ruby,Mutual-recursion,74,10,8,145
Ruby,N-queens-problem,291,40,36,841
Ruby,Nth,123,19,17,359
Ruby,Nth-root,92,11,9,212
Ruby,Number-names,530,61,48,1679
Ruby,Number-reversal-game,91,12,11,272
Ruby,Ordered-words,66,9,7,237
Ruby,Palindrome-detection,52,10,9,126
Ruby,Pangram-checker,70,8,6,215
Ruby,Parsing-RPN-calculator-algorithm,33,3,2,66
Ruby,Pascals-triangle,91,11,9,253
Ruby,Perfect-numbers,42,8,7,88
Ruby,Pi,186,25,23,421
Ruby,Population-count,130,16,11,353
Ruby,Power-set,392,45,29,1374
Ruby,Primality-by-trial-division,77,11,10,244
Ruby,Priority-queue,483,83,71,1502
Ruby,Range-expansion,88,12,10,221
Ruby,Range-extraction,393,36,23,1294
Ruby,Real-constants-and-functions,86,14,13,243
Ruby,Reverse-a-string,39,4,3,89
Ruby,Roman-numerals-Decode,378,29,27,946
Ruby,Rot-13,68,10,6,206
Ruby,Run-length-encoding,69,10,8,216
Ruby,Search-a-list,70,10,8,224
Ruby,Set,531,44,43,1102
Ruby,Short-circuit-evaluation,143,19,16,358
Ruby,Sierpinski-carpet,192,31,25,519
Ruby,Sierpinski-triangle,70,9,7,202
Ruby,Sieve-of-Eratosthenes,76,10,8,178
Ruby,Sleep,35,6,4,159
Ruby,Sort-using-a-custom-comparator,29,3,2,107
Ruby,Sorting-algorithms-Bubble-sort,201,25,23,497
Ruby,Sorting-algorithms-Gnome-sort,172,21,19,362
Ruby,Sorting-algorithms-Insertion-sort,150,18,16,329
Ruby,Sorting-algorithms-Quicksort,67,9,8,205
Ruby,Sorting-algorithms-Selection-sort,479,56,35,1558
Ruby,Stack,223,20,18,798
Ruby,String-concatenation,168,24,14,691
Ruby,String-matching,142,11,10,411
Ruby,Strip-whitespace-from-a-string-Top-and-tail,55,6,5,187
Ruby,Substring,108,11,10,316
Ruby,Substring-Top-and-tail,83,6,5,246
Ruby,Sum-and-product-of-an-array,80,6,3,188
Ruby,Sum-multiples-of-3-and-5,107,13,10,196
Ruby,Symmetric-difference,67,5,4,184
Ruby,Take-notes-on-the-command-line,61,7,6,173
Ruby,Temperature-conversion,589,48,39,1592
Ruby,The-Twelve-Days-of-Christmas,150,23,20,517
Ruby,Towers-of-Hanoi,247,30,18,790
Ruby,Vector-products,153,21,16,465
Rust,100-doors,121,18,17,424
Rust,100-prisoners,418,43,31,1435
Rust,24-game,739,109,93,2897
Rust,99-bottles-of-beer,198,30,26,636
Rust,ABC-problem,325,30,26,1094
Rust,Accumulator-factory,580,96,79,1927
Rust,Ackermann-function,95,15,13,236
Rust,Align-columns,557,65,59,2141
Rust,Almost-prime,249,40,35,749
Rust,Anagrams,849,43,39,2231
Rust,Anonymous-recursion,333,44,38,1033
Rust,Anti-primes,154,25,23,513
Rust,Arbitrary-precision-integers-included-,177,17,13,644
Rust,Arithmetic-Complex,144,17,13,427
Rust,Arithmetic-Integer,123,14,11,447
Rust,Arithmetic-geometric-mean,261,32,24,839
Rust,Array-concatenation,114,16,11,334
Rust,Arrays,26,6,5,57
Rust,Averages-Arithmetic-mean,138,16,12,323
Rust,Averages-Mode,279,32,27,833
Rust,Averages-Pythagorean-means,160,17,15,450
Rust,Babbage-problem,64,11,10,224
Rust,Balanced-brackets,208,41,29,862
Rust,Binary-search,114,16,15,414
Rust,Bitwise-operations,161,13,12,374
Rust,Bulls-and-cows,584,83,68,2460
Rust,CSV-data-manipulation,213,29,20,853
Rust,Caesar-cipher,293,37,28,983
Rust,Case-sensitivity-of-identifiers,47,7,6,159
Rust,Catalan-numbers,186,34,27,618
Rust,Check-that-file-exists,101,19,17,468
Rust,Classes,166,31,17,718
Rust,Comma-quibbling,133,19,17,484
Rust,Count-occurrences-of-a-substring,35,5,4,132
Rust,Create-a-two-dimensional-array-at-runtime,143,16,11,509
Rust,Create-an-HTML-table,257,27,16,849
Rust,Cumulative-standard-deviation,204,33,27,673
Rust,Date-format,43,6,5,141
Rust,Day-of-the-week,65,9,6,210
Rust,Department-numbers,118,20,18,547
Rust,Detect-division-by-zero,91,12,10,345
Rust,Determine-if-a-string-is-numeric,233,35,29,805
Rust,Digital-root,332,44,35,1101
Rust,Dot-product,277,30,24,819
Rust,Empty-string,78,10,9,278
Rust,Entropy,145,21,17,458
Rust,Ethiopian-multiplication,197,36,30,650
Rust,Even-or-odd,37,3,2,69
Rust,Factorial,103,20,17,350
Rust,Factors-of-an-integer,193,19,15,668
Rust,Fibonacci-sequence,69,13,11,244
Rust,Filter,122,13,10,396
Rust,Five-weekends,338,46,34,1110
Rust,FizzBuzz,138,19,16,456
Rust,Function-composition,73,8,7,182
Rust,Gray-code,111,19,15,341
Rust,Greatest-common-divisor,43,8,6,112
Rust,Guess-the-number,170,26,23,772
Rust,Guess-the-number-With-feedback,218,39,29,920
Rust,Hailstone-sequence,331,41,31,1158
Rust,Happy-numbers,202,38,32,550
Rust,Harshad-or-Niven-series,158,17,15,482
Rust,Haversine-formula,296,39,32,912
Rust,Horners-rule-for-polynomial-evaluation,161,21,18,452
Rust,Identity-matrix,249,42,39,887
Rust,Integer-comparison,160,20,18,535
Rust,JSON,70,10,7,285
Rust,Knapsack-problem-0-1,812,74,61,2944
Rust,Knuth-shuffle,125,22,16,382
Rust,Last-Friday-of-each-month,141,15,13,467
Rust,Leap-year,43,5,4,117
Rust,Least-common-multiple,233,24,20,567
Rust,Levenshtein-distance,320,33,27,1043
Rust,Logical-operations,108,14,12,349
Rust,Look-and-say-sequence,180,31,26,706
Rust,Loop-over-multiple-arrays-simultaneously,89,10,8,210
Rust,Loops-Break,80,17,13,304
Rust,Loops-Continue,46,11,10,169
Rust,Loops-Do-while,34,9,6,90
Rust,Loops-For,37,10,8,121
Rust,Loops-N-plus-one-half,43,11,10,155
Rust,Loops-Nested,124,23,18,445
Rust,Loops-While,37,8,7,108
Rust,Luhn-test-of-credit-card-numbers,390,50,41,1387
Rust,Map-range,240,19,16,589
Rust,Middle-three-digits,262,31,28,810
Rust,Monty-Hall-problem,217,28,22,762
Rust,Multiplication-tables,144,22,19,460
Rust,Mutual-recursion,131,26,22,354
Rust,N-queens-problem,271,34,31,881
Rust,Nth,166,21,19,463
Rust,Nth-root,145,18,12,340
Rust,Number-names,655,72,66,2230
Rust,Number-reversal-game,321,47,41,1340
Rust,Ordered-words,226,44,35,924
Rust,Palindrome-detection,168,26,23,517
Rust,Pangram-checker,537,70,48,1918
Rust,Parsing-RPN-calculator-algorithm,368,55,50,1960
Rust,Pascals-triangle,92,16,14,226
Rust,Perfect-numbers,205,22,20,642
Rust,Pi,286,38,35,865
Rust,Population-count,208,23,22,662
Rust,Power-set,226,30,24,827
Rust,Primality-by-trial-division,130,18,16,381
Rust,Priority-queue,312,49,39,1097
Rust,Range-expansion,211,27,23,848
Rust,Range-extraction,32,2,1,97
Rust,Real-constants-and-functions,178,25,13,595
Rust,Reverse-a-string,51,4,3,133
Rust,Roman-numerals-Decode,392,36,31,1170
Rust,Rot-13,114,14,12,309
Rust,Run-length-encoding,430,56,43,1784
Rust,Search-a-list,133,9,7,447
Rust,Set,192,16,13,641
Rust,Short-circuit-evaluation,109,20,17,357
Rust,Sierpinski-carpet,166,25,21,586
Rust,Sierpinski-triangle,226,38,26,869
Rust,Sieve-of-Eratosthenes,401,32,27,1199
Rust,Sleep,116,20,14,557
Rust,Sort-using-a-custom-comparator,70,6,5,208
Rust,Sorting-algorithms-Bubble-sort,207,34,24,731
Rust,Sorting-algorithms-Gnome-sort,199,27,24,597
Rust,Sorting-algorithms-Insertion-sort,75,10,9,216
Rust,Sorting-algorithms-Quicksort,426,54,43,1374
Rust,Sorting-algorithms-Selection-sort,152,30,20,526
Rust,Stack,778,110,81,2980
Rust,String-concatenation,36,8,6,121
Rust,String-matching,190,23,16,745
Rust,Strip-whitespace-from-a-string-Top-and-tail,111,9,7,412
Rust,Substring,203,21,10,689
Rust,Substring-Top-and-tail,165,29,25,576
Rust,Sum-and-product-of-an-array,152,14,9,441
Rust,Sum-digits-of-an-integer,100,19,16,371
Rust,Sum-multiples-of-3-and-5,519,37,30,1412
Rust,Symmetric-difference,84,14,11,291
Rust,Take-notes-on-the-command-line,321,45,36,1224
Rust,Temperature-conversion,170,22,19,669
Rust,The-Twelve-Days-of-Christmas,214,28,24,896
Rust,Towers-of-Hanoi,94,12,10,247
Rust,Vector-products,389,46,38,1206
Scala,100-doors,51,4,3,127
Scala,100-prisoners,372,61,51,1301
Scala,24-game,1443,155,118,5926
Scala,ABC-problem,544,51,37,1895
Scala,Accumulator-factory,49,9,8,141
Scala,Ackermann-function,51,5,4,147
Scala,Align-columns,327,29,24,1240
Scala,Almost-prime,192,17,14,470
Scala,Anagrams,70,5,4,229
Scala,Anonymous-recursion,108,10,7,234
Scala,Anti-primes,98,3,2,260
Scala,Arbitrary-precision-integers-included-,409,22,18,1127
Scala,Arithmetic-Complex,360,36,29,1177
Scala,Arithmetic-Integer,118,10,8,386
Scala,Arithmetic-geometric-mean,82,7,5,186
Scala,Array-concatenation,104,9,5,201
Scala,Arrays,72,12,4,248
Scala,Averages-Arithmetic-mean,28,2,1,84
Scala,Averages-Mode,114,11,10,354
Scala,Averages-Pythagorean-means,141,15,11,435
Scala,Babbage-problem,135,19,13,413
Scala,Balanced-brackets,165,29,23,600
Scala,Binary-search,113,10,9,332
Scala,Bitwise-operations,162,12,11,455
Scala,Bulls-and-cows,273,43,37,1126
Scala,CSV-data-manipulation,292,29,14,812
Scala,Caesar-cipher,129,13,11,400
Scala,Case-sensitivity-of-identifiers,44,5,4,139
Scala,Catalan-numbers,112,12,9,325
Scala,Check-that-file-exists,129,18,11,530
Scala,Classes,196,25,15,772
Scala,Comma-quibbling,128,14,11,381
Scala,Create-a-two-dimensional-array-at-runtime,76,11,9,226
Scala,Create-an-HTML-table,145,18,15,440
Scala,Cumulative-standard-deviation,272,27,18,863
Scala,Date-format,41,6,4,118
Scala,Day-of-the-week,208,19,13,630
Scala,Department-numbers,128,11,9,439
Scala,Detect-division-by-zero,129,24,19,444
Scala,Determine-if-a-string-is-numeric,60,4,3,128
Scala,Digital-root,192,13,11,531
Scala,Dot-product,136,16,13,361
Scala,Empty-string,70,11,7,239
Scala,Entropy,114,13,9,311
Scala,Ethiopian-multiplication,286,27,20,741
Scala,Even-or-odd,40,3,2,111
Scala,Factorial,34,7,6,81
Scala,Factors-of-an-integer,51,5,4,163
Scala,Fibonacci-sequence,63,7,6,180
Scala,Five-weekends,503,36,28,1469
Scala,FizzBuzz,87,8,6,229
Scala,Function-composition,59,8,5,160
Scala,Gray-code,106,7,5,297
Scala,Greatest-common-divisor,43,8,7,106
Scala,Guess-the-number,42,5,4,140
Scala,Guess-the-number-With-feedback,154,18,15,559
Scala,Hailstone-sequence,210,16,14,706
Scala,Happy-numbers,158,25,23,489
Scala,Harshad-or-Niven-series,64,7,5,194
Scala,Haversine-formula,175,19,14,473
Scala,Horners-rule-for-polynomial-evaluation,33,3,2,90
Scala,Identity-matrix,62,5,3,193
Scala,Integer-comparison,100,13,12,297
Scala,JSON,77,9,6,276
Scala,Knapsack-problem-0-1,1209,100,87,3400
Scala,Knuth-shuffle,66,10,9,166
Scala,Last-Friday-of-each-month,168,25,20,640
Scala,Least-common-multiple,48,3,2,104
Scala,Levenshtein-distance,335,35,27,1008
Scala,Logical-operations,82,8,6,228
Scala,Look-and-say-sequence,141,18,14,492
Scala,Loop-over-multiple-arrays-simultaneously,32,4,3,84
Scala,Loops-Break,111,20,17,377
Scala,Loops-Continue,61,3,2,140
Scala,Loops-Do-while,70,6,5,196
Scala,Loops-For,29,6,5,77
Scala,Loops-N-plus-one-half,33,10,9,79
Scala,Loops-Nested,72,10,9,227
Scala,Loops-While,50,3,2,133
Scala,Luhn-test-of-credit-card-numbers,236,27,25,779
Scala,Map-range,98,5,3,207
Scala,Middle-three-digits,246,22,12,760
Scala,Monty-Hall-problem,286,34,27,1103
Scala,Multiplication-tables,159,19,17,400
Scala,Mutual-recursion,80,8,6,197
Scala,N-queens-problem,342,50,44,1092
Scala,Nth,168,21,18,485
Scala,Nth-root,85,3,2,240
Scala,Number-names,1361,107,76,4689
Scala,Number-reversal-game,261,30,27,970
Scala,Ordered-words,177,21,11,617
Scala,Palindrome-detection,67,10,7,220
Scala,Pangram-checker,43,6,4,149
Scala,Parsing-RPN-calculator-algorithm,329,41,35,1266
Scala,Pascals-triangle,70,6,5,174
Scala,Perfect-numbers,42,2,1,125
Scala,Pi,289,37,32,814
Scala,Population-count,172,20,12,569
Scala,Power-set,79,8,7,264
Scala,Primality-by-trial-division,238,23,17,666
Scala,Priority-queue,102,10,7,364
Scala,Range-expansion,76,7,6,189
Scala,Range-extraction,279,26,22,753
Scala,Real-constants-and-functions,142,13,12,498
Scala,Reverse-a-string,128,12,11,470
Scala,Roman-numerals-Decode,351,27,19,912
Scala,Rot-13,136,13,10,363
Scala,Run-length-encoding,72,5,4,203
Scala,Search-a-list,87,4,3,295
Scala,Set,85,11,10,223
Scala,Short-circuit-evaluation,165,18,16,504
Scala,Sierpinski-carpet,87,7,5,272
Scala,Sierpinski-triangle,112,13,12,346
Scala,Sieve-of-Eratosthenes,287,23,15,908
Scala,Sleep,72,9,8,294
Scala,Sort-using-a-custom-comparator,63,5,4,160
Scala,Sorting-algorithms-Bubble-sort,127,15,13,423
Scala,Sorting-algorithms-Gnome-sort,132,14,13,302
Scala,Sorting-algorithms-Insertion-sort,70,7,6,242
Scala,Sorting-algorithms-Quicksort,76,7,6,226
Scala,Sorting-algorithms-Selection-sort,106,7,5,282
Scala,Stack,88,14,10,356
Scala,String-concatenation,78,6,4,311
Scala,String-matching,95,9,7,282
Scala,Strip-whitespace-from-a-string-Top-and-tail,174,17,12,547
Scala,Substring,296,24,10,1059
Scala,Substring-Top-and-tail,43,4,3,186
Scala,Sum-and-product-of-an-array,43,4,3,99
Scala,Sum-digits-of-an-integer,277,20,19,1001
Scala,Sum-multiples-of-3-and-5,326,22,14,872
Scala,Symmetric-difference,132,9,6,401
Scala,Take-notes-on-the-command-line,156,20,18,623
Scala,Temperature-conversion,252,28,22,793
Scala,The-Twelve-Days-of-Christmas,236,26,22,737
Scala,Towers-of-Hanoi,286,37,27,867
Scala,Vector-products,260,20,17,662
SQL,100-doors,151,24,20,346
SQL,99-bottles-of-beer,235,30,23,848
SQL,Arithmetic-Integer,83,21,9,339
SQL,Arithmetic-geometric-mean,116,14,13,263
SQL,Averages-Arithmetic-mean,38,6,3,144
SQL,Averages-Mode,174,35,32,726
SQL,Averages-Pythagorean-means,112,19,16,463
SQL,Babbage-problem,695,58,43,2312
SQL,Cumulative-standard-deviation,291,35,26,1083
SQL,Date-format,38,4,2,130
SQL,Day-of-the-week,117,11,10,310
SQL,Determine-if-a-string-is-numeric,56,8,5,167
SQL,Dot-product,34,4,3,92
SQL,Even-or-odd,80,14,10,291
SQL,Factorial,50,7,6,120
SQL,Fibonacci-sequence,85,17,13,263
SQL,Filter,86,8,7,269
SQL,FizzBuzz,91,12,11,316
SQL,Gray-code,218,33,22,634
SQL,Greatest-common-divisor,230,44,33,637
SQL,Integer-comparison,118,22,14,405
SQL,Knapsack-problem-0-1,508,47,44,1496
SQL,Last-Friday-of-each-month,56,5,4,168
SQL,Look-and-say-sequence,346,48,41,1115
SQL,Middle-three-digits,113,13,12,388
SQL,N-queens-problem,314,31,29,1042
SQL,Nth,48,8,6,158
SQL,Number-names,64,11,9,195
SQL,Palindrome-detection,33,3,2,100
SQL,Primality-by-trial-division,142,30,28,496
SQL,Range-expansion,1319,117,88,3995
SQL,Range-extraction,1934,111,83,4884
SQL,Rot-13,198,26,24,620
SQL,Run-length-encoding,410,63,59,1372
SQL,Set,383,84,42,1405
SQL,Sum-digits-of-an-integer,379,41,29,1249
SQL,Symmetric-difference,91,15,14,385
SQL,The-Twelve-Days-of-Christmas,352,36,35,1127
Swift,100-doors,149,21,13,532
Swift,100-prisoners,443,82,63,1560
Swift,24-game,428,75,57,1883
Swift,99-bottles-of-beer,71,6,5,226
Swift,ABC-problem,258,34,26,878
Swift,Accumulator-factory,56,12,10,182
Swift,Ackermann-function,68,10,9,195
Swift,Align-columns,598,87,71,2081
Swift,Almost-prime,188,36,27,544
Swift,Anagrams,272,42,30,1116
Swift,Anonymous-recursion,72,11,9,182
Swift,Anti-primes,284,55,39,880
Swift,Arithmetic-Complex,186,26,21,661
Swift,Arithmetic-Integer,63,10,8,196
Swift,Arithmetic-geometric-mean,173,32,25,448
Swift,Array-concatenation,32,4,3,71
Swift,Arrays,84,7,5,299
Swift,Averages-Arithmetic-mean,51,7,6,164
Swift,Averages-Mode,272,29,17,991
Swift,Averages-Pythagorean-means,251,34,24,833
Swift,Babbage-problem,49,9,7,159
Swift,Balanced-brackets,50,10,5,163
Swift,Binary-search,126,11,10,390
Swift,Bitwise-operations,180,16,10,593
Swift,Bulls-and-cows,420,58,46,1521
Swift,Caesar-cipher,655,83,70,2099
Swift,Case-sensitivity-of-identifiers,38,5,4,120
Swift,Catalan-numbers,87,13,11,201
Swift,Classes,62,20,9,207
Swift,Comma-quibbling,166,24,20,590
Swift,Count-occurrences-of-a-substring,63,9,6,265
Swift,Create-a-two-dimensional-array-at-runtime,168,20,14,587
Swift,Cumulative-standard-deviation,157,29,20,465
Swift,Date-format,87,12,10,393
Swift,Day-of-the-week,122,17,14,477
Swift,Department-numbers,117,18,14,332
Swift,Dot-product,58,6,4,138
Swift,Empty-string,35,7,6,113
Swift,Entropy,120,15,12,352
Swift,Ethiopian-multiplication,200,27,21,550
Swift,Even-or-odd,32,4,1,98
Swift,Factorial,28,4,3,77
Swift,Factors-of-an-integer,36,7,6,125
Swift,Fibonacci-sequence,81,10,9,250
Swift,Filter,37,4,3,100
Swift,FizzBuzz,69,13,12,206
Swift,Function-composition,60,7,5,142
Swift,Gray-code,163,23,19,467
Swift,Greatest-common-divisor,255,39,20,634
Swift,Guess-the-number,115,18,14,435
Swift,Guess-the-number-With-feedback,169,24,18,659
Swift,Hailstone-sequence,195,35,22,609
Swift,Happy-numbers,136,26,23,435
Swift,Harshad-or-Niven-series,121,17,13,376
Swift,Haversine-formula,216,19,14,555
Swift,Horners-rule-for-polynomial-evaluation,57,6,4,149
Swift,Identity-matrix,55,8,6,159
Swift,Integer-comparison,154,18,14,527
Swift,JSON,160,20,16,536
Swift,Knapsack-problem-0-1,768,61,46,2254
Swift,Knuth-shuffle,224,32,18,777
Swift,Last-Friday-of-each-month,314,49,33,1485
Swift,Leap-year,90,8,6,242
Swift,Least-common-multiple,27,4,3,72
Swift,Levenshtein-distance,171,16,12,447
Swift,Logical-operations,46,6,5,125
Swift,Look-and-say-sequence,145,29,23,456
Swift,Loop-over-multiple-arrays-simultaneously,70,8,6,138
Swift,Loops-Break,70,12,11,174
Swift,Loops-Continue,43,9,8,140
Swift,Loops-Do-while,25,6,5,63
Swift,Loops-For,31,7,6,93
Swift,Loops-N-plus-one-half,35,9,8,109
Swift,Loops-Nested,63,10,8,190
Swift,Luhn-test-of-credit-card-numbers,107,11,9,320
Swift,Map-range,123,13,9,374
Swift,Middle-three-digits,104,17,16,294
Swift,Monty-Hall-problem,205,24,15,721
Swift,Multiplication-tables,150,21,15,477
Swift,Mutual-recursion,94,17,14,224
Swift,N-queens-problem,530,58,49,1379
Swift,Nth,148,30,27,446
Swift,Nth-root,210,37,28,633
Swift,Number-names,863,135,110,2467
Swift,Ordered-words,247,29,23,902
Swift,Palindrome-detection,132,20,16,509
Swift,Pangram-checker,93,17,13,372
Swift,Parsing-RPN-calculator-algorithm,451,59,50,1798
Swift,Pascals-triangle,122,23,22,409
Swift,Perfect-numbers,71,16,14,219
Swift,Pi,217,39,28,562
Swift,Population-count,180,26,20,528
Swift,Power-set,93,16,13,318
Swift,Primality-by-trial-division,92,18,15,313
Swift,Priority-queue,549,57,52,1997
Swift,Range-extraction,399,50,42,996
Swift,Real-constants-and-functions,79,12,10,257
Swift,Reverse-a-string,35,6,5,144
Swift,Roman-numerals-Decode,184,29,27,658
Swift,Rot-13,123,17,14,410
Swift,Run-length-encoding,114,16,12,440
Swift,Search-a-list,80,9,8,275
Swift,Set,537,28,27,1408
Swift,Short-circuit-evaluation,149,27,21,423
Swift,Sierpinski-carpet,128,18,15,463
Swift,Sierpinski-triangle,264,45,37,904
Swift,Sieve-of-Eratosthenes,295,28,27,866
Swift,Sleep,71,11,8,329
Swift,Sort-using-a-custom-comparator,135,31,26,447
Swift,Sorting-algorithms-Bubble-sort,134,18,16,396
Swift,Sorting-algorithms-Gnome-sort,163,23,21,453
Swift,Sorting-algorithms-Insertion-sort,69,11,9,221
Swift,Sorting-algorithms-Quicksort,108,12,10,406
Swift,Sorting-algorithms-Selection-sort,94,20,16,350
Swift,Stack,112,27,22,436
Swift,String-concatenation,25,5,4,76
Swift,String-matching,70,10,7,269
Swift,Substring,408,58,39,1704
Swift,Substring-Top-and-tail,58,5,4,225
Swift,Sum-and-product-of-an-array,74,7,5,177
Swift,Sum-digits-of-an-integer,167,22,19,632
Swift,Sum-multiples-of-3-and-5,75,19,13,173
Swift,Symmetric-difference,75,5,4,246
Swift,Take-notes-on-the-command-line,309,42,28,1216
Swift,Temperature-conversion,152,24,17,394
Swift,The-Twelve-Days-of-Christmas,290,30,26,965
Swift,Towers-of-Hanoi,98,10,8,213
Swift,Vector-products,344,40,32,919
Tcl,100-doors,416,47,36,1327
Tcl,100-prisoners,741,108,82,2490
Tcl,24-game,552,76,60,1923
Tcl,ABC-problem,197,22,19,601
Tcl,Accumulator-factory,181,29,22,653
Tcl,Ackermann-function,81,10,9,205
Tcl,Align-columns,408,49,44,1476
Tcl,Almost-prime,286,32,27,724
Tcl,Anagrams,177,25,20,592
Tcl,Anonymous-recursion,109,11,8,304
Tcl,Anti-primes,172,24,20,400
Tcl,Arbitrary-precision-integers-included-,171,28,16,547
Tcl,Arithmetic-Complex,138,10,8,331
Tcl,Arithmetic-Integer,141,12,9,379
Tcl,Arithmetic-geometric-mean,98,11,9,222
Tcl,Array-concatenation,42,4,3,67
Tcl,Arrays,52,9,6,128
Tcl,Averages-Arithmetic-mean,78,7,6,189
Tcl,Averages-Mode,165,19,15,463
Tcl,Averages-Pythagorean-means,254,24,22,704
Tcl,Babbage-problem,1610,150,96,5983
Tcl,Balanced-brackets,236,29,25,645
Tcl,Binary-search,245,26,25,817
Tcl,Bitwise-operations,171,14,12,492
Tcl,Bulls-and-cows,652,86,76,2345
Tcl,CSV-data-manipulation,204,30,19,622
Tcl,Caesar-cipher,225,24,20,706
Tcl,Case-sensitivity-of-identifiers,33,5,4,104
Tcl,Catalan-numbers,163,20,15,480
Tcl,Check-that-file-exists,92,16,12,331
Tcl,Classes,121,23,22,403
Tcl,Comma-quibbling,81,8,6,221
Tcl,Count-occurrences-of-a-substring,67,7,6,221
Tcl,Create-a-two-dimensional-array-at-runtime,116,17,12,317
Tcl,Create-an-HTML-table,347,42,35,1093
Tcl,Cumulative-standard-deviation,209,34,31,671
Tcl,Date-format,40,4,3,117
Tcl,Day-of-the-week,77,8,6,194
Tcl,Department-numbers,334,55,36,1143
Tcl,Detect-division-by-zero,158,16,14,429
Tcl,Determine-if-a-string-is-numeric,90,18,12,269
Tcl,Digital-root,115,13,11,332
Tcl,Dot-product,77,8,6,196
Tcl,Empty-string,51,4,3,146
Tcl,Entropy,91,11,10,311
Tcl,Ethiopian-multiplication,309,31,26,951
Tcl,Even-or-odd,97,10,6,260
Tcl,Factorial,77,13,9,226
Tcl,Factors-of-an-integer,96,13,12,277
Tcl,Fibonacci-sequence,75,10,9,191
Tcl,Filter,140,17,13,360
Tcl,Five-weekends,237,23,19,779
Tcl,FizzBuzz,88,6,5,196
Tcl,Function-composition,97,11,8,234
Tcl,Gray-code,130,15,13,343
Tcl,Greatest-common-divisor,39,4,3,104
Tcl,Guess-the-number,90,14,13,313
Tcl,Guess-the-number-With-feedback,181,21,20,607
Tcl,Hailstone-sequence,181,20,17,435
Tcl,Happy-numbers,128,17,15,364
Tcl,Harshad-or-Niven-series,208,19,13,602
Tcl,Haversine-formula,222,18,13,579
Tcl,Horners-rule-for-polynomial-evaluation,55,9,8,152
Tcl,Identity-matrix,74,8,7,170
Tcl,Integer-comparison,71,9,6,194
Tcl,JSON,39,6,4,121
Tcl,Knapsack-problem-0-1,630,76,62,2031
Tcl,Knuth-shuffle,169,18,16,403
Tcl,Last-Friday-of-each-month,150,9,6,378
Tcl,Leap-year,99,8,7,214
Tcl,Least-common-multiple,90,11,10,210
Tcl,Levenshtein-distance,327,30,23,852
Tcl,Logical-operations,55,6,5,130
Tcl,Look-and-say-sequence,208,22,20,594
Tcl,Loop-over-multiple-arrays-simultaneously,49,7,6,111
Tcl,Loops-Break,52,10,9,143
Tcl,Loops-Continue,57,9,8,140
Tcl,Loops-Do-while,54,4,3,138
Tcl,Loops-For,46,5,4,133
Tcl,Loops-N-plus-one-half,91,10,8,202
Tcl,Loops-Nested,93,15,13,328
Tcl,Loops-While,31,6,5,68
Tcl,Luhn-test-of-credit-card-numbers,146,14,13,352
Tcl,Map-range,72,7,6,178
Tcl,Middle-three-digits,538,92,50,1650
Tcl,Monty-Hall-problem,587,67,47,2174
Tcl,Multiplication-tables,174,12,11,366
Tcl,Mutual-recursion,170,22,20,389
Tcl,N-queens-problem,388,48,43,898
Tcl,Nth,121,16,14,311
Tcl,Nth-root,63,6,5,141
Tcl,Number-names,627,73,64,2011
Tcl,Number-reversal-game,386,44,36,1326
Tcl,Ordered-words,200,26,19,751
Tcl,Palindrome-detection,44,4,3,127
Tcl,Pangram-checker,87,9,8,294
Tcl,Parsing-RPN-calculator-algorithm,332,50,41,1000
Tcl,Pascals-triangle,164,19,17,473
Tcl,Perfect-numbers,61,8,7,143
Tcl,Pi,322,32,28,891
Tcl,Population-count,177,15,13,403
Tcl,Power-set,92,13,12,254
Tcl,Primality-by-trial-division,89,10,9,230
Tcl,Priority-queue,114,19,14,399
Tcl,Range-expansion,120,15,13,335
Tcl,Range-extraction,245,30,27,674
Tcl,Real-constants-and-functions,126,10,9,350
Tcl,Reverse-a-string,56,11,9,182
Tcl,Roman-numerals-Decode,78,5,4,158
Tcl,Rot-13,145,11,10,338
Tcl,Run-length-encoding,108,16,13,409
Tcl,Search-a-list,100,10,9,369
Tcl,Set,250,22,14,777
Tcl,Short-circuit-evaluation,153,20,18,451
Tcl,Sierpinski-carpet,170,23,19,515
Tcl,Sierpinski-triangle,161,24,20,515
Tcl,Sieve-of-Eratosthenes,271,27,18,833
Tcl,Sleep,57,9,8,196
Tcl,Sort-using-a-custom-comparator,107,14,12,376
Tcl,Sorting-algorithms-Bubble-sort,181,22,19,509
Tcl,Sorting-algorithms-Gnome-sort,193,25,22,524
Tcl,Sorting-algorithms-Insertion-sort,179,17,14,417
Tcl,Sorting-algorithms-Quicksort,166,16,13,413
Tcl,Sorting-algorithms-Selection-sort,206,21,18,544
Tcl,Stack,204,32,30,594
Tcl,String-concatenation,36,5,4,119
Tcl,String-matching,67,4,3,251
Tcl,Strip-whitespace-from-a-string-Top-and-tail,61,6,5,193
Tcl,Substring,227,17,10,752
Tcl,Substring-Top-and-tail,60,4,3,216
Tcl,Sum-and-product-of-an-array,38,4,3,88
Tcl,Sum-digits-of-an-integer,113,16,15,322
Tcl,Sum-multiples-of-3-and-5,98,10,7,288
Tcl,Symmetric-difference,131,16,10,401
Tcl,Take-notes-on-the-command-line,111,18,13,364
Tcl,Temperature-conversion,81,8,7,203
Tcl,The-Twelve-Days-of-Christmas,190,24,22,637
Tcl,Towers-of-Hanoi,124,16,13,351
Tcl,Vector-products,183,19,18,389
TypeScript,100-doors,118,23,18,374
TypeScript,99-bottles-of-beer,126,19,17,470
TypeScript,Almost-prime,179,27,23,487
TypeScript,Averages-Arithmetic-mean,92,16,14,301
TypeScript,Balanced-brackets,376,45,38,1343
TypeScript,Caesar-cipher,155,15,11,489
TypeScript,Catalan-numbers,109,10,8,227
TypeScript,Day-of-the-week,112,11,9,311
TypeScript,Department-numbers,122,13,11,306
TypeScript,Digital-root,183,24,20,485
TypeScript,Ethiopian-multiplication,195,31,24,648
TypeScript,Function-composition,116,15,10,378
TypeScript,Gray-code,209,28,23,594
TypeScript,Greatest-common-divisor,96,18,15,248
TypeScript,Haversine-formula,255,25,16,724
TypeScript,Identity-matrix,118,15,14,377
TypeScript,Least-common-multiple,106,18,13,304
TypeScript,Levenshtein-distance,157,16,14,424
TypeScript,Loop-over-multiple-arrays-simultaneously,89,7,5,230
TypeScript,Loops-For,57,8,7,156
TypeScript,Map-range,103,15,12,244
TypeScript,Multiplication-tables,148,15,12,422
TypeScript,Nth,198,24,20,553
TypeScript,Palindrome-detection,185,18,14,718
TypeScript,Pascals-triangle,267,32,24,829
TypeScript,Pi,326,41,36,1055
TypeScript,Sorting-algorithms-Quicksort,527,65,53,1567
TypeScript,Sum-digits-of-an-integer,200,21,17,601
VBA,100-doors,561,53,40,1732
VBA,100-prisoners,1258,146,111,4539
VBA,24-game,1212,124,105,4569
VBA,ABC-problem,349,35,30,989
VBA,Ackermann-function,214,30,29,740
VBA,Align-columns,685,66,53,2125
VBA,Almost-prime,250,33,31,856
VBA,Anagrams,1635,163,139,5258
VBA,Anonymous-recursion,85,15,13,257
VBA,Anti-primes,224,31,30,735
VBA,Arithmetic-Complex,716,89,74,1993
VBA,Arithmetic-Integer,186,18,14,596
VBA,Arithmetic-geometric-mean,106,13,12,325
VBA,Array-concatenation,275,26,21,738
VBA,Arrays,206,30,23,602
VBA,Averages-Arithmetic-mean,241,29,28,677
VBA,Averages-Mode,59,8,7,153
VBA,Averages-Pythagorean-means,161,17,16,590
VBA,Babbage-problem,137,14,9,406
VBA,Balanced-brackets,436,67,54,1332
VBA,Binary-search,138,20,16,437
VBA,Bitwise-operations,181,12,11,530
VBA,Bulls-and-cows,710,74,67,2468
VBA,CSV-data-manipulation,75,8,7,237
VBA,Caesar-cipher,410,35,31,1365
VBA,Case-sensitivity-of-identifiers,92,11,7,338
VBA,Catalan-numbers,239,35,29,643
VBA,Check-that-file-exists,128,19,15,424
VBA,Classes,238,38,21,848
VBA,Comma-quibbling,162,17,14,483
VBA,Count-occurrences-of-a-substring,38,4,3,144
VBA,Create-a-two-dimensional-array-at-runtime,200,20,12,702
VBA,Create-an-HTML-table,484,55,40,1439
VBA,Date-format,32,5,4,130
VBA,Day-of-the-week,114,14,11,390
VBA,Detect-division-by-zero,113,15,12,390
VBA,Determine-if-a-string-is-numeric,145,17,15,516
VBA,Digital-root,199,26,25,646
VBA,Dot-product,57,8,6,213
VBA,Empty-string,136,18,7,516
VBA,Ethiopian-multiplication,78,9,8,297
VBA,Even-or-odd,387,39,26,1190
VBA,Factorial,230,29,25,697
VBA,Factors-of-an-integer,119,15,14,411
VBA,Fibonacci-sequence,92,13,12,278
VBA,Filter,420,48,38,1414
VBA,Five-weekends,208,23,21,679
VBA,FizzBuzz,137,20,17,410
VBA,Greatest-common-divisor,52,10,9,158
VBA,Guess-the-number,86,10,9,313
VBA,Hailstone-sequence,426,55,52,1346
VBA,Happy-numbers,239,30,25,773
VBA,Harshad-or-Niven-series,220,26,22,668
VBA,Haversine-formula,215,17,14,649
VBA,Horners-rule-for-polynomial-evaluation,68,13,10,226
VBA,Identity-matrix,65,9,8,184
VBA,Integer-comparison,129,8,7,608
VBA,Knapsack-problem-0-1,732,59,55,1918
VBA,Knuth-shuffle,522,50,48,1622
VBA,Leap-year,34,4,3,120
VBA,Least-common-multiple,84,13,12,247
VBA,Levenshtein-distance,345,42,36,1015
VBA,Look-and-say-sequence,387,50,39,1274
VBA,Loop-over-multiple-arrays-simultaneously,96,12,9,252
VBA,Loops-Break,62,11,10,223
VBA,Loops-Continue,70,13,11,290
VBA,Loops-Do-while,48,9,8,164
VBA,Loops-For,65,12,11,204
VBA,Loops-N-plus-one-half,60,9,8,180
VBA,Loops-Nested,159,21,20,503
VBA,Loops-While,46,9,8,158
VBA,Luhn-test-of-credit-card-numbers,258,28,26,749
VBA,Middle-three-digits,254,22,19,719
VBA,Monty-Hall-problem,365,39,35,1177
VBA,Multiplication-tables,215,30,24,754
VBA,Mutual-recursion,153,27,24,463
VBA,N-queens-problem,564,59,57,1826
VBA,Nth,214,21,18,658
VBA,Nth-root,253,28,27,670
VBA,Number-names,1101,115,105,3593
VBA,Number-reversal-game,468,61,55,1669
VBA,Ordered-words,608,77,56,2302
VBA,Palindrome-detection,48,6,5,197
VBA,Pangram-checker,101,15,13,332
VBA,Parsing-RPN-calculator-algorithm,595,87,71,1981
VBA,Pascals-triangle,293,31,30,874
VBA,Perfect-numbers,245,30,29,834
VBA,Population-count,295,37,35,862
VBA,Power-set,400,47,44,1466
VBA,Primality-by-trial-division,182,28,25,568
VBA,Priority-queue,614,80,79,1928
VBA,Range-expansion,347,47,35,1152
VBA,Range-extraction,716,71,60,1922
VBA,Reverse-a-string,130,15,11,457
VBA,Roman-numerals-Decode,372,35,28,1047
VBA,Run-length-encoding,308,38,34,899
VBA,Search-a-list,376,33,30,1325
VBA,Set,1028,125,107,3991
VBA,Short-circuit-evaluation,234,34,32,779
VBA,Sierpinski-carpet,171,24,21,522
VBA,Sierpinski-triangle,117,17,16,363
VBA,Sieve-of-Eratosthenes,160,32,16,447
VBA,Sleep,49,6,5,196
VBA,Sorting-algorithms-Bubble-sort,222,28,26,724
VBA,Sorting-algorithms-Gnome-sort,198,26,24,586
VBA,Sorting-algorithms-Insertion-sort,196,23,21,587
VBA,Sorting-algorithms-Quicksort,539,64,53,1606
VBA,Sorting-algorithms-Selection-sort,98,19,17,252
VBA,Stack,218,38,21,794
VBA,String-concatenation,79,12,9,270
VBA,String-matching,334,32,24,1245
VBA,Strip-whitespace-from-a-string-Top-and-tail,103,12,7,373
VBA,Substring,209,24,11,729
VBA,Sum-and-product-of-an-array,73,7,6,214
VBA,Sum-multiples-of-3-and-5,135,13,12,363
VBA,Temperature-conversion,296,25,21,952
VBA,The-Twelve-Days-of-Christmas,181,17,16,532
VBA,Vector-products,328,27,22,1021
Visual Basic (.Net),100-doors,124,20,14,420
Visual Basic (.Net),100-prisoners,428,66,52,1772
Visual Basic (.Net),Align-columns,729,66,55,2986
Visual Basic (.Net),Almost-prime,282,45,39,1243
Visual Basic (.Net),Anagrams,476,65,45,1704
Visual Basic (.Net),Anti-primes,195,36,29,742
Visual Basic (.Net),Arbitrary-precision-integers-included-,581,44,36,1837
Visual Basic (.Net),Arithmetic-Integer,120,15,14,376
Visual Basic (.Net),Arithmetic-geometric-mean,504,37,30,1656
Visual Basic (.Net),Array-concatenation,63,6,4,168
Visual Basic (.Net),Arrays,317,32,17,1122
Visual Basic (.Net),Averages-Pythagorean-means,202,29,21,773
Visual Basic (.Net),Babbage-problem,178,27,20,680
Visual Basic (.Net),Balanced-brackets,378,45,36,1536
Visual Basic (.Net),Binary-search,132,18,14,474
Visual Basic (.Net),Bitwise-operations,84,9,8,240
Visual Basic (.Net),Bulls-and-cows,473,57,48,1999
Visual Basic (.Net),Caesar-cipher,229,32,24,895
Visual Basic (.Net),Catalan-numbers,534,75,60,1978
Visual Basic (.Net),Check-that-file-exists,152,14,8,714
Visual Basic (.Net),Classes,130,30,22,488
Visual Basic (.Net),Comma-quibbling,316,42,34,1367
Visual Basic (.Net),Count-occurrences-of-a-substring,184,21,19,724
Visual Basic (.Net),Create-a-two-dimensional-array-at-runtime,105,15,11,407
Visual Basic (.Net),Create-an-HTML-table,225,37,33,990
Visual Basic (.Net),Department-numbers,146,23,20,615
Visual Basic (.Net),Detect-division-by-zero,83,16,13,345
Visual Basic (.Net),Determine-if-a-string-is-numeric,25,6,4,89
Visual Basic (.Net),Digital-root,168,21,17,672
Visual Basic (.Net),Dot-product,81,13,9,282
Visual Basic (.Net),Empty-string,1337,130,40,6274
Visual Basic (.Net),Even-or-odd,235,31,12,727
Visual Basic (.Net),Factorial,530,52,34,1821
Visual Basic (.Net),Fibonacci-sequence,242,29,26,792
Visual Basic (.Net),Filter,259,42,32,1132
Visual Basic (.Net),Guess-the-number,179,25,22,829
Visual Basic (.Net),Hailstone-sequence,325,43,30,1217
Visual Basic (.Net),Happy-numbers,384,41,37,1277
Visual Basic (.Net),Haversine-formula,954,53,32,2520
Visual Basic (.Net),Horners-rule-for-polynomial-evaluation,85,12,8,306
Visual Basic (.Net),Integer-comparison,139,22,15,534
Visual Basic (.Net),Knapsack-problem-0-1,939,84,78,3047
Visual Basic (.Net),Leap-year,69,10,7,229
Visual Basic (.Net),Levenshtein-distance,254,21,20,883
Visual Basic (.Net),Logical-operations,104,9,8,343
Visual Basic (.Net),Loop-over-multiple-arrays-simultaneously,193,19,15,567
Visual Basic (.Net),Loops-Break,98,17,12,439
Visual Basic (.Net),Loops-Continue,44,9,8,142
Visual Basic (.Net),Loops-Do-while,30,6,5,72
Visual Basic (.Net),Loops-For,37,7,6,121
Visual Basic (.Net),Loops-N-plus-one-half,31,6,5,94
Visual Basic (.Net),Loops-Nested,69,11,10,284
Visual Basic (.Net),Loops-While,48,10,9,162
Visual Basic (.Net),Luhn-test-of-credit-card-numbers,142,11,10,467
Visual Basic (.Net),N-queens-problem,598,62,60,2139
Visual Basic (.Net),Number-names,295,29,25,1069
Visual Basic (.Net),Palindrome-detection,71,13,9,292
Visual Basic (.Net),Pascals-triangle,353,43,35,1645
Visual Basic (.Net),Pi,427,37,32,1518
Visual Basic (.Net),Population-count,536,52,38,1668
Visual Basic (.Net),Reverse-a-string,435,58,45,1954
Visual Basic (.Net),Rot-13,141,24,17,647
Visual Basic (.Net),Short-circuit-evaluation,233,30,23,804
Visual Basic (.Net),Sieve-of-Eratosthenes,176,17,16,700
Visual Basic (.Net),Sleep,58,9,8,296
Visual Basic (.Net),Sort-using-a-custom-comparator,122,19,15,522
Visual Basic (.Net),Sorting-algorithms-Bubble-sort,108,13,12,369
Visual Basic (.Net),String-concatenation,27,5,4,88
Visual Basic (.Net),Sum-and-product-of-an-array,64,8,7,227
Visual Basic (.Net),Take-notes-on-the-command-line,129,20,18,601
Visual Basic (.Net),The-Twelve-Days-of-Christmas,260,32,27,1013
Visual Basic (.Net),Towers-of-Hanoi,150,14,12,509
Visual Basic (.Net),Vector-products,434,59,49,1509
Zig,100-doors,134,18,15,470
Zig,100-prisoners,894,129,101,4220
Zig,24-game,1161,154,124,4374
Zig,99-bottles-of-beer,221,23,22,719
Zig,ABC-problem,617,55,46,1656
Zig,Ackermann-function,169,18,15,431
Zig,Anti-primes,1418,161,148,5432
Zig,Arbitrary-precision-integers-included-,151,15,11,474
Zig,Arithmetic-Integer,404,27,22,1157
Zig,Array-concatenation,247,24,16,721
Zig,Arrays,358,33,17,989
Zig,Averages-Arithmetic-mean,186,19,14,456
Zig,Babbage-problem,128,15,13,381
Zig,Balanced-brackets,314,42,36,1054
Zig,Binary-search,223,23,17,751
Zig,Caesar-cipher,224,24,20,648
Zig,Case-sensitivity-of-identifiers,69,10,7,222
Zig,Count-occurrences-of-a-substring,43,8,6,144
Zig,Cumulative-standard-deviation,188,22,16,527
Zig,Department-numbers,152,15,12,472
Zig,Determine-if-a-string-is-numeric,426,33,29,1199
Zig,Dot-product,94,10,7,244
Zig,Empty-string,93,13,10,311
Zig,Entropy,167,23,18,482
Zig,Ethiopian-multiplication,251,37,25,784
Zig,Factorial,334,28,25,1032
Zig,Factors-of-an-integer,315,44,33,1131
Zig,Fibonacci-sequence,98,15,12,269
Zig,FizzBuzz,123,16,14,367
Zig,Gray-code,490,65,48,1543
Zig,Greatest-common-divisor,120,10,9,339
Zig,Happy-numbers,245,37,33,699
Zig,Haversine-formula,516,52,32,1553
Zig,Knapsack-problem-0-1,1119,110,88,3645
Zig,Leap-year,331,36,14,1155
Zig,Levenshtein-distance,375,35,19,1170
Zig,Loop-over-multiple-arrays-simultaneously,154,14,11,398
Zig,Loops-Break,185,26,20,613
Zig,Loops-Continue,100,15,13,338
Zig,Loops-Do-while,144,16,10,527
Zig,Loops-For,70,12,10,245
Zig,Loops-N-plus-one-half,101,14,13,337
Zig,Loops-Nested,290,39,29,999
Zig,Loops-While,76,11,8,216
Zig,Monty-Hall-problem,273,30,23,885
Zig,Mutual-recursion,144,16,13,355
Zig,N-queens-problem,324,41,36,1002
Zig,Parsing-RPN-calculator-algorithm,469,58,44,1777
Zig,Perfect-numbers,245,30,26,721
Zig,Priority-queue,644,83,61,2536
Zig,Real-constants-and-functions,229,15,13,629
Zig,Rot-13,429,63,51,1541
Zig,Run-length-encoding,964,130,108,3393
Zig,Sierpinski-triangle,117,14,12,360
Zig,Sieve-of-Eratosthenes,232,31,27,773
Zig,Sleep,60,12,8,211
Zig,Sort-using-a-custom-comparator,304,39,28,1082
Zig,Sorting-algorithms-Quicksort,255,28,21,855
Zig,String-concatenation,250,32,16,901
Zig,Sum-and-product-of-an-array,95,12,11,261
Zig,Sum-multiples-of-3-and-5,378,38,31,1138
Zig,Towers-of-Hanoi,144,21,16,407
